movement_id,date_id,terminal_id,vessel_id,cargo_type,container_count,move_duration,shift,is_anomaly,anomaly_score
1,2020-01-01,42,32,Machinery,922,472.99,Day,0,0.133
2,2020-01-01,6,330,Electronics,358,523.96,Day,0,0.19
3,2020-01-01,36,333,Textiles,1186,493.39,Night,0,0.238
4,2020-01-01,8,565,Machinery,1024,593.89,Day,0,0.124
5,2020-01-01,30,409,Vehicles,294,489.06,Night,0,0.286
6,2020-01-01,44,486,Electronics,274,541.48,Day,0,0.029
7,2020-01-01,24,134,Textiles,1250,436.17,Day,0,0.262
8,2020-01-01,28,53,Textiles,739,467.15,Night,0,0.173
9,2020-01-01,14,159,Chemicals,321,449.31,Night,0,0.084
10,2020-01-02,28,575,Textiles,1447,592.16,Day,0,0.08
11,2020-01-02,12,280,Food,818,610.98,Night,0,0.12
12,2020-01-02,10,32,Vehicles,1186,507.88,Day,0,0.126
13,2020-01-02,22,162,Food,764,506.16,Night,0,0.016
14,2020-01-02,11,633,Vehicles,267,465.79,Day,0,0.199
15,2020-01-02,32,622,Machinery,659,544.25,Night,0,0.033
16,2020-01-02,44,608,Textiles,1466,587.14,Night,0,0.066
17,2020-01-03,4,8,Food,532,512.72,Day,0,0.036
18,2020-01-03,32,441,Chemicals,878,436.75,Day,0,0.069
19,2020-01-03,36,363,Machinery,186,451.02,Day,0,0.094
20,2020-01-03,28,588,Vehicles,1411,553.96,Night,0,0.035
21,2020-01-03,2,333,Raw Materials,1365,453.61,Day,0,0.131
22,2020-01-03,7,250,Textiles,920,527.83,Night,0,0.119
23,2020-01-03,20,348,Food,444,575.31,Day,0,0.058
24,2020-01-03,23,360,Chemicals,310,537.8,Day,0,0.059
25,2020-01-03,39,157,Chemicals,1386,421.87,Day,0,0.135
26,2020-01-03,37,331,Chemicals,1000,509.35,Night,0,0.133
27,2020-01-04,18,606,Food,1139,1491.01,Day,1,0.786
28,2020-01-04,42,93,Machinery,1288,514.49,Night,0,0.238
29,2020-01-04,3,461,Food,1339,491.18,Day,0,0.031
30,2020-01-04,22,87,Electronics,607,500.48,Day,0,0.297
31,2020-01-04,34,536,Food,863,582.2,Day,0,0.204
32,2020-01-04,4,343,Food,293,488.82,Day,0,0.116
33,2020-01-04,17,618,Food,266,499.2,Day,0,0.29
34,2020-01-04,45,402,Textiles,273,488.36,Day,0,0.113
35,2020-01-05,22,131,Vehicles,1473,463.82,Day,0,0.054
36,2020-01-05,14,350,Chemicals,563,527.22,Night,0,0.046
37,2020-01-05,19,104,Vehicles,789,553.42,Day,0,0.046
38,2020-01-05,12,170,Electronics,941,451.59,Night,0,0.216
39,2020-01-05,29,626,Raw Materials,1019,536.6,Night,0,0.235
40,2020-01-05,13,377,Machinery,677,533.7,Night,0,0.151
41,2020-01-05,27,166,Raw Materials,1338,541.35,Day,0,0.262
42,2020-01-05,36,106,Food,271,521.49,Day,0,0.082
43,2020-01-05,33,151,Electronics,554,538.13,Night,0,0.124
44,2020-01-05,26,515,Chemicals,890,412.03,Night,0,0.112
45,2020-01-05,2,327,Raw Materials,1431,1726.74,Day,1,0.842
46,2020-01-05,9,481,Textiles,110,522.91,Night,0,0.006
47,2020-01-06,10,562,Electronics,690,525.48,Night,0,0.192
48,2020-01-06,40,469,Electronics,1123,534.04,Day,0,0.005
49,2020-01-06,33,589,Vehicles,394,529.67,Day,0,0.171
50,2020-01-06,12,88,Electronics,1177,499.42,Night,0,0.236
51,2020-01-06,33,568,Machinery,1062,588.74,Day,0,0.224
52,2020-01-06,23,70,Chemicals,1445,514.71,Night,0,0.231
53,2020-01-06,22,137,Food,1218,471.09,Day,0,0.205
54,2020-01-07,31,187,Electronics,1037,1317.52,Day,1,0.937
55,2020-01-07,3,324,Textiles,915,577.53,Night,0,0.226
56,2020-01-07,13,293,Raw Materials,197,500.8,Night,0,0.1
57,2020-01-07,8,377,Machinery,1000,542.14,Night,0,0.149
58,2020-01-07,32,377,Raw Materials,269,469.45,Night,0,0.024
59,2020-01-07,39,185,Food,310,544.27,Night,0,0.181
60,2020-01-07,28,171,Food,1015,1773.66,Night,1,0.806
61,2020-01-07,28,282,Electronics,1474,496.24,Day,0,0.204
62,2020-01-07,2,147,Electronics,358,455.4,Night,0,0.234
63,2020-01-07,24,371,Textiles,166,435.12,Night,0,0.112
64,2020-01-07,5,588,Textiles,851,485.47,Day,0,0.195
65,2020-01-08,8,27,Machinery,1160,456.55,Day,0,0.078
66,2020-01-08,29,220,Vehicles,1105,562.56,Night,0,0.041
67,2020-01-08,5,463,Vehicles,1011,607.8,Day,0,0.296
68,2020-01-08,43,356,Textiles,1210,510.93,Day,0,0.09
69,2020-01-08,11,179,Textiles,559,515.06,Night,0,0.237
70,2020-01-08,2,370,Machinery,1229,530.68,Night,0,0.265
71,2020-01-08,5,317,Vehicles,1080,432.55,Night,0,0.022
72,2020-01-09,42,76,Machinery,1492,484.21,Night,0,0.039
73,2020-01-09,36,602,Raw Materials,364,422.79,Day,0,0.037
74,2020-01-09,10,312,Chemicals,760,563.5,Day,0,0.068
75,2020-01-09,34,291,Food,502,477.95,Day,0,0.091
76,2020-01-09,35,96,Textiles,1289,458.67,Day,0,0.198
77,2020-01-09,39,346,Raw Materials,158,612.96,Day,0,0.079
78,2020-01-09,14,586,Textiles,1408,1960.36,Night,1,0.864
79,2020-01-09,42,310,Chemicals,931,494.89,Night,0,0.132
80,2020-01-10,30,209,Textiles,394,529.95,Night,0,0.216
81,2020-01-10,23,409,Raw Materials,858,489.69,Day,0,0.037
82,2020-01-10,29,254,Electronics,203,518.3,Day,0,0.115
83,2020-01-10,40,429,Raw Materials,427,551.11,Day,0,0.057
84,2020-01-10,11,511,Machinery,731,399.56,Night,0,0.027
85,2020-01-10,26,518,Chemicals,540,496.37,Night,0,0.179
86,2020-01-10,42,482,Textiles,116,484.66,Night,0,0.129
87,2020-01-10,17,375,Food,192,440.56,Night,0,0.166
88,2020-01-10,5,396,Raw Materials,1226,550.47,Night,0,0.297
89,2020-01-11,40,122,Electronics,906,394.39,Day,0,0.11
90,2020-01-11,10,204,Textiles,182,1347.57,Night,1,0.8
91,2020-01-11,31,532,Chemicals,1341,552.64,Night,0,0.096
92,2020-01-11,26,632,Textiles,788,513.51,Night,0,0.153
93,2020-01-11,32,577,Machinery,134,474.27,Night,0,0.175
94,2020-01-11,45,28,Food,1442,549.7,Night,0,0.233
95,2020-01-11,37,234,Textiles,1083,549.35,Day,0,0.252
96,2020-01-11,10,249,Textiles,325,577.46,Day,0,0.132
97,2020-01-11,27,156,Vehicles,517,419.9,Night,0,0.262
98,2020-01-11,4,142,Textiles,765,546.8,Day,0,0.144
99,2020-01-11,25,322,Machinery,1191,502.23,Day,0,0.216
100,2020-01-12,45,271,Chemicals,604,539.6,Night,0,0.09
101,2020-01-12,20,296,Vehicles,1101,499.52,Day,0,0.239
102,2020-01-12,18,295,Textiles,1485,561.71,Day,0,0.269
103,2020-01-12,26,354,Food,186,491.72,Day,0,0.133
104,2020-01-12,17,491,Chemicals,1203,594.41,Day,0,0.169
105,2020-01-12,18,141,Textiles,1301,504.45,Day,0,0.068
106,2020-01-12,15,54,Machinery,776,520.81,Day,0,0.03
107,2020-01-12,9,6,Machinery,1437,602.23,Day,0,0.06
108,2020-01-12,19,329,Vehicles,221,461.57,Night,0,0.027
109,2020-01-12,37,238,Chemicals,955,540.01,Day,0,0.299
110,2020-01-12,26,508,Vehicles,692,499.31,Day,0,0.003
111,2020-01-13,39,110,Food,1030,551.9,Night,0,0.282
112,2020-01-13,33,480,Chemicals,330,497.52,Night,0,0.219
113,2020-01-13,42,264,Electronics,790,528.81,Day,0,0.053
114,2020-01-13,41,416,Textiles,771,439.01,Night,0,0.201
115,2020-01-13,12,144,Food,608,544.07,Night,0,0.08
116,2020-01-13,22,310,Food,1438,520.79,Day,0,0.071
117,2020-01-13,43,122,Food,427,434.47,Night,0,0.211
118,2020-01-13,20,121,Food,1358,532.36,Night,0,0.287
119,2020-01-13,31,157,Vehicles,1340,452.62,Night,0,0.227
120,2020-01-13,43,224,Vehicles,1320,574.68,Day,0,0.025
121,2020-01-14,34,371,Textiles,329,570.59,Day,0,0.172
122,2020-01-14,10,169,Raw Materials,1165,520.88,Night,0,0.204
123,2020-01-14,46,598,Electronics,1145,509.61,Night,0,0.125
124,2020-01-14,37,60,Vehicles,731,491.09,Night,0,0.119
125,2020-01-14,1,224,Electronics,967,512.51,Day,0,0.28
126,2020-01-14,5,484,Food,937,529.56,Day,0,0.041
127,2020-01-14,42,431,Machinery,1018,577.9,Night,0,0.205
128,2020-01-14,43,553,Vehicles,812,451.64,Day,0,0.298
129,2020-01-14,26,542,Vehicles,556,582.34,Day,0,0.139
130,2020-01-15,35,435,Raw Materials,570,427.3,Night,0,0.104
131,2020-01-15,18,194,Electronics,1452,433.23,Day,0,0.005
132,2020-01-15,14,69,Textiles,168,534.34,Day,0,0.202
133,2020-01-15,4,251,Machinery,998,525.07,Day,0,0.017
134,2020-01-15,33,297,Raw Materials,1279,559.37,Day,0,0.179
135,2020-01-15,44,329,Food,393,569.47,Day,0,0.083
136,2020-01-15,36,606,Vehicles,1490,528.35,Day,0,0.149
137,2020-01-15,23,391,Vehicles,952,467.87,Night,0,0.161
138,2020-01-15,16,231,Raw Materials,395,522.71,Night,0,0.274
139,2020-01-15,36,423,Textiles,1185,526.87,Night,0,0.194
140,2020-01-15,29,380,Textiles,490,539.34,Day,0,0.113
141,2020-01-16,39,41,Chemicals,1303,488.8,Day,0,0.261
142,2020-01-16,22,311,Chemicals,489,451.3,Day,0,0.035
143,2020-01-16,31,249,Machinery,590,440.46,Day,0,0.16
144,2020-01-16,23,316,Food,1150,485.47,Night,0,0.14
145,2020-01-16,31,328,Food,740,467.48,Day,0,0.044
146,2020-01-16,17,567,Food,412,550.52,Night,0,0.069
147,2020-01-16,37,252,Textiles,1440,555.29,Night,0,0.147
148,2020-01-16,42,503,Chemicals,821,485.18,Night,0,0.216
149,2020-01-16,32,189,Textiles,169,508.42,Day,0,0.015
150,2020-01-16,1,423,Raw Materials,1391,503.46,Day,0,0.212
151,2020-01-17,14,518,Food,223,445.16,Night,0,0.145
152,2020-01-17,32,17,Textiles,1229,463.09,Day,0,0.005
153,2020-01-17,18,549,Electronics,1128,553.67,Night,0,0.273
154,2020-01-17,7,99,Chemicals,493,428.48,Day,0,0.076
155,2020-01-17,23,274,Electronics,864,564.46,Night,0,0.209
156,2020-01-17,20,83,Electronics,930,491.33,Day,0,0.166
157,2020-01-18,41,10,Electronics,1123,544.9,Day,0,0.293
158,2020-01-18,7,541,Chemicals,532,474.65,Day,0,0.208
159,2020-01-18,37,487,Electronics,252,479.78,Night,0,0.197
160,2020-01-18,12,323,Chemicals,1302,483.0,Day,0,0.246
161,2020-01-18,26,79,Chemicals,1254,513.02,Night,0,0.269
162,2020-01-18,22,394,Raw Materials,260,599.29,Day,0,0.292
163,2020-01-19,7,448,Raw Materials,255,464.87,Day,0,0.119
164,2020-01-19,21,31,Raw Materials,1022,567.72,Night,0,0.107
165,2020-01-19,25,443,Vehicles,1299,508.17,Day,0,0.239
166,2020-01-19,46,76,Food,415,478.28,Day,0,0.235
167,2020-01-19,10,399,Food,318,597.5,Night,0,0.228
168,2020-01-19,7,136,Chemicals,982,573.8,Day,0,0.166
169,2020-01-20,7,27,Food,1235,562.29,Day,0,0.116
170,2020-01-20,19,424,Raw Materials,273,535.84,Night,0,0.168
171,2020-01-20,16,586,Vehicles,879,551.46,Day,0,0.044
172,2020-01-20,11,446,Machinery,713,538.65,Night,0,0.023
173,2020-01-20,17,253,Textiles,1362,522.75,Night,0,0.285
174,2020-01-20,22,636,Raw Materials,774,546.6,Night,0,0.129
175,2020-01-20,42,609,Food,756,467.57,Day,0,0.053
176,2020-01-20,26,327,Vehicles,1396,473.9,Night,0,0.173
177,2020-01-20,16,334,Food,904,430.5,Night,0,0.299
178,2020-01-21,44,564,Vehicles,1045,614.97,Day,0,0.063
179,2020-01-21,19,71,Vehicles,1122,520.71,Night,0,0.046
180,2020-01-21,28,387,Machinery,1324,554.22,Day,0,0.12
181,2020-01-21,33,429,Raw Materials,836,493.59,Day,0,0.274
182,2020-01-21,7,255,Chemicals,1425,431.13,Night,0,0.169
183,2020-01-21,42,410,Raw Materials,981,515.68,Night,0,0.224
184,2020-01-21,36,595,Machinery,866,542.98,Day,0,0.232
185,2020-01-22,45,513,Food,150,459.1,Day,0,0.026
186,2020-01-22,10,357,Food,1032,512.04,Night,0,0.156
187,2020-01-22,23,488,Machinery,1026,494.68,Day,0,0.035
188,2020-01-22,22,112,Vehicles,599,541.59,Day,0,0.166
189,2020-01-22,22,574,Machinery,574,537.47,Night,0,0.197
190,2020-01-22,26,30,Machinery,1312,446.29,Day,0,0.001
191,2020-01-22,14,211,Raw Materials,228,421.77,Night,0,0.11
192,2020-01-22,13,469,Food,1473,474.26,Day,0,0.158
193,2020-01-22,41,321,Textiles,903,466.98,Night,0,0.185
194,2020-01-22,44,305,Vehicles,374,482.25,Day,0,0.072
195,2020-01-23,12,383,Textiles,895,487.98,Day,0,0.056
196,2020-01-23,41,551,Textiles,441,539.39,Day,0,0.042
197,2020-01-23,21,462,Raw Materials,835,570.4,Day,0,0.115
198,2020-01-23,36,518,Machinery,1107,487.57,Night,0,0.252
199,2020-01-23,32,172,Textiles,163,1203.36,Day,1,0.787
200,2020-01-23,30,580,Textiles,1146,498.22,Night,0,0.034
201,2020-01-24,35,376,Raw Materials,1003,367.38,Day,0,0.249
202,2020-01-24,16,305,Machinery,638,469.46,Day,0,0.245
203,2020-01-24,29,121,Chemicals,1304,477.67,Day,0,0.128
204,2020-01-24,40,143,Raw Materials,523,399.57,Day,0,0.171
205,2020-01-24,35,288,Food,699,499.89,Day,0,0.296
206,2020-01-24,44,98,Raw Materials,942,534.76,Day,0,0.298
207,2020-01-24,42,130,Chemicals,399,467.49,Day,0,0.203
208,2020-01-24,32,146,Vehicles,948,411.49,Night,0,0.023
209,2020-01-24,6,413,Vehicles,855,453.97,Night,0,0.261
210,2020-01-24,6,470,Raw Materials,229,513.04,Night,0,0.119
211,2020-01-24,28,217,Food,761,537.36,Night,0,0.17
212,2020-01-24,32,352,Electronics,303,469.33,Day,0,0.251
213,2020-01-25,8,162,Machinery,101,544.42,Night,0,0.273
214,2020-01-25,42,310,Raw Materials,661,504.2,Day,0,0.108
215,2020-01-25,6,381,Electronics,911,459.09,Day,0,0.129
216,2020-01-25,6,98,Chemicals,1076,447.75,Day,0,0.178
217,2020-01-25,34,456,Electronics,803,581.73,Day,0,0.04
218,2020-01-25,5,235,Electronics,309,366.71,Night,0,0.11
219,2020-01-26,9,392,Vehicles,1486,1664.68,Day,1,0.832
220,2020-01-26,14,156,Textiles,1006,538.88,Night,0,0.026
221,2020-01-26,7,144,Textiles,886,475.17,Day,0,0.074
222,2020-01-26,42,87,Textiles,1330,541.9,Day,0,0.182
223,2020-01-26,45,28,Chemicals,1160,466.5,Night,0,0.194
224,2020-01-26,16,507,Electronics,593,478.96,Night,0,0.178
225,2020-01-26,34,13,Food,370,422.2,Night,0,0.164
226,2020-01-26,12,483,Electronics,1302,581.13,Day,0,0.079
227,2020-01-27,4,408,Vehicles,1126,517.54,Night,0,0.192
228,2020-01-27,35,631,Food,271,473.03,Day,0,0.153
229,2020-01-27,14,160,Machinery,1301,431.48,Night,0,0.02
230,2020-01-27,45,448,Electronics,600,436.59,Day,0,0.13
231,2020-01-27,30,627,Food,1464,538.15,Day,0,0.212
232,2020-01-27,45,12,Machinery,810,411.52,Day,0,0.235
233,2020-01-28,17,171,Chemicals,650,487.87,Night,0,0.101
234,2020-01-28,28,279,Food,1280,505.33,Day,0,0.149
235,2020-01-28,33,369,Machinery,1260,541.29,Day,0,0.268
236,2020-01-28,44,119,Vehicles,1142,1734.83,Day,1,0.704
237,2020-01-28,3,484,Machinery,407,1778.79,Night,1,0.914
238,2020-01-28,42,430,Food,608,621.22,Day,0,0.216
239,2020-01-28,18,80,Electronics,1128,484.71,Night,0,0.155
240,2020-01-28,3,411,Machinery,678,499.45,Day,0,0.093
241,2020-01-28,6,567,Electronics,855,544.49,Night,0,0.187
242,2020-01-28,30,378,Raw Materials,500,567.99,Night,0,0.164
243,2020-01-28,16,155,Machinery,148,500.8,Day,0,0.263
244,2020-01-29,1,386,Electronics,520,547.05,Night,0,0.071
245,2020-01-29,32,62,Vehicles,673,598.7,Day,0,0.156
246,2020-01-29,45,382,Vehicles,273,551.68,Night,0,0.152
247,2020-01-29,41,404,Textiles,1262,577.99,Day,0,0.088
248,2020-01-29,21,403,Food,1027,533.03,Night,0,0.022
249,2020-01-29,13,140,Chemicals,316,527.31,Day,0,0.161
250,2020-01-29,14,463,Machinery,642,549.02,Night,0,0.027
251,2020-01-29,44,312,Chemicals,771,558.45,Day,0,0.119
252,2020-01-30,44,307,Raw Materials,456,1475.38,Night,1,0.836
253,2020-01-30,36,256,Machinery,308,1676.49,Day,1,0.995
254,2020-01-30,9,203,Food,1390,492.47,Night,0,0.025
255,2020-01-30,38,266,Electronics,232,529.3,Day,0,0.028
256,2020-01-30,22,126,Machinery,203,565.54,Day,0,0.172
257,2020-01-30,26,509,Machinery,1499,484.38,Day,0,0.082
258,2020-01-31,10,36,Vehicles,704,521.02,Day,0,0.265
259,2020-01-31,31,63,Food,884,530.44,Day,0,0.158
260,2020-01-31,41,557,Machinery,835,554.37,Day,0,0.234
261,2020-01-31,23,580,Machinery,653,538.83,Night,0,0.269
262,2020-01-31,18,60,Textiles,832,530.05,Night,0,0.3
263,2020-01-31,11,103,Vehicles,593,492.59,Day,0,0.017
264,2020-01-31,15,590,Food,455,610.9,Night,0,0.178
265,2020-01-31,45,368,Vehicles,820,566.98,Day,0,0.056
266,2020-01-31,32,556,Chemicals,1104,1073.1,Night,1,0.88
267,2020-02-01,34,490,Food,1357,531.26,Day,0,0.276
268,2020-02-01,21,61,Chemicals,1301,534.58,Day,0,0.042
269,2020-02-01,8,539,Electronics,865,503.29,Night,0,0.101
270,2020-02-01,21,140,Vehicles,994,434.72,Day,0,0.288
271,2020-02-01,42,325,Vehicles,1250,476.78,Day,0,0.067
272,2020-02-01,38,180,Food,703,379.73,Night,0,0.219
273,2020-02-02,37,401,Chemicals,1333,472.18,Day,0,0.192
274,2020-02-02,7,509,Food,259,592.56,Day,0,0.295
275,2020-02-02,11,91,Machinery,123,481.36,Night,0,0.077
276,2020-02-02,7,2,Machinery,997,546.13,Day,0,0.291
277,2020-02-02,27,505,Food,1218,450.86,Night,0,0.173
278,2020-02-02,44,231,Machinery,250,569.53,Day,0,0.01
279,2020-02-02,2,327,Electronics,251,447.96,Night,0,0.023
280,2020-02-02,6,347,Vehicles,163,588.21,Night,0,0.196
281,2020-02-02,39,445,Electronics,307,433.24,Day,0,0.166
282,2020-02-02,35,272,Food,586,618.79,Night,0,0.118
283,2020-02-02,36,503,Electronics,838,531.54,Day,0,0.188
284,2020-02-03,13,100,Chemicals,449,494.15,Day,0,0.293
285,2020-02-03,31,119,Raw Materials,914,397.63,Night,0,0.193
286,2020-02-03,25,190,Machinery,856,517.38,Night,0,0.013
287,2020-02-03,29,477,Chemicals,650,484.23,Night,0,0.029
288,2020-02-03,43,353,Raw Materials,1307,490.08,Night,0,0.018
289,2020-02-03,25,536,Textiles,1072,499.32,Night,0,0.118
290,2020-02-03,46,36,Electronics,1019,480.22,Day,0,0.295
291,2020-02-03,14,198,Electronics,967,565.62,Day,0,0.247
292,2020-02-03,10,610,Food,237,557.36,Night,0,0.167
293,2020-02-04,21,283,Raw Materials,125,517.4,Night,0,0.126
294,2020-02-04,27,154,Textiles,1304,446.43,Day,0,0.289
295,2020-02-04,7,109,Raw Materials,685,573.4,Day,0,0.079
296,2020-02-04,42,498,Electronics,452,418.83,Night,0,0.043
297,2020-02-04,39,412,Machinery,778,498.48,Day,0,0.081
298,2020-02-04,24,21,Raw Materials,720,474.95,Night,0,0.253
299,2020-02-04,45,101,Chemicals,715,548.09,Day,0,0.081
300,2020-02-04,27,620,Chemicals,1004,535.56,Day,0,0.247
301,2020-02-04,32,529,Raw Materials,215,470.01,Night,0,0.152
302,2020-02-04,9,537,Chemicals,494,526.07,Day,0,0.06
303,2020-02-05,16,34,Electronics,838,482.38,Night,0,0.152
304,2020-02-05,41,127,Chemicals,862,458.37,Day,0,0.134
305,2020-02-05,31,601,Food,434,545.18,Night,0,0.027
306,2020-02-05,2,396,Chemicals,1271,488.95,Day,0,0.064
307,2020-02-05,15,231,Food,1434,510.61,Day,0,0.23
308,2020-02-05,1,486,Vehicles,454,515.71,Day,0,0.003
309,2020-02-06,39,313,Machinery,871,539.63,Night,0,0.091
310,2020-02-06,34,407,Electronics,1147,475.21,Day,0,0.29
311,2020-02-06,24,575,Food,321,468.39,Night,0,0.098
312,2020-02-06,18,268,Chemicals,407,504.55,Night,0,0.072
313,2020-02-06,4,615,Vehicles,754,494.2,Night,0,0.299
314,2020-02-06,17,429,Machinery,172,425.84,Night,0,0.298
315,2020-02-06,13,352,Vehicles,1194,474.56,Day,0,0.108
316,2020-02-06,20,175,Food,299,455.79,Day,0,0.222
317,2020-02-07,36,188,Vehicles,282,493.09,Night,0,0.126
318,2020-02-07,22,381,Textiles,702,536.68,Night,0,0.035
319,2020-02-07,4,598,Machinery,498,434.55,Day,0,0.09
320,2020-02-07,4,155,Chemicals,801,505.11,Day,0,0.171
321,2020-02-07,30,147,Raw Materials,469,507.1,Night,0,0.053
322,2020-02-07,41,60,Machinery,660,436.83,Day,0,0.232
323,2020-02-07,37,163,Raw Materials,280,515.9,Night,0,0.129
324,2020-02-07,31,393,Electronics,1193,562.36,Day,0,0.112
325,2020-02-07,1,330,Electronics,1485,605.85,Day,0,0.263
326,2020-02-07,20,133,Machinery,1130,503.16,Day,0,0.05
327,2020-02-07,3,306,Machinery,1165,473.97,Night,0,0.299
328,2020-02-08,32,368,Chemicals,926,1150.18,Day,1,0.995
329,2020-02-08,14,23,Electronics,850,479.96,Day,0,0.192
330,2020-02-08,35,50,Vehicles,321,410.32,Day,0,0.006
331,2020-02-08,45,119,Machinery,878,517.86,Night,0,0.062
332,2020-02-08,44,10,Machinery,1455,525.4,Night,0,0.156
333,2020-02-08,40,621,Machinery,314,450.34,Day,0,0.235
334,2020-02-08,32,204,Raw Materials,638,518.34,Day,0,0.292
335,2020-02-08,23,420,Chemicals,180,389.67,Night,0,0.144
336,2020-02-09,1,14,Electronics,1275,474.14,Day,0,0.045
337,2020-02-09,6,524,Vehicles,307,568.23,Day,0,0.293
338,2020-02-09,17,476,Electronics,457,471.03,Day,0,0.256
339,2020-02-09,24,321,Vehicles,337,1883.21,Night,1,0.899
340,2020-02-09,11,337,Machinery,1373,561.49,Night,0,0.22
341,2020-02-09,24,351,Electronics,920,468.28,Day,0,0.207
342,2020-02-09,31,432,Electronics,371,547.2,Day,0,0.018
343,2020-02-10,11,107,Textiles,1088,521.02,Night,0,0.114
344,2020-02-10,23,627,Raw Materials,367,453.18,Day,0,0.146
345,2020-02-10,27,452,Electronics,635,514.07,Day,0,0.157
346,2020-02-10,37,579,Vehicles,792,524.35,Day,0,0.206
347,2020-02-10,40,98,Vehicles,609,410.85,Night,0,0.045
348,2020-02-10,36,628,Electronics,1417,538.88,Day,0,0.152
349,2020-02-10,31,508,Electronics,1106,505.16,Day,0,0.152
350,2020-02-10,36,388,Raw Materials,581,539.64,Night,0,0.133
351,2020-02-10,37,459,Raw Materials,1120,489.34,Day,0,0.196
352,2020-02-10,7,414,Electronics,1241,514.22,Night,0,0.248
353,2020-02-10,39,634,Textiles,1251,544.49,Night,0,0.109
354,2020-02-10,4,229,Food,1247,584.75,Night,0,0.18
355,2020-02-11,43,373,Electronics,299,491.51,Night,0,0.249
356,2020-02-11,19,561,Vehicles,317,1076.35,Night,1,0.742
357,2020-02-11,46,420,Food,1351,519.66,Day,0,0.065
358,2020-02-11,13,347,Raw Materials,948,1587.91,Day,1,0.902
359,2020-02-11,8,462,Vehicles,1306,540.04,Night,0,0.159
360,2020-02-11,4,567,Raw Materials,1298,521.97,Night,0,0.152
361,2020-02-11,12,593,Vehicles,362,587.46,Day,0,0.097
362,2020-02-11,25,429,Food,914,566.08,Day,0,0.291
363,2020-02-11,29,137,Machinery,1333,491.47,Day,0,0.21
364,2020-02-11,21,567,Chemicals,529,448.59,Day,0,0.087
365,2020-02-11,23,136,Textiles,1211,492.89,Day,0,0.106
366,2020-02-12,38,585,Vehicles,1193,477.24,Night,0,0.254
367,2020-02-12,1,536,Electronics,880,580.83,Day,0,0.225
368,2020-02-12,11,294,Chemicals,227,559.51,Night,0,0.089
369,2020-02-12,35,34,Raw Materials,1026,571.99,Night,0,0.259
370,2020-02-12,42,575,Chemicals,1146,578.02,Night,0,0.24
371,2020-02-12,19,49,Machinery,953,624.54,Night,0,0.166
372,2020-02-12,1,258,Textiles,1007,483.71,Day,0,0.273
373,2020-02-12,46,377,Raw Materials,496,491.55,Day,0,0.056
374,2020-02-12,12,527,Machinery,183,538.38,Day,0,0.167
375,2020-02-13,11,599,Electronics,776,1390.09,Night,1,0.879
376,2020-02-13,41,631,Machinery,1272,550.94,Night,0,0.022
377,2020-02-13,46,326,Chemicals,1166,571.76,Day,0,0.161
378,2020-02-13,6,358,Chemicals,1458,546.62,Day,0,0.108
379,2020-02-13,14,634,Textiles,1429,604.52,Night,0,0.271
380,2020-02-13,40,250,Vehicles,757,513.33,Day,0,0.239
381,2020-02-13,8,396,Textiles,679,566.58,Night,0,0.154
382,2020-02-14,29,499,Food,1434,531.16,Day,0,0.154
383,2020-02-14,7,172,Vehicles,234,518.73,Day,0,0.206
384,2020-02-14,7,211,Vehicles,247,572.55,Night,0,0.046
385,2020-02-14,30,340,Electronics,250,602.09,Day,0,0.172
386,2020-02-14,15,265,Machinery,1023,537.06,Night,0,0.13
387,2020-02-14,2,399,Textiles,112,460.26,Day,0,0.176
388,2020-02-14,45,75,Textiles,317,427.4,Night,0,0.206
389,2020-02-14,39,89,Raw Materials,996,936.29,Night,1,0.766
390,2020-02-14,26,559,Vehicles,395,586.8,Night,0,0.266
391,2020-02-14,42,383,Textiles,1236,517.32,Day,0,0.118
392,2020-02-15,6,313,Vehicles,804,533.27,Day,0,0.272
393,2020-02-15,33,146,Chemicals,552,479.34,Day,0,0.201
394,2020-02-15,37,56,Vehicles,1225,464.02,Night,0,0.202
395,2020-02-15,17,101,Vehicles,1289,459.77,Day,0,0.197
396,2020-02-15,7,292,Chemicals,750,526.2,Day,0,0.099
397,2020-02-15,43,314,Textiles,1260,489.57,Day,0,0.001
398,2020-02-15,16,227,Food,836,538.41,Night,0,0.22
399,2020-02-15,31,474,Food,725,488.58,Night,0,0.025
400,2020-02-15,18,144,Food,1383,510.64,Day,0,0.023
401,2020-02-15,2,520,Raw Materials,1291,441.1,Day,0,0.011
402,2020-02-16,35,553,Vehicles,404,477.41,Night,0,0.067
403,2020-02-16,38,298,Machinery,1126,467.39,Day,0,0.199
404,2020-02-16,40,170,Machinery,426,493.77,Day,0,0.285
405,2020-02-16,43,150,Food,182,491.78,Night,0,0.111
406,2020-02-16,3,212,Machinery,1061,567.13,Night,0,0.264
407,2020-02-16,3,332,Vehicles,1167,496.47,Day,0,0.174
408,2020-02-16,37,179,Vehicles,875,457.26,Night,0,0.196
409,2020-02-16,5,530,Machinery,556,456.66,Night,0,0.146
410,2020-02-17,39,7,Machinery,439,487.3,Day,0,0.154
411,2020-02-17,18,217,Chemicals,422,463.01,Day,0,0.069
412,2020-02-17,22,117,Vehicles,1080,555.23,Night,0,0.177
413,2020-02-17,42,421,Chemicals,188,548.18,Day,0,0.154
414,2020-02-17,37,151,Chemicals,628,542.79,Day,0,0.155
415,2020-02-17,26,614,Vehicles,1455,595.19,Day,0,0.182
416,2020-02-17,31,494,Chemicals,941,407.44,Day,0,0.238
417,2020-02-17,12,524,Chemicals,801,564.27,Night,0,0.113
418,2020-02-17,9,112,Chemicals,1170,480.37,Day,0,0.151
419,2020-02-18,10,621,Chemicals,1074,589.23,Day,0,0.159
420,2020-02-18,8,96,Vehicles,366,455.69,Night,0,0.162
421,2020-02-18,1,442,Food,188,485.73,Night,0,0.145
422,2020-02-18,25,359,Machinery,374,466.4,Day,0,0.23
423,2020-02-18,6,291,Food,487,1639.86,Night,1,0.856
424,2020-02-18,25,211,Machinery,841,516.99,Night,0,0.128
425,2020-02-18,38,260,Raw Materials,1197,462.16,Night,0,0.204
426,2020-02-18,14,424,Chemicals,858,526.47,Night,0,0.145
427,2020-02-18,20,592,Raw Materials,915,511.73,Night,0,0.224
428,2020-02-19,45,166,Chemicals,1141,406.04,Day,0,0.102
429,2020-02-19,36,629,Chemicals,896,534.08,Day,0,0.044
430,2020-02-19,39,446,Electronics,638,504.14,Day,0,0.024
431,2020-02-19,3,394,Textiles,1443,432.27,Night,0,0.284
432,2020-02-19,12,507,Electronics,513,490.9,Night,0,0.279
433,2020-02-19,34,293,Electronics,1327,455.12,Day,0,0.202
434,2020-02-19,24,245,Chemicals,277,507.04,Day,0,0.234
435,2020-02-19,23,405,Textiles,510,416.75,Night,0,0.027
436,2020-02-19,19,573,Food,666,515.37,Night,0,0.289
437,2020-02-20,26,589,Food,458,511.23,Day,0,0.088
438,2020-02-20,8,526,Textiles,1277,524.54,Night,0,0.133
439,2020-02-20,25,577,Raw Materials,598,535.56,Night,0,0.138
440,2020-02-20,38,29,Electronics,628,358.69,Night,0,0.19
441,2020-02-20,15,236,Machinery,823,496.43,Night,0,0.074
442,2020-02-20,6,409,Electronics,1235,510.33,Night,0,0.143
443,2020-02-20,23,224,Chemicals,1499,545.4,Night,0,0.07
444,2020-02-20,16,272,Chemicals,515,499.12,Day,0,0.251
445,2020-02-20,23,160,Electronics,260,459.94,Day,0,0.229
446,2020-02-21,3,494,Textiles,745,435.88,Night,0,0.296
447,2020-02-21,37,282,Chemicals,1146,497.11,Night,0,0.016
448,2020-02-21,28,490,Textiles,811,552.66,Day,0,0.206
449,2020-02-21,12,469,Vehicles,1161,1023.64,Day,1,0.874
450,2020-02-21,21,371,Chemicals,1223,524.21,Night,0,0.081
451,2020-02-21,40,352,Chemicals,1121,451.23,Night,0,0.11
452,2020-02-21,26,287,Chemicals,1270,543.17,Night,0,0.173
453,2020-02-21,15,103,Raw Materials,582,397.42,Night,0,0.24
454,2020-02-21,10,485,Chemicals,963,484.82,Day,0,0.299
455,2020-02-21,41,530,Raw Materials,1096,481.59,Night,0,0.12
456,2020-02-22,11,62,Raw Materials,620,561.26,Day,0,0.189
457,2020-02-22,29,343,Food,837,406.01,Night,0,0.006
458,2020-02-22,8,360,Textiles,1279,474.89,Day,0,0.162
459,2020-02-22,19,364,Vehicles,1145,426.79,Night,0,0.114
460,2020-02-22,19,475,Raw Materials,443,517.49,Day,0,0.279
461,2020-02-22,27,628,Raw Materials,246,561.14,Night,0,0.196
462,2020-02-22,46,274,Food,1011,530.19,Night,0,0.282
463,2020-02-22,38,534,Machinery,442,517.78,Night,0,0.199
464,2020-02-22,45,82,Chemicals,913,508.07,Day,0,0.019
465,2020-02-22,31,562,Electronics,913,374.41,Day,0,0.185
466,2020-02-22,6,400,Chemicals,606,475.91,Night,0,0.133
467,2020-02-23,9,540,Electronics,171,475.88,Day,0,0.143
468,2020-02-23,35,279,Chemicals,1204,424.55,Night,0,0.179
469,2020-02-23,41,578,Textiles,1410,495.11,Night,0,0.162
470,2020-02-23,6,453,Food,944,469.95,Night,0,0.091
471,2020-02-23,1,536,Food,687,527.03,Day,0,0.284
472,2020-02-23,31,307,Raw Materials,981,529.25,Day,0,0.179
473,2020-02-23,1,562,Chemicals,943,565.6,Night,0,0.214
474,2020-02-24,25,388,Food,262,479.81,Day,0,0.072
475,2020-02-24,40,279,Vehicles,1189,527.98,Night,0,0.055
476,2020-02-24,19,114,Textiles,1027,443.05,Night,0,0.187
477,2020-02-24,13,329,Chemicals,201,521.5,Day,0,0.085
478,2020-02-24,9,449,Chemicals,284,507.34,Day,0,0.148
479,2020-02-24,22,431,Raw Materials,1120,564.36,Night,0,0.099
480,2020-02-24,10,58,Raw Materials,903,492.97,Night,0,0.141
481,2020-02-24,13,257,Raw Materials,125,560.69,Night,0,0.231
482,2020-02-24,29,254,Chemicals,1043,588.21,Day,0,0.028
483,2020-02-24,43,214,Machinery,1495,627.89,Night,0,0.218
484,2020-02-24,36,534,Food,1085,500.54,Day,0,0.06
485,2020-02-25,43,224,Chemicals,1396,511.98,Day,0,0.175
486,2020-02-25,26,249,Electronics,1290,532.8,Day,0,0.143
487,2020-02-25,39,159,Raw Materials,283,482.9,Night,0,0.102
488,2020-02-25,41,62,Food,1420,560.01,Day,0,0.161
489,2020-02-25,7,129,Chemicals,748,584.04,Night,0,0.242
490,2020-02-25,29,198,Vehicles,873,494.75,Day,0,0.04
491,2020-02-26,32,449,Textiles,1103,524.4,Night,0,0.22
492,2020-02-26,18,614,Electronics,1187,562.83,Day,0,0.089
493,2020-02-26,17,555,Machinery,101,526.94,Night,0,0.265
494,2020-02-26,40,373,Food,229,439.15,Day,0,0.162
495,2020-02-26,25,195,Raw Materials,1229,527.35,Night,0,0.097
496,2020-02-26,7,536,Electronics,365,563.77,Day,0,0.009
497,2020-02-27,32,197,Electronics,1269,477.95,Day,0,0.187
498,2020-02-27,38,263,Food,552,471.01,Day,0,0.021
499,2020-02-27,14,504,Machinery,1408,573.28,Day,0,0.125
500,2020-02-27,24,60,Textiles,183,507.71,Night,0,0.25
501,2020-02-27,5,222,Electronics,573,487.41,Day,0,0.075
502,2020-02-27,41,184,Vehicles,316,476.06,Night,0,0.173
503,2020-02-28,30,438,Chemicals,469,460.77,Day,0,0.16
504,2020-02-28,39,454,Food,1226,485.36,Night,0,0.097
505,2020-02-28,24,423,Raw Materials,762,451.83,Night,0,0.23
506,2020-02-28,17,369,Machinery,913,957.69,Night,1,0.785
507,2020-02-28,2,531,Food,113,518.71,Day,0,0.007
508,2020-02-28,45,283,Electronics,177,540.68,Day,0,0.047
509,2020-02-28,17,376,Chemicals,624,520.81,Day,0,0.275
510,2020-02-28,5,333,Chemicals,1099,495.68,Night,0,0.207
511,2020-02-28,37,98,Electronics,1280,426.89,Night,0,0.1
512,2020-02-28,28,427,Raw Materials,564,576.14,Day,0,0.255
513,2020-02-28,1,392,Food,1173,578.31,Day,0,0.151
514,2020-02-29,10,52,Machinery,1318,517.67,Night,0,0.027
515,2020-02-29,28,297,Chemicals,370,477.16,Night,0,0.164
516,2020-02-29,17,88,Textiles,989,540.54,Night,0,0.039
517,2020-02-29,9,493,Machinery,909,496.85,Day,0,0.221
518,2020-02-29,16,249,Food,980,492.2,Day,0,0.277
519,2020-02-29,6,116,Machinery,848,472.61,Night,0,0.007
520,2020-02-29,20,174,Textiles,1005,533.7,Night,0,0.132
521,2020-03-01,15,205,Chemicals,275,518.74,Night,0,0.278
522,2020-03-01,19,15,Vehicles,327,499.68,Night,0,0.141
523,2020-03-01,22,215,Chemicals,1219,480.77,Day,0,0.219
524,2020-03-01,10,19,Textiles,1458,494.5,Night,0,0.077
525,2020-03-01,4,291,Raw Materials,1365,516.94,Day,0,0.02
526,2020-03-01,43,278,Raw Materials,320,1815.35,Night,1,0.895
527,2020-03-01,15,390,Food,1092,553.4,Day,0,0.15
528,2020-03-01,30,575,Electronics,606,486.48,Day,0,0.091
529,2020-03-01,32,403,Electronics,810,499.96,Day,0,0.299
530,2020-03-01,33,283,Vehicles,627,479.6,Day,0,0.267
531,2020-03-01,2,569,Chemicals,410,491.36,Night,0,0.219
532,2020-03-01,34,628,Machinery,592,575.14,Day,0,0.128
533,2020-03-02,39,338,Textiles,369,507.57,Night,0,0.24
534,2020-03-02,9,317,Machinery,397,545.53,Day,0,0.169
535,2020-03-02,11,326,Textiles,1191,548.86,Day,0,0.264
536,2020-03-02,2,327,Machinery,721,501.74,Night,0,0.28
537,2020-03-02,41,281,Raw Materials,484,537.97,Day,0,0.184
538,2020-03-02,18,621,Textiles,575,545.97,Day,0,0.008
539,2020-03-02,6,489,Textiles,1338,451.26,Day,0,0.116
540,2020-03-02,31,141,Chemicals,563,1627.21,Day,1,0.705
541,2020-03-03,27,228,Raw Materials,518,622.37,Day,0,0.26
542,2020-03-03,32,333,Chemicals,975,564.99,Night,0,0.013
543,2020-03-03,25,321,Textiles,1271,470.43,Night,0,0.236
544,2020-03-03,34,112,Machinery,186,463.19,Night,0,0.074
545,2020-03-03,35,406,Textiles,893,1067.84,Day,1,0.819
546,2020-03-03,20,293,Chemicals,965,505.61,Night,0,0.276
547,2020-03-03,45,530,Machinery,1423,437.31,Day,0,0.234
548,2020-03-03,45,560,Machinery,946,552.44,Day,0,0.007
549,2020-03-04,38,207,Electronics,612,471.12,Night,0,0.049
550,2020-03-04,8,94,Vehicles,1020,572.07,Day,0,0.026
551,2020-03-04,46,394,Machinery,1227,447.72,Day,0,0.17
552,2020-03-04,43,154,Raw Materials,396,552.65,Day,0,0.214
553,2020-03-04,27,316,Vehicles,1013,511.26,Night,0,0.288
554,2020-03-04,1,260,Machinery,1119,550.32,Day,0,0.163
555,2020-03-04,1,623,Chemicals,544,476.7,Night,0,0.024
556,2020-03-04,39,7,Textiles,669,464.29,Day,0,0.167
557,2020-03-04,14,51,Chemicals,212,485.71,Day,0,0.2
558,2020-03-05,39,306,Electronics,200,483.42,Night,0,0.298
559,2020-03-05,11,292,Machinery,1285,519.33,Day,0,0.097
560,2020-03-05,25,70,Raw Materials,1227,516.57,Night,0,0.141
561,2020-03-05,8,282,Textiles,947,432.6,Night,0,0.033
562,2020-03-05,41,542,Machinery,1338,524.58,Day,0,0.296
563,2020-03-05,19,438,Food,1176,445.99,Night,0,0.184
564,2020-03-05,32,533,Machinery,468,493.36,Night,0,0.07
565,2020-03-05,19,199,Electronics,149,411.2,Day,0,0.062
566,2020-03-05,40,425,Electronics,783,514.26,Night,0,0.242
567,2020-03-05,14,12,Vehicles,676,495.69,Day,0,0.165
568,2020-03-05,1,117,Food,911,514.74,Night,0,0.185
569,2020-03-05,2,180,Food,792,554.85,Day,0,0.011
570,2020-03-06,31,160,Raw Materials,1199,473.7,Night,0,0.139
571,2020-03-06,27,58,Textiles,1488,478.75,Night,0,0.206
572,2020-03-06,23,68,Food,163,552.81,Day,0,0.113
573,2020-03-06,35,170,Chemicals,1318,561.8,Night,0,0.257
574,2020-03-06,46,33,Machinery,277,538.47,Night,0,0.071
575,2020-03-06,29,310,Textiles,719,1244.78,Day,1,0.728
576,2020-03-06,33,26,Textiles,415,535.49,Night,0,0.277
577,2020-03-07,34,318,Chemicals,301,564.45,Night,0,0.04
578,2020-03-07,3,471,Vehicles,1169,404.53,Night,0,0.093
579,2020-03-07,3,609,Food,1056,556.91,Day,0,0.224
580,2020-03-07,2,592,Vehicles,529,504.68,Night,0,0.058
581,2020-03-07,18,546,Raw Materials,1003,508.26,Night,0,0.034
582,2020-03-07,40,574,Chemicals,1211,492.91,Day,0,0.096
583,2020-03-07,10,291,Chemicals,245,473.5,Day,0,0.015
584,2020-03-07,2,483,Electronics,885,612.39,Day,0,0.128
585,2020-03-07,12,611,Textiles,828,486.32,Night,0,0.201
586,2020-03-07,35,81,Textiles,369,569.1,Night,0,0.241
587,2020-03-07,45,480,Machinery,735,472.36,Day,0,0.07
588,2020-03-08,10,632,Food,902,455.6,Night,0,0.275
589,2020-03-08,22,333,Machinery,161,526.1,Night,0,0.254
590,2020-03-08,19,357,Textiles,310,516.07,Day,0,0.214
591,2020-03-08,7,334,Raw Materials,718,467.79,Day,0,0.186
592,2020-03-08,36,163,Machinery,235,468.46,Night,0,0.244
593,2020-03-08,38,442,Textiles,800,466.68,Night,0,0.023
594,2020-03-08,46,588,Electronics,1312,510.19,Night,0,0.098
595,2020-03-09,29,181,Machinery,242,435.36,Night,0,0.246
596,2020-03-09,21,507,Electronics,545,463.57,Day,0,0.266
597,2020-03-09,41,1,Vehicles,405,452.94,Day,0,0.134
598,2020-03-09,14,325,Textiles,1491,526.2,Night,0,0.283
599,2020-03-09,28,353,Textiles,116,463.72,Day,0,0.256
600,2020-03-09,4,379,Electronics,1246,479.24,Day,0,0.108
601,2020-03-10,19,32,Machinery,1308,467.78,Day,0,0.114
602,2020-03-10,35,217,Machinery,384,537.12,Day,0,0.115
603,2020-03-10,24,428,Food,1472,519.4,Day,0,0.043
604,2020-03-10,32,448,Electronics,381,521.68,Day,0,0.125
605,2020-03-10,30,619,Textiles,468,477.14,Night,0,0.115
606,2020-03-10,15,191,Textiles,115,498.55,Night,0,0.254
607,2020-03-10,16,514,Machinery,1218,1356.89,Night,1,0.811
608,2020-03-10,38,494,Chemicals,1178,502.11,Day,0,0.295
609,2020-03-10,18,477,Textiles,1349,567.58,Day,0,0.288
610,2020-03-10,5,553,Textiles,208,553.01,Night,0,0.161
611,2020-03-10,1,481,Textiles,1060,468.14,Night,0,0.293
612,2020-03-10,19,297,Electronics,1323,497.87,Day,0,0.218
613,2020-03-11,17,63,Textiles,446,422.81,Night,0,0.221
614,2020-03-11,2,294,Electronics,359,469.59,Night,0,0.255
615,2020-03-11,18,259,Textiles,675,509.92,Day,0,0.181
616,2020-03-11,38,155,Food,459,524.04,Night,0,0.21
617,2020-03-11,32,186,Food,272,567.28,Day,0,0.251
618,2020-03-11,27,393,Vehicles,1001,508.0,Day,0,0.05
619,2020-03-11,37,354,Vehicles,641,504.67,Day,0,0.12
620,2020-03-11,20,488,Machinery,1499,492.33,Day,0,0.142
621,2020-03-11,10,544,Electronics,691,575.48,Night,0,0.289
622,2020-03-11,44,43,Textiles,1405,479.9,Day,0,0.253
623,2020-03-12,42,280,Food,646,513.75,Night,0,0.138
624,2020-03-12,44,248,Textiles,791,476.52,Day,0,0.298
625,2020-03-12,21,561,Vehicles,117,525.33,Day,0,0.031
626,2020-03-12,29,360,Vehicles,680,509.04,Day,0,0.01
627,2020-03-12,40,95,Textiles,1444,527.82,Day,0,0.037
628,2020-03-12,8,89,Machinery,1444,486.19,Day,0,0.194
629,2020-03-12,12,114,Food,703,385.15,Day,0,0.277
630,2020-03-12,18,438,Food,431,524.94,Night,0,0.083
631,2020-03-12,4,392,Food,223,494.84,Night,0,0.021
632,2020-03-12,13,625,Chemicals,1421,623.27,Night,0,0.043
633,2020-03-13,28,224,Machinery,630,538.8,Day,0,0.075
634,2020-03-13,29,20,Chemicals,1437,520.33,Night,0,0.28
635,2020-03-13,43,400,Chemicals,775,549.53,Night,0,0.282
636,2020-03-13,32,490,Machinery,243,466.3,Night,0,0.001
637,2020-03-13,45,494,Textiles,1196,551.59,Day,0,0.12
638,2020-03-13,41,93,Textiles,796,465.85,Night,0,0.138
639,2020-03-13,19,208,Textiles,180,581.69,Day,0,0.117
640,2020-03-13,7,368,Electronics,1395,494.9,Night,0,0.057
641,2020-03-13,3,198,Vehicles,1314,508.88,Day,0,0.193
642,2020-03-13,32,547,Electronics,175,571.08,Night,0,0.101
643,2020-03-13,3,416,Chemicals,1439,496.85,Day,0,0.262
644,2020-03-13,10,594,Electronics,175,482.89,Day,0,0.147
645,2020-03-14,31,634,Chemicals,1428,1396.01,Day,1,0.938
646,2020-03-14,30,626,Raw Materials,1310,567.28,Day,0,0.245
647,2020-03-14,8,510,Electronics,515,426.2,Day,0,0.204
648,2020-03-14,21,124,Food,536,538.36,Day,0,0.178
649,2020-03-14,22,65,Food,389,499.43,Day,0,0.05
650,2020-03-14,16,596,Chemicals,304,498.94,Day,0,0.19
651,2020-03-15,11,17,Electronics,113,602.95,Night,0,0.178
652,2020-03-15,19,427,Vehicles,359,504.32,Night,0,0.192
653,2020-03-15,34,462,Chemicals,457,499.03,Night,0,0.15
654,2020-03-15,6,309,Machinery,109,493.23,Night,0,0.058
655,2020-03-15,34,98,Raw Materials,1205,445.35,Night,0,0.062
656,2020-03-15,4,199,Raw Materials,405,501.2,Day,0,0.291
657,2020-03-15,31,510,Chemicals,1472,536.21,Day,0,0.063
658,2020-03-15,17,343,Electronics,313,493.65,Night,0,0.277
659,2020-03-15,12,162,Machinery,1154,590.36,Day,0,0.178
660,2020-03-16,27,204,Chemicals,325,581.99,Night,0,0.029
661,2020-03-16,27,205,Chemicals,250,456.15,Night,0,0.043
662,2020-03-16,40,466,Machinery,864,516.92,Day,0,0.216
663,2020-03-16,41,368,Chemicals,787,550.24,Night,0,0.041
664,2020-03-16,30,470,Chemicals,803,561.55,Night,0,0.089
665,2020-03-16,11,627,Textiles,1232,549.15,Day,0,0.147
666,2020-03-16,14,606,Raw Materials,1047,507.57,Night,0,0.219
667,2020-03-16,16,254,Machinery,1286,535.12,Night,0,0.274
668,2020-03-17,27,46,Machinery,1132,1755.31,Day,1,0.844
669,2020-03-17,45,101,Machinery,592,556.96,Night,0,0.122
670,2020-03-17,14,136,Food,589,534.49,Night,0,0.027
671,2020-03-17,31,313,Vehicles,1040,1556.57,Day,1,0.932
672,2020-03-17,46,416,Raw Materials,858,446.95,Day,0,0.211
673,2020-03-17,1,73,Vehicles,781,450.41,Night,0,0.209
674,2020-03-18,35,590,Raw Materials,265,514.35,Day,0,0.101
675,2020-03-18,4,528,Electronics,327,1171.0,Night,1,0.894
676,2020-03-18,46,69,Chemicals,785,532.64,Day,0,0.034
677,2020-03-18,31,595,Raw Materials,561,491.1,Day,0,0.127
678,2020-03-18,4,65,Food,1026,594.88,Night,0,0.158
679,2020-03-18,8,482,Machinery,1371,461.55,Night,0,0.293
680,2020-03-18,5,193,Electronics,264,547.8,Night,0,0.054
681,2020-03-18,5,112,Food,329,484.43,Day,0,0.156
682,2020-03-18,41,24,Machinery,1497,436.97,Night,0,0.04
683,2020-03-18,23,431,Vehicles,1420,1741.24,Night,1,0.95
684,2020-03-19,42,344,Textiles,802,509.23,Night,0,0.236
685,2020-03-19,32,608,Machinery,722,434.67,Night,0,0.237
686,2020-03-19,15,496,Food,196,449.17,Night,0,0.085
687,2020-03-19,11,634,Vehicles,1196,510.41,Day,0,0.208
688,2020-03-19,43,158,Chemicals,339,1546.54,Day,1,0.738
689,2020-03-19,17,379,Chemicals,1251,495.12,Day,0,0.044
690,2020-03-19,29,553,Textiles,717,469.94,Day,0,0.007
691,2020-03-19,32,149,Food,419,579.2,Night,0,0.099
692,2020-03-19,46,303,Food,1274,507.15,Night,0,0.24
693,2020-03-19,29,347,Vehicles,1080,544.88,Day,0,0.092
694,2020-03-20,40,226,Food,289,480.21,Night,0,0.182
695,2020-03-20,13,598,Raw Materials,669,540.78,Day,0,0.203
696,2020-03-20,6,525,Chemicals,1104,526.13,Night,0,0.182
697,2020-03-20,4,370,Chemicals,975,472.02,Night,0,0.105
698,2020-03-20,29,575,Chemicals,1009,571.52,Day,0,0.125
699,2020-03-20,29,296,Raw Materials,968,517.2,Day,0,0.179
700,2020-03-20,10,213,Machinery,1175,461.51,Night,0,0.02
701,2020-03-20,38,385,Electronics,938,480.18,Day,0,0.139
702,2020-03-20,37,141,Chemicals,881,464.57,Day,0,0.147
703,2020-03-21,20,600,Machinery,1245,522.88,Night,0,0.046
704,2020-03-21,20,484,Vehicles,1463,481.2,Day,0,0.125
705,2020-03-21,32,251,Electronics,667,389.64,Day,0,0.109
706,2020-03-21,31,580,Raw Materials,628,532.68,Night,0,0.143
707,2020-03-21,45,123,Textiles,1278,529.41,Night,0,0.044
708,2020-03-21,30,139,Chemicals,208,498.74,Night,0,0.126
709,2020-03-21,23,50,Food,1184,487.09,Night,0,0.188
710,2020-03-21,7,614,Textiles,760,516.38,Day,0,0.248
711,2020-03-21,44,309,Vehicles,842,556.7,Night,0,0.004
712,2020-03-21,34,289,Raw Materials,1093,552.34,Night,0,0.276
713,2020-03-21,11,105,Chemicals,1130,514.53,Day,0,0.184
714,2020-03-21,34,545,Machinery,1043,568.81,Day,0,0.035
715,2020-03-22,2,492,Food,842,542.4,Night,0,0.157
716,2020-03-22,22,177,Electronics,342,531.57,Night,0,0.257
717,2020-03-22,10,233,Chemicals,529,524.02,Night,0,0.235
718,2020-03-22,5,20,Raw Materials,983,1112.86,Night,1,0.938
719,2020-03-22,33,608,Machinery,343,549.86,Day,0,0.003
720,2020-03-22,7,127,Textiles,509,492.15,Day,0,0.105
721,2020-03-22,6,150,Textiles,812,434.95,Night,0,0.184
722,2020-03-23,37,70,Raw Materials,1284,583.45,Day,0,0.159
723,2020-03-23,46,197,Chemicals,1200,568.8,Night,0,0.276
724,2020-03-23,46,487,Vehicles,1307,508.76,Night,0,0.202
725,2020-03-23,7,186,Machinery,968,503.38,Night,0,0.295
726,2020-03-23,8,478,Textiles,378,546.51,Day,0,0.108
727,2020-03-23,19,571,Electronics,771,484.51,Day,0,0.221
728,2020-03-23,44,455,Textiles,934,509.14,Day,0,0.257
729,2020-03-23,13,72,Vehicles,852,567.42,Night,0,0.032
730,2020-03-23,29,536,Electronics,393,699.24,Day,0,0.209
731,2020-03-23,7,173,Food,507,469.19,Day,0,0.037
732,2020-03-24,28,512,Raw Materials,1291,569.23,Night,0,0.227
733,2020-03-24,42,410,Machinery,1465,462.02,Night,0,0.084
734,2020-03-24,30,111,Food,1102,481.99,Day,0,0.189
735,2020-03-24,9,31,Vehicles,208,1197.55,Day,1,0.881
736,2020-03-24,21,157,Textiles,1376,449.12,Night,0,0.023
737,2020-03-24,34,505,Chemicals,701,481.81,Night,0,0.103
738,2020-03-24,35,560,Raw Materials,164,471.28,Day,0,0.264
739,2020-03-24,8,393,Food,870,494.74,Night,0,0.198
740,2020-03-24,20,169,Machinery,375,490.93,Night,0,0.117
741,2020-03-24,8,583,Vehicles,1234,505.0,Night,0,0.256
742,2020-03-24,33,58,Food,1113,439.92,Night,0,0.113
743,2020-03-24,44,362,Food,225,506.36,Night,0,0.105
744,2020-03-25,38,28,Machinery,299,485.86,Night,0,0.298
745,2020-03-25,27,360,Vehicles,600,516.08,Day,0,0.273
746,2020-03-25,5,313,Food,447,1470.16,Day,1,0.838
747,2020-03-25,28,582,Food,141,502.23,Night,0,0.113
748,2020-03-25,25,331,Raw Materials,1100,464.47,Day,0,0.203
749,2020-03-25,22,509,Chemicals,1359,468.41,Night,0,0.191
750,2020-03-25,5,549,Food,643,2297.84,Day,1,0.821
751,2020-03-25,15,95,Textiles,789,488.33,Day,0,0.128
752,2020-03-25,23,79,Textiles,714,558.89,Night,0,0.162
753,2020-03-25,13,425,Food,1379,430.43,Night,0,0.264
754,2020-03-25,41,529,Textiles,1122,499.18,Day,0,0.289
755,2020-03-26,30,275,Textiles,1383,554.75,Night,0,0.072
756,2020-03-26,44,308,Machinery,752,518.32,Night,0,0.273
757,2020-03-26,41,209,Food,687,479.88,Night,0,0.122
758,2020-03-26,8,154,Electronics,602,472.85,Day,0,0.093
759,2020-03-26,32,574,Machinery,1424,560.0,Night,0,0.009
760,2020-03-26,18,564,Vehicles,186,504.65,Day,0,0.146
761,2020-03-26,2,57,Food,1332,504.59,Day,0,0.269
762,2020-03-26,43,93,Raw Materials,387,497.78,Night,0,0.171
763,2020-03-26,33,124,Machinery,284,494.9,Night,0,0.099
764,2020-03-26,38,400,Machinery,546,527.73,Day,0,0.053
765,2020-03-26,18,451,Food,1307,567.04,Night,0,0.034
766,2020-03-27,28,487,Food,396,538.71,Day,0,0.215
767,2020-03-27,20,22,Raw Materials,1456,512.83,Day,0,0.201
768,2020-03-27,17,566,Food,1408,510.95,Night,0,0.109
769,2020-03-27,44,125,Raw Materials,1006,415.13,Day,0,0.293
770,2020-03-27,17,309,Raw Materials,582,583.54,Day,0,0.258
771,2020-03-27,11,450,Raw Materials,1419,498.22,Night,0,0.247
772,2020-03-27,32,483,Raw Materials,781,515.85,Night,0,0.263
773,2020-03-27,7,165,Textiles,235,451.26,Night,0,0.221
774,2020-03-27,30,29,Vehicles,1413,568.33,Day,0,0.133
775,2020-03-27,42,140,Machinery,509,466.5,Day,0,0.047
776,2020-03-28,46,134,Raw Materials,754,455.83,Night,0,0.262
777,2020-03-28,9,267,Vehicles,1314,567.42,Day,0,0.124
778,2020-03-28,12,403,Raw Materials,1268,430.92,Night,0,0.284
779,2020-03-28,36,627,Electronics,1047,552.09,Day,0,0.12
780,2020-03-28,28,615,Chemicals,282,600.82,Night,0,0.051
781,2020-03-28,37,121,Vehicles,1176,399.28,Day,0,0.202
782,2020-03-28,8,230,Chemicals,645,563.98,Day,0,0.148
783,2020-03-28,9,442,Textiles,541,556.12,Day,0,0.125
784,2020-03-28,27,150,Food,636,503.83,Day,0,0.135
785,2020-03-28,16,379,Electronics,121,395.16,Night,0,0.119
786,2020-03-29,46,393,Vehicles,1323,524.61,Night,0,0.029
787,2020-03-29,4,54,Chemicals,1064,643.43,Night,0,0.29
788,2020-03-29,39,47,Food,1133,404.23,Day,0,0.091
789,2020-03-29,26,380,Textiles,184,474.47,Day,0,0.279
790,2020-03-29,30,136,Food,1186,495.95,Day,0,0.078
791,2020-03-29,21,46,Machinery,675,501.69,Day,0,0.263
792,2020-03-29,40,271,Machinery,437,384.66,Night,0,0.298
793,2020-03-30,10,570,Electronics,486,1294.61,Night,1,0.912
794,2020-03-30,28,119,Electronics,1004,531.94,Night,0,0.213
795,2020-03-30,32,469,Electronics,403,519.23,Night,0,0.054
796,2020-03-30,11,521,Textiles,1458,527.17,Night,0,0.175
797,2020-03-30,1,539,Machinery,257,528.39,Day,0,0.099
798,2020-03-30,19,125,Food,1309,555.68,Night,0,0.032
799,2020-03-30,21,158,Electronics,1042,540.31,Day,0,0.287
800,2020-03-30,39,6,Electronics,1443,427.92,Night,0,0.136
801,2020-03-30,37,133,Raw Materials,199,500.72,Day,0,0.223
802,2020-03-30,36,617,Electronics,916,478.75,Night,0,0.072
803,2020-03-30,26,92,Raw Materials,526,554.73,Day,0,0.226
804,2020-03-30,42,158,Food,1105,575.56,Day,0,0.221
805,2020-03-31,44,618,Food,1462,570.51,Day,0,0.134
806,2020-03-31,25,488,Textiles,1329,540.61,Night,0,0.227
807,2020-03-31,24,629,Machinery,1391,525.17,Day,0,0.139
808,2020-03-31,15,159,Textiles,1389,503.93,Night,0,0.025
809,2020-03-31,30,448,Raw Materials,1078,478.4,Day,0,0.09
810,2020-03-31,16,536,Food,1264,1404.18,Night,1,0.714
811,2020-03-31,7,523,Machinery,293,419.88,Night,0,0.107
812,2020-03-31,38,84,Electronics,1454,523.42,Day,0,0.236
813,2020-04-01,26,47,Machinery,709,471.86,Day,0,0.135
814,2020-04-01,17,350,Chemicals,479,587.29,Day,0,0.295
815,2020-04-01,17,109,Textiles,136,511.5,Night,0,0.143
816,2020-04-01,45,415,Food,1366,503.57,Night,0,0.185
817,2020-04-01,45,405,Electronics,356,513.91,Night,0,0.209
818,2020-04-01,13,28,Machinery,1428,531.9,Day,0,0.073
819,2020-04-01,41,552,Electronics,716,533.16,Day,0,0.035
820,2020-04-01,10,456,Machinery,140,473.05,Night,0,0.176
821,2020-04-01,13,302,Electronics,783,574.64,Night,0,0.294
822,2020-04-01,32,593,Electronics,1098,535.07,Night,0,0.154
823,2020-04-01,40,500,Vehicles,224,452.01,Day,0,0.019
824,2020-04-01,42,428,Electronics,1113,488.17,Night,0,0.194
825,2020-04-02,45,447,Chemicals,689,501.46,Day,0,0.152
826,2020-04-02,38,348,Chemicals,700,446.4,Night,0,0.117
827,2020-04-02,27,369,Raw Materials,431,480.04,Night,0,0.2
828,2020-04-02,9,178,Chemicals,1340,477.62,Day,0,0.238
829,2020-04-02,32,311,Chemicals,1240,538.1,Day,0,0.107
830,2020-04-02,11,179,Raw Materials,230,499.34,Day,0,0.034
831,2020-04-02,15,124,Machinery,628,586.01,Day,0,0.231
832,2020-04-02,36,274,Raw Materials,1155,515.26,Day,0,0.031
833,2020-04-02,4,449,Raw Materials,327,586.89,Night,0,0.258
834,2020-04-03,36,43,Chemicals,1390,490.02,Day,0,0.062
835,2020-04-03,24,161,Vehicles,1004,494.9,Night,0,0.046
836,2020-04-03,24,343,Electronics,513,453.86,Day,0,0.125
837,2020-04-03,1,252,Food,687,491.13,Night,0,0.226
838,2020-04-03,24,252,Raw Materials,1184,522.52,Day,0,0.068
839,2020-04-03,28,424,Machinery,1157,1170.26,Night,1,0.703
840,2020-04-04,34,72,Food,744,458.35,Day,0,0.232
841,2020-04-04,28,63,Raw Materials,175,454.34,Night,0,0.017
842,2020-04-04,41,533,Machinery,923,458.17,Night,0,0.21
843,2020-04-04,20,322,Electronics,672,562.26,Night,0,0.121
844,2020-04-04,42,211,Vehicles,807,462.54,Night,0,0.234
845,2020-04-04,26,203,Electronics,175,461.86,Night,0,0.264
846,2020-04-04,34,554,Chemicals,290,509.36,Night,0,0.094
847,2020-04-04,22,164,Electronics,1205,472.09,Day,0,0.218
848,2020-04-04,33,114,Raw Materials,863,485.13,Day,0,0.152
849,2020-04-04,8,49,Machinery,710,498.11,Day,0,0.071
850,2020-04-04,38,580,Food,712,523.47,Day,0,0.235
851,2020-04-04,46,587,Vehicles,873,489.3,Day,0,0.175
852,2020-04-05,24,466,Chemicals,971,506.91,Day,0,0.025
853,2020-04-05,4,436,Machinery,539,463.0,Day,0,0.176
854,2020-04-05,34,405,Textiles,1121,526.99,Night,0,0.299
855,2020-04-05,45,502,Raw Materials,433,508.94,Night,0,0.039
856,2020-04-05,46,526,Vehicles,535,526.59,Day,0,0.01
857,2020-04-05,11,573,Electronics,1332,548.61,Night,0,0.087
858,2020-04-05,34,157,Food,724,490.64,Day,0,0.091
859,2020-04-05,32,29,Chemicals,1307,409.23,Day,0,0.085
860,2020-04-05,12,501,Electronics,1221,570.43,Day,0,0.261
861,2020-04-05,27,493,Textiles,1026,582.69,Night,0,0.216
862,2020-04-05,39,136,Textiles,1403,454.81,Day,0,0.135
863,2020-04-05,29,153,Electronics,1379,476.17,Night,0,0.119
864,2020-04-06,3,454,Vehicles,281,457.11,Night,0,0.212
865,2020-04-06,37,317,Vehicles,1245,627.88,Day,0,0.227
866,2020-04-06,37,535,Raw Materials,1074,593.47,Day,0,0.006
867,2020-04-06,43,545,Electronics,663,530.82,Day,0,0.266
868,2020-04-06,29,87,Machinery,1306,1529.88,Night,1,0.707
869,2020-04-06,28,185,Electronics,1181,483.72,Night,0,0.03
870,2020-04-06,11,293,Chemicals,623,556.48,Day,0,0.046
871,2020-04-06,27,174,Textiles,766,544.46,Day,0,0.03
872,2020-04-06,10,423,Food,869,577.71,Night,0,0.27
873,2020-04-06,4,208,Raw Materials,1322,474.15,Day,0,0.116
874,2020-04-07,18,63,Machinery,1232,466.23,Night,0,0.145
875,2020-04-07,27,240,Food,1234,603.1,Day,0,0.166
876,2020-04-07,9,312,Machinery,271,487.4,Night,0,0.15
877,2020-04-07,10,383,Raw Materials,602,457.72,Day,0,0.136
878,2020-04-07,1,476,Vehicles,442,1676.67,Night,1,0.845
879,2020-04-07,39,257,Food,1394,530.01,Night,0,0.048
880,2020-04-08,37,72,Electronics,909,578.76,Night,0,0.249
881,2020-04-08,36,287,Chemicals,1350,419.05,Night,0,0.284
882,2020-04-08,41,268,Food,603,494.6,Night,0,0.096
883,2020-04-08,14,471,Electronics,373,497.64,Night,0,0.27
884,2020-04-08,44,178,Textiles,1101,484.91,Night,0,0.161
885,2020-04-08,42,80,Raw Materials,1475,476.64,Day,0,0.113
886,2020-04-08,39,367,Chemicals,117,503.19,Night,0,0.111
887,2020-04-08,13,456,Chemicals,140,511.14,Day,0,0.057
888,2020-04-08,40,311,Chemicals,1111,441.23,Day,0,0.011
889,2020-04-08,32,621,Electronics,501,603.33,Day,0,0.083
890,2020-04-09,32,175,Vehicles,1258,508.74,Day,0,0.181
891,2020-04-09,12,67,Vehicles,233,578.7,Day,0,0.264
892,2020-04-09,18,197,Vehicles,1488,587.91,Day,0,0.076
893,2020-04-09,36,465,Machinery,1412,480.26,Day,0,0.097
894,2020-04-09,27,281,Vehicles,1161,466.55,Day,0,0.108
895,2020-04-09,3,230,Food,960,479.9,Day,0,0.1
896,2020-04-09,37,26,Vehicles,967,487.05,Day,0,0.275
897,2020-04-09,13,169,Food,228,468.83,Night,0,0.242
898,2020-04-09,38,343,Chemicals,320,481.45,Night,0,0.288
899,2020-04-09,4,342,Electronics,1328,461.62,Day,0,0.174
900,2020-04-10,4,35,Food,233,434.83,Night,0,0.019
901,2020-04-10,29,57,Textiles,1382,484.39,Night,0,0.016
902,2020-04-10,25,412,Textiles,941,526.53,Day,0,0.18
903,2020-04-10,43,11,Machinery,1050,515.92,Night,0,0.102
904,2020-04-10,44,27,Textiles,772,386.54,Night,0,0.032
905,2020-04-10,1,610,Textiles,496,554.51,Day,0,0.107
906,2020-04-11,40,456,Chemicals,381,490.89,Day,0,0.018
907,2020-04-11,20,599,Textiles,1434,529.58,Night,0,0.233
908,2020-04-11,10,481,Textiles,802,462.51,Night,0,0.291
909,2020-04-11,34,601,Electronics,586,440.61,Day,0,0.127
910,2020-04-11,13,206,Raw Materials,240,505.16,Day,0,0.2
911,2020-04-11,45,479,Raw Materials,1284,463.91,Night,0,0.099
912,2020-04-11,7,466,Machinery,549,492.1,Day,0,0.192
913,2020-04-11,45,236,Textiles,536,502.12,Night,0,0.099
914,2020-04-11,25,211,Chemicals,113,588.13,Night,0,0.022
915,2020-04-12,36,118,Food,1001,523.28,Day,0,0.013
916,2020-04-12,2,204,Food,456,579.93,Day,0,0.079
917,2020-04-12,12,348,Chemicals,501,611.38,Day,0,0.006
918,2020-04-12,44,141,Vehicles,327,493.57,Night,0,0.063
919,2020-04-12,30,246,Raw Materials,862,454.77,Night,0,0.299
920,2020-04-12,28,67,Chemicals,367,402.12,Day,0,0.058
921,2020-04-13,45,384,Textiles,979,1577.37,Night,1,0.757
922,2020-04-13,35,302,Food,606,502.01,Day,0,0.239
923,2020-04-13,9,521,Chemicals,266,518.83,Night,0,0.05
924,2020-04-13,25,522,Machinery,1162,429.89,Night,0,0.097
925,2020-04-13,24,539,Vehicles,1113,458.46,Night,0,0.237
926,2020-04-13,42,38,Chemicals,515,508.03,Day,0,0.07
927,2020-04-13,14,314,Machinery,1270,566.32,Night,0,0.025
928,2020-04-13,6,303,Textiles,820,587.64,Night,0,0.012
929,2020-04-13,33,345,Machinery,1057,471.65,Night,0,0.082
930,2020-04-14,12,453,Food,1421,536.5,Day,0,0.27
931,2020-04-14,19,514,Raw Materials,666,533.39,Day,0,0.011
932,2020-04-14,13,342,Vehicles,774,505.06,Day,0,0.224
933,2020-04-14,44,282,Vehicles,1337,694.16,Day,0,0.222
934,2020-04-14,17,9,Food,809,488.08,Night,0,0.121
935,2020-04-14,26,594,Machinery,1439,463.24,Day,0,0.119
936,2020-04-15,14,486,Textiles,1302,509.05,Day,0,0.227
937,2020-04-15,30,349,Food,484,415.64,Day,0,0.132
938,2020-04-15,36,31,Chemicals,1282,545.83,Night,0,0.092
939,2020-04-15,1,512,Food,561,434.39,Night,0,0.234
940,2020-04-15,35,307,Textiles,147,536.68,Night,0,0.01
941,2020-04-15,9,158,Textiles,1389,535.78,Night,0,0.117
942,2020-04-15,25,210,Electronics,1194,412.53,Night,0,0.142
943,2020-04-16,37,463,Electronics,451,1654.22,Night,1,0.847
944,2020-04-16,12,204,Machinery,681,558.48,Day,0,0.087
945,2020-04-16,34,72,Electronics,854,465.5,Night,0,0.123
946,2020-04-16,11,114,Textiles,956,498.89,Day,0,0.021
947,2020-04-16,14,134,Food,985,533.04,Day,0,0.173
948,2020-04-16,20,602,Textiles,1039,466.44,Day,0,0.002
949,2020-04-16,10,457,Raw Materials,917,481.7,Day,0,0.171
950,2020-04-16,32,472,Textiles,180,477.1,Night,0,0.086
951,2020-04-17,23,305,Textiles,458,475.05,Night,0,0.13
952,2020-04-17,25,188,Machinery,189,522.0,Day,0,0.261
953,2020-04-17,18,551,Vehicles,236,493.29,Night,0,0.148
954,2020-04-17,36,125,Electronics,315,407.23,Night,0,0.234
955,2020-04-17,27,462,Food,524,463.69,Day,0,0.208
956,2020-04-17,30,391,Vehicles,917,507.8,Night,0,0.119
957,2020-04-17,1,257,Vehicles,379,474.94,Day,0,0.02
958,2020-04-17,36,249,Chemicals,1064,580.57,Night,0,0.252
959,2020-04-17,11,19,Chemicals,702,560.03,Day,0,0.201
960,2020-04-18,44,280,Machinery,833,570.07,Day,0,0.214
961,2020-04-18,44,546,Machinery,197,571.41,Day,0,0.215
962,2020-04-18,7,400,Machinery,207,418.69,Night,0,0.015
963,2020-04-18,25,207,Food,588,1063.71,Day,1,0.946
964,2020-04-18,44,65,Electronics,1460,513.25,Day,0,0.05
965,2020-04-18,27,525,Raw Materials,769,485.14,Day,0,0.28
966,2020-04-19,28,124,Chemicals,316,565.32,Day,0,0.052
967,2020-04-19,26,324,Machinery,535,506.44,Day,0,0.195
968,2020-04-19,24,45,Chemicals,941,504.79,Day,0,0.18
969,2020-04-19,7,550,Food,294,412.62,Day,0,0.203
970,2020-04-19,45,137,Chemicals,1401,414.93,Night,0,0.206
971,2020-04-19,43,494,Food,136,446.23,Day,0,0.192
972,2020-04-19,15,516,Chemicals,143,465.38,Day,0,0.269
973,2020-04-19,20,243,Raw Materials,598,489.5,Night,0,0.089
974,2020-04-19,10,385,Vehicles,177,493.26,Day,0,0.218
975,2020-04-20,22,138,Food,1418,497.6,Night,0,0.124
976,2020-04-20,19,25,Raw Materials,778,483.85,Day,0,0.062
977,2020-04-20,4,255,Textiles,881,490.41,Day,0,0.019
978,2020-04-20,32,72,Electronics,1399,506.16,Day,0,0.281
979,2020-04-20,9,94,Textiles,1224,566.09,Day,0,0.023
980,2020-04-20,30,319,Vehicles,504,420.48,Day,0,0.053
981,2020-04-20,16,311,Textiles,1018,543.58,Night,0,0.144
982,2020-04-20,24,408,Chemicals,1064,501.54,Night,0,0.152
983,2020-04-20,28,160,Electronics,881,478.6,Night,0,0.09
984,2020-04-21,10,567,Food,879,543.27,Day,0,0.136
985,2020-04-21,25,576,Electronics,782,562.8,Night,0,0.057
986,2020-04-21,1,513,Machinery,928,549.08,Night,0,0.282
987,2020-04-21,24,394,Food,1412,526.28,Night,0,0.298
988,2020-04-21,8,395,Chemicals,993,511.02,Day,0,0.231
989,2020-04-21,23,522,Vehicles,854,482.24,Night,0,0.221
990,2020-04-21,16,490,Raw Materials,840,442.68,Day,0,0.203
991,2020-04-21,45,152,Textiles,1032,518.99,Night,0,0.174
992,2020-04-21,43,166,Electronics,289,485.7,Day,0,0.275
993,2020-04-21,26,601,Textiles,486,555.88,Day,0,0.208
994,2020-04-22,35,392,Vehicles,942,478.61,Night,0,0.277
995,2020-04-22,6,112,Raw Materials,392,491.08,Night,0,0.21
996,2020-04-22,1,173,Electronics,298,527.67,Night,0,0.209
997,2020-04-22,34,427,Vehicles,982,535.54,Night,0,0.059
998,2020-04-22,12,515,Machinery,1261,558.21,Day,0,0.056
999,2020-04-22,4,188,Food,937,406.56,Day,0,0.191
1000,2020-04-22,6,301,Machinery,355,556.75,Day,0,0.103
1001,2020-04-22,38,241,Machinery,1477,506.83,Night,0,0.287
1002,2020-04-22,43,597,Electronics,532,517.47,Day,0,0.002
1003,2020-04-22,39,533,Machinery,1069,523.1,Night,0,0.205
1004,2020-04-23,21,246,Vehicles,916,443.48,Night,0,0.017
1005,2020-04-23,23,339,Electronics,1035,552.92,Day,0,0.278
1006,2020-04-23,2,617,Raw Materials,1186,499.28,Day,0,0.21
1007,2020-04-23,16,378,Textiles,1449,550.27,Night,0,0.001
1008,2020-04-23,41,330,Vehicles,837,467.19,Day,0,0.291
1009,2020-04-23,21,455,Textiles,1092,457.02,Day,0,0.128
1010,2020-04-23,31,103,Food,1343,545.05,Night,0,0.043
1011,2020-04-23,34,586,Chemicals,1119,553.97,Day,0,0.165
1012,2020-04-24,30,173,Electronics,1087,465.0,Night,0,0.072
1013,2020-04-24,14,175,Electronics,990,518.27,Day,0,0.098
1014,2020-04-24,25,288,Vehicles,627,519.31,Day,0,0.285
1015,2020-04-24,43,127,Textiles,1397,498.77,Day,0,0.262
1016,2020-04-24,37,616,Vehicles,802,507.21,Day,0,0.215
1017,2020-04-24,25,576,Raw Materials,577,528.07,Night,0,0.027
1018,2020-04-24,38,193,Textiles,853,525.03,Day,0,0.094
1019,2020-04-24,25,591,Food,226,503.27,Day,0,0.127
1020,2020-04-24,24,130,Electronics,909,1579.41,Day,1,0.795
1021,2020-04-24,19,225,Vehicles,1033,537.8,Night,0,0.255
1022,2020-04-24,45,36,Food,1128,521.11,Night,0,0.037
1023,2020-04-24,46,588,Vehicles,541,434.61,Night,0,0.294
1024,2020-04-25,10,216,Vehicles,207,519.16,Day,0,0.233
1025,2020-04-25,32,402,Raw Materials,1450,1400.18,Night,1,0.827
1026,2020-04-25,31,357,Machinery,247,488.27,Night,0,0.085
1027,2020-04-25,45,200,Electronics,368,447.33,Night,0,0.016
1028,2020-04-25,46,312,Vehicles,435,578.36,Night,0,0.133
1029,2020-04-25,31,299,Chemicals,546,527.81,Day,0,0.109
1030,2020-04-25,37,105,Machinery,974,469.05,Day,0,0.05
1031,2020-04-25,4,99,Machinery,467,511.78,Night,0,0.102
1032,2020-04-26,10,414,Electronics,343,497.58,Day,0,0.147
1033,2020-04-26,45,611,Vehicles,868,548.85,Day,0,0.027
1034,2020-04-26,30,392,Vehicles,1437,363.98,Night,0,0.003
1035,2020-04-26,8,85,Machinery,1413,1366.89,Day,1,0.872
1036,2020-04-26,18,97,Machinery,1091,451.86,Day,0,0.211
1037,2020-04-26,20,586,Electronics,766,632.01,Day,0,0.055
1038,2020-04-26,45,21,Textiles,1198,533.05,Night,0,0.159
1039,2020-04-26,5,532,Raw Materials,524,632.26,Day,0,0.18
1040,2020-04-26,12,6,Raw Materials,743,469.24,Night,0,0.039
1041,2020-04-27,42,166,Textiles,625,506.69,Day,0,0.152
1042,2020-04-27,24,558,Machinery,1447,1284.49,Day,1,0.984
1043,2020-04-27,34,301,Chemicals,1281,477.57,Night,0,0.299
1044,2020-04-27,39,552,Vehicles,302,528.12,Day,0,0.013
1045,2020-04-27,3,193,Food,540,569.92,Day,0,0.108
1046,2020-04-27,9,433,Textiles,622,492.98,Day,0,0.195
1047,2020-04-27,11,410,Electronics,620,448.29,Night,0,0.061
1048,2020-04-28,18,198,Textiles,1446,388.36,Night,0,0.153
1049,2020-04-28,11,430,Food,988,424.03,Day,0,0.081
1050,2020-04-28,35,113,Electronics,774,573.22,Night,0,0.109
1051,2020-04-28,22,280,Raw Materials,562,510.16,Day,0,0.067
1052,2020-04-28,7,127,Textiles,727,524.87,Day,0,0.242
1053,2020-04-28,7,542,Vehicles,1271,575.8,Night,0,0.269
1054,2020-04-28,11,326,Chemicals,806,464.82,Night,0,0.203
1055,2020-04-28,35,565,Machinery,1313,528.58,Night,0,0.047
1056,2020-04-28,9,147,Textiles,647,499.38,Night,0,0.218
1057,2020-04-28,24,256,Vehicles,1037,569.46,Night,0,0.151
1058,2020-04-28,18,439,Food,1401,648.32,Day,0,0.284
1059,2020-04-29,21,93,Electronics,591,523.76,Day,0,0.223
1060,2020-04-29,36,505,Machinery,1486,507.91,Day,0,0.219
1061,2020-04-29,31,510,Machinery,128,426.15,Day,0,0.214
1062,2020-04-29,45,548,Chemicals,1454,449.41,Night,0,0.247
1063,2020-04-29,34,624,Textiles,1018,610.6,Day,0,0.157
1064,2020-04-29,15,180,Food,373,480.73,Day,0,0.286
1065,2020-04-29,28,508,Chemicals,864,557.58,Night,0,0.25
1066,2020-04-29,8,298,Machinery,701,502.72,Night,0,0.001
1067,2020-04-29,41,583,Chemicals,724,632.74,Night,0,0.268
1068,2020-04-30,40,500,Food,112,447.94,Day,0,0.099
1069,2020-04-30,23,110,Food,481,491.51,Day,0,0.059
1070,2020-04-30,34,527,Machinery,353,517.88,Day,0,0.002
1071,2020-04-30,43,257,Machinery,909,478.42,Day,0,0.161
1072,2020-04-30,18,112,Vehicles,999,532.05,Night,0,0.106
1073,2020-04-30,28,6,Raw Materials,506,525.15,Night,0,0.126
1074,2020-04-30,22,33,Vehicles,507,521.5,Day,0,0.288
1075,2020-04-30,18,122,Machinery,1226,419.78,Night,0,0.225
1076,2020-04-30,26,514,Chemicals,324,509.7,Night,0,0.238
1077,2020-05-01,10,353,Raw Materials,584,599.21,Day,0,0.179
1078,2020-05-01,1,445,Food,677,531.19,Night,0,0.228
1079,2020-05-01,16,633,Vehicles,1147,551.12,Day,0,0.079
1080,2020-05-01,45,254,Chemicals,1070,546.67,Night,0,0.243
1081,2020-05-01,45,515,Chemicals,1310,489.58,Day,0,0.12
1082,2020-05-01,18,197,Machinery,136,470.26,Day,0,0.027
1083,2020-05-01,4,390,Textiles,727,459.4,Night,0,0.128
1084,2020-05-02,33,438,Food,325,382.54,Day,0,0.084
1085,2020-05-02,23,429,Food,197,508.25,Day,0,0.096
1086,2020-05-02,19,484,Textiles,306,497.7,Night,0,0.076
1087,2020-05-02,32,373,Food,328,507.53,Night,0,0.259
1088,2020-05-02,22,370,Vehicles,1306,510.05,Night,0,0.111
1089,2020-05-02,42,283,Textiles,886,534.35,Day,0,0.181
1090,2020-05-03,38,196,Vehicles,1012,513.03,Day,0,0.022
1091,2020-05-03,35,634,Food,1071,556.23,Night,0,0.013
1092,2020-05-03,13,429,Raw Materials,1247,506.89,Night,0,0.268
1093,2020-05-03,29,121,Electronics,1088,402.52,Night,0,0.007
1094,2020-05-03,39,281,Food,193,566.41,Day,0,0.018
1095,2020-05-03,45,195,Machinery,1190,584.33,Night,0,0.225
1096,2020-05-04,36,400,Textiles,656,397.26,Night,0,0.001
1097,2020-05-04,37,224,Raw Materials,1150,442.13,Day,0,0.091
1098,2020-05-04,15,304,Textiles,343,522.2,Night,0,0.014
1099,2020-05-04,16,299,Vehicles,403,546.02,Day,0,0.262
1100,2020-05-04,4,255,Textiles,337,1266.02,Day,1,0.882
1101,2020-05-04,24,333,Vehicles,1224,520.93,Day,0,0.088
1102,2020-05-04,4,11,Chemicals,672,516.99,Night,0,0.291
1103,2020-05-04,35,598,Vehicles,882,568.26,Day,0,0.181
1104,2020-05-04,14,453,Food,650,493.18,Day,0,0.189
1105,2020-05-05,26,160,Chemicals,988,425.25,Night,0,0.054
1106,2020-05-05,12,181,Textiles,1104,590.21,Day,0,0.054
1107,2020-05-05,19,22,Chemicals,463,520.21,Night,0,0.043
1108,2020-05-05,28,252,Vehicles,924,449.1,Night,0,0.158
1109,2020-05-05,1,618,Machinery,886,625.16,Day,0,0.193
1110,2020-05-05,3,136,Raw Materials,271,513.76,Day,0,0.282
1111,2020-05-05,39,14,Raw Materials,317,401.19,Day,0,0.025
1112,2020-05-05,9,492,Raw Materials,434,479.35,Night,0,0.144
1113,2020-05-05,16,58,Vehicles,1213,560.58,Night,0,0.089
1114,2020-05-05,33,426,Electronics,559,1540.56,Day,1,0.744
1115,2020-05-05,42,294,Vehicles,887,478.52,Day,0,0.148
1116,2020-05-05,8,230,Food,831,448.27,Day,0,0.1
1117,2020-05-06,6,45,Chemicals,977,437.01,Day,0,0.045
1118,2020-05-06,43,309,Food,312,484.24,Night,0,0.15
1119,2020-05-06,24,272,Raw Materials,104,598.01,Day,0,0.044
1120,2020-05-06,10,400,Vehicles,1079,400.07,Night,0,0.034
1121,2020-05-06,28,286,Electronics,761,556.57,Day,0,0.096
1122,2020-05-06,28,493,Textiles,1403,514.79,Night,0,0.241
1123,2020-05-06,42,252,Machinery,1225,448.84,Night,0,0.246
1124,2020-05-06,25,86,Textiles,1283,508.0,Night,0,0.243
1125,2020-05-07,45,90,Food,105,516.96,Day,0,0.142
1126,2020-05-07,9,113,Food,839,594.32,Day,0,0.26
1127,2020-05-07,9,302,Chemicals,1229,620.4,Night,0,0.248
1128,2020-05-07,4,142,Vehicles,393,477.52,Day,0,0.008
1129,2020-05-07,28,381,Vehicles,317,503.62,Day,0,0.261
1130,2020-05-07,2,151,Chemicals,261,472.2,Night,0,0.004
1131,2020-05-07,27,154,Machinery,386,504.34,Day,0,0.123
1132,2020-05-08,29,14,Electronics,419,415.86,Night,0,0.193
1133,2020-05-08,39,178,Electronics,911,532.03,Day,0,0.166
1134,2020-05-08,17,586,Vehicles,565,454.64,Night,0,0.047
1135,2020-05-08,6,535,Chemicals,533,508.77,Night,0,0.247
1136,2020-05-08,36,620,Raw Materials,1059,543.78,Day,0,0.196
1137,2020-05-08,26,390,Electronics,860,496.95,Day,0,0.023
1138,2020-05-08,39,344,Chemicals,677,486.41,Day,0,0.032
1139,2020-05-08,14,612,Raw Materials,733,542.43,Day,0,0.072
1140,2020-05-09,37,579,Textiles,1090,1396.31,Day,1,0.983
1141,2020-05-09,1,366,Machinery,1124,535.27,Night,0,0.292
1142,2020-05-09,45,100,Machinery,1131,565.98,Night,0,0.242
1143,2020-05-09,10,25,Machinery,1300,506.28,Night,0,0.205
1144,2020-05-09,6,96,Chemicals,1495,505.06,Day,0,0.231
1145,2020-05-09,11,514,Machinery,368,478.95,Night,0,0.129
1146,2020-05-10,44,397,Chemicals,1350,555.91,Day,0,0.287
1147,2020-05-10,37,510,Raw Materials,130,560.19,Day,0,0.291
1148,2020-05-10,6,511,Machinery,742,594.96,Day,0,0.089
1149,2020-05-10,5,287,Food,282,576.33,Night,0,0.296
1150,2020-05-10,17,453,Electronics,1264,546.27,Day,0,0.109
1151,2020-05-10,19,411,Raw Materials,1369,531.74,Night,0,0.253
1152,2020-05-10,21,383,Vehicles,946,496.14,Day,0,0.079
1153,2020-05-10,44,44,Vehicles,601,472.59,Day,0,0.032
1154,2020-05-10,25,163,Raw Materials,249,428.97,Night,0,0.262
1155,2020-05-10,43,96,Machinery,1059,427.73,Night,0,0.026
1156,2020-05-10,7,407,Chemicals,922,420.71,Night,0,0.095
1157,2020-05-11,32,218,Electronics,670,452.83,Night,0,0.044
1158,2020-05-11,14,328,Textiles,878,534.65,Day,0,0.243
1159,2020-05-11,28,485,Electronics,533,601.49,Day,0,0.081
1160,2020-05-11,41,181,Chemicals,241,404.29,Day,0,0.025
1161,2020-05-11,46,463,Textiles,538,477.13,Night,0,0.028
1162,2020-05-11,28,351,Chemicals,506,472.94,Night,0,0.126
1163,2020-05-11,31,549,Vehicles,994,492.42,Day,0,0.003
1164,2020-05-11,39,204,Vehicles,1467,581.47,Day,0,0.043
1165,2020-05-11,43,325,Chemicals,1039,568.4,Day,0,0.238
1166,2020-05-11,44,417,Textiles,107,466.16,Night,0,0.283
1167,2020-05-12,9,461,Electronics,547,510.65,Day,0,0.232
1168,2020-05-12,39,387,Food,529,470.47,Day,0,0.292
1169,2020-05-12,37,15,Raw Materials,845,595.98,Night,0,0.26
1170,2020-05-12,45,512,Machinery,940,508.47,Night,0,0.248
1171,2020-05-12,28,536,Electronics,460,479.39,Night,0,0.049
1172,2020-05-12,28,391,Raw Materials,1450,527.61,Night,0,0.131
1173,2020-05-12,19,636,Electronics,312,536.26,Day,0,0.031
1174,2020-05-12,40,558,Vehicles,1009,531.3,Day,0,0.242
1175,2020-05-12,43,297,Chemicals,556,507.95,Night,0,0.257
1176,2020-05-12,8,360,Machinery,1420,447.77,Night,0,0.222
1177,2020-05-12,1,384,Textiles,680,507.31,Day,0,0.271
1178,2020-05-12,27,248,Machinery,166,1316.79,Day,1,0.812
1179,2020-05-13,34,615,Food,449,680.82,Night,0,0.292
1180,2020-05-13,13,632,Raw Materials,205,477.87,Night,0,0.173
1181,2020-05-13,9,400,Machinery,751,458.0,Day,0,0.24
1182,2020-05-13,33,122,Raw Materials,1384,498.18,Night,0,0.251
1183,2020-05-13,11,331,Electronics,291,522.68,Day,0,0.046
1184,2020-05-13,40,557,Textiles,883,1645.99,Day,1,0.995
1185,2020-05-13,41,367,Chemicals,1436,550.34,Day,0,0.074
1186,2020-05-13,25,267,Food,269,494.28,Day,0,0.188
1187,2020-05-13,41,594,Electronics,1040,555.55,Day,0,0.079
1188,2020-05-13,12,96,Machinery,840,497.35,Day,0,0.062
1189,2020-05-13,7,503,Machinery,250,441.41,Day,0,0.126
1190,2020-05-13,21,462,Chemicals,711,1179.69,Day,1,0.87
1191,2020-05-14,3,121,Food,1091,1578.47,Night,1,0.776
1192,2020-05-14,8,198,Textiles,147,491.46,Day,0,0.228
1193,2020-05-14,14,374,Chemicals,160,489.51,Day,0,0.282
1194,2020-05-14,18,281,Chemicals,288,537.11,Night,0,0.165
1195,2020-05-14,19,479,Machinery,1149,614.62,Night,0,0.059
1196,2020-05-14,46,288,Electronics,1295,469.11,Night,0,0.176
1197,2020-05-14,11,211,Machinery,1013,438.31,Night,0,0.187
1198,2020-05-14,39,393,Chemicals,1261,542.53,Night,0,0.269
1199,2020-05-14,5,461,Electronics,1147,516.53,Day,0,0.263
1200,2020-05-14,34,361,Electronics,334,552.88,Night,0,0.097
1201,2020-05-15,12,367,Electronics,540,488.13,Day,0,0.037
1202,2020-05-15,21,12,Chemicals,1053,450.76,Night,0,0.096
1203,2020-05-15,15,576,Machinery,680,477.89,Day,0,0.083
1204,2020-05-15,39,77,Vehicles,991,454.93,Night,0,0.096
1205,2020-05-15,13,51,Machinery,195,536.54,Night,0,0.051
1206,2020-05-15,21,606,Chemicals,1280,1061.01,Night,1,0.935
1207,2020-05-15,37,5,Food,368,512.58,Night,0,0.275
1208,2020-05-15,3,346,Electronics,1062,480.14,Day,0,0.241
1209,2020-05-15,20,282,Raw Materials,808,452.77,Night,0,0.184
1210,2020-05-15,26,306,Machinery,1412,555.13,Night,0,0.036
1211,2020-05-15,24,633,Electronics,558,536.43,Day,0,0.097
1212,2020-05-15,45,447,Chemicals,280,507.89,Day,0,0.271
1213,2020-05-16,35,6,Food,188,581.56,Day,0,0.099
1214,2020-05-16,40,389,Vehicles,448,574.09,Night,0,0.175
1215,2020-05-16,8,130,Raw Materials,403,490.07,Night,0,0.124
1216,2020-05-16,29,126,Textiles,1078,408.52,Day,0,0.293
1217,2020-05-16,21,495,Electronics,640,519.11,Day,0,0.251
1218,2020-05-16,16,211,Electronics,1112,440.45,Day,0,0.004
1219,2020-05-16,14,480,Chemicals,1098,529.57,Night,0,0.158
1220,2020-05-16,21,320,Vehicles,415,523.49,Night,0,0.032
1221,2020-05-17,15,373,Machinery,1370,417.45,Night,0,0.083
1222,2020-05-17,11,315,Chemicals,1044,516.24,Day,0,0.224
1223,2020-05-17,16,17,Chemicals,646,563.71,Night,0,0.08
1224,2020-05-17,36,87,Machinery,534,495.54,Night,0,0.151
1225,2020-05-17,33,342,Machinery,658,510.18,Day,0,0.278
1226,2020-05-17,13,302,Machinery,461,521.54,Day,0,0.159
1227,2020-05-17,32,532,Electronics,1495,568.69,Night,0,0.035
1228,2020-05-18,37,273,Electronics,1189,531.65,Day,0,0.068
1229,2020-05-18,40,415,Machinery,307,509.6,Night,0,0.149
1230,2020-05-18,11,209,Vehicles,689,601.84,Night,0,0.086
1231,2020-05-18,1,97,Textiles,1374,467.56,Day,0,0.072
1232,2020-05-18,21,72,Chemicals,780,503.46,Day,0,0.043
1233,2020-05-18,1,486,Food,142,515.38,Night,0,0.204
1234,2020-05-19,1,609,Machinery,1294,1878.46,Night,1,0.842
1235,2020-05-19,3,18,Raw Materials,567,465.09,Night,0,0.028
1236,2020-05-19,20,344,Machinery,818,504.25,Night,0,0.077
1237,2020-05-19,32,260,Machinery,127,524.63,Night,0,0.155
1238,2020-05-19,43,611,Electronics,652,475.44,Night,0,0.218
1239,2020-05-19,2,152,Raw Materials,551,479.76,Night,0,0.073
1240,2020-05-19,45,442,Chemicals,282,473.5,Night,0,0.286
1241,2020-05-19,41,111,Vehicles,1490,390.63,Night,0,0.263
1242,2020-05-19,12,272,Food,900,480.02,Night,0,0.284
1243,2020-05-19,18,317,Electronics,1286,479.62,Day,0,0.13
1244,2020-05-19,30,581,Food,325,516.73,Night,0,0.15
1245,2020-05-19,44,151,Vehicles,407,442.44,Night,0,0.049
1246,2020-05-20,19,67,Electronics,1029,1182.17,Night,1,0.878
1247,2020-05-20,4,501,Electronics,981,985.83,Night,1,0.964
1248,2020-05-20,33,575,Electronics,654,608.57,Day,0,0.22
1249,2020-05-20,28,600,Food,548,648.05,Day,0,0.204
1250,2020-05-20,25,433,Electronics,635,529.36,Night,0,0.179
1251,2020-05-20,12,578,Vehicles,760,532.32,Night,0,0.075
1252,2020-05-20,27,568,Food,724,511.95,Day,0,0.17
1253,2020-05-20,41,473,Machinery,994,557.99,Day,0,0.151
1254,2020-05-20,44,367,Food,975,537.8,Night,0,0.288
1255,2020-05-21,2,573,Raw Materials,962,562.8,Day,0,0.236
1256,2020-05-21,38,525,Chemicals,1371,516.63,Night,0,0.17
1257,2020-05-21,19,55,Chemicals,925,469.77,Night,0,0.155
1258,2020-05-21,4,87,Food,1430,458.49,Day,0,0.178
1259,2020-05-21,19,580,Vehicles,778,538.12,Night,0,0.153
1260,2020-05-21,46,55,Textiles,395,477.14,Day,0,0.29
1261,2020-05-21,9,229,Food,1386,1274.01,Day,1,0.906
1262,2020-05-21,8,69,Chemicals,1336,647.14,Day,0,0.156
1263,2020-05-21,16,210,Machinery,150,536.45,Day,0,0.037
1264,2020-05-22,31,189,Raw Materials,1219,461.48,Day,0,0.184
1265,2020-05-22,29,632,Machinery,399,514.73,Day,0,0.197
1266,2020-05-22,11,524,Machinery,1083,492.45,Day,0,0.2
1267,2020-05-22,38,505,Vehicles,663,440.92,Night,0,0.125
1268,2020-05-22,28,152,Food,1036,561.36,Day,0,0.117
1269,2020-05-22,38,311,Vehicles,1432,1930.12,Day,1,0.989
1270,2020-05-22,30,470,Electronics,424,459.5,Night,0,0.257
1271,2020-05-22,33,216,Vehicles,1175,507.48,Night,0,0.106
1272,2020-05-22,37,348,Vehicles,386,510.33,Night,0,0.229
1273,2020-05-23,26,70,Machinery,1066,479.74,Night,0,0.152
1274,2020-05-23,43,539,Chemicals,763,496.57,Night,0,0.174
1275,2020-05-23,38,633,Electronics,192,592.72,Night,0,0.2
1276,2020-05-23,32,488,Raw Materials,574,520.87,Night,0,0.243
1277,2020-05-23,16,108,Vehicles,886,500.37,Day,0,0.184
1278,2020-05-23,8,39,Machinery,866,451.05,Day,0,0.252
1279,2020-05-23,12,329,Vehicles,1020,414.52,Day,0,0.06
1280,2020-05-23,17,503,Vehicles,685,607.88,Night,0,0.223
1281,2020-05-24,34,197,Textiles,149,446.77,Day,0,0.243
1282,2020-05-24,1,369,Textiles,1219,459.4,Night,0,0.102
1283,2020-05-24,44,541,Chemicals,524,466.78,Night,0,0.186
1284,2020-05-24,36,142,Machinery,975,471.56,Day,0,0.262
1285,2020-05-24,37,81,Raw Materials,1159,493.32,Day,0,0.18
1286,2020-05-24,22,24,Raw Materials,693,521.19,Day,0,0.075
1287,2020-05-24,46,367,Raw Materials,423,525.9,Day,0,0.256
1288,2020-05-24,40,513,Machinery,1366,499.94,Night,0,0.209
1289,2020-05-24,8,597,Food,1437,576.03,Night,0,0.1
1290,2020-05-25,4,143,Textiles,775,509.75,Day,0,0.199
1291,2020-05-25,4,242,Electronics,1254,583.05,Night,0,0.011
1292,2020-05-25,5,427,Textiles,1080,474.28,Day,0,0.081
1293,2020-05-25,3,107,Machinery,1139,513.43,Day,0,0.234
1294,2020-05-25,15,22,Electronics,501,544.08,Day,0,0.258
1295,2020-05-25,44,19,Electronics,892,495.05,Night,0,0.128
1296,2020-05-25,9,119,Electronics,1360,425.72,Night,0,0.11
1297,2020-05-25,13,352,Electronics,587,503.68,Night,0,0.224
1298,2020-05-25,35,582,Raw Materials,130,588.52,Day,0,0.075
1299,2020-05-25,4,79,Chemicals,998,516.1,Day,0,0.197
1300,2020-05-25,16,300,Textiles,914,528.64,Day,0,0.037
1301,2020-05-25,5,79,Textiles,521,414.54,Night,0,0.275
1302,2020-05-26,29,310,Raw Materials,1229,517.19,Night,0,0.196
1303,2020-05-26,34,274,Vehicles,1208,504.62,Night,0,0.212
1304,2020-05-26,40,498,Electronics,516,495.3,Night,0,0.252
1305,2020-05-26,34,237,Vehicles,1232,533.6,Night,0,0.043
1306,2020-05-26,16,451,Electronics,143,544.23,Night,0,0.01
1307,2020-05-26,18,603,Food,273,612.33,Night,0,0.006
1308,2020-05-26,25,394,Electronics,559,541.57,Night,0,0.055
1309,2020-05-27,35,54,Electronics,1209,505.64,Night,0,0.226
1310,2020-05-27,22,269,Raw Materials,156,395.65,Day,0,0.249
1311,2020-05-27,28,438,Raw Materials,323,399.12,Day,0,0.086
1312,2020-05-27,35,475,Textiles,1263,465.72,Night,0,0.078
1313,2020-05-27,25,479,Chemicals,131,499.24,Day,0,0.3
1314,2020-05-27,35,303,Textiles,908,1388.05,Night,1,0.781
1315,2020-05-27,17,623,Electronics,728,492.74,Day,0,0.054
1316,2020-05-27,30,18,Electronics,1055,1232.27,Night,1,0.891
1317,2020-05-27,36,224,Electronics,1286,547.15,Night,0,0.094
1318,2020-05-28,29,185,Raw Materials,665,479.32,Night,0,0.148
1319,2020-05-28,15,179,Raw Materials,1365,484.63,Day,0,0.055
1320,2020-05-28,33,451,Electronics,1233,485.11,Night,0,0.018
1321,2020-05-28,46,266,Electronics,1489,564.29,Night,0,0.013
1322,2020-05-28,16,359,Electronics,1138,436.64,Day,0,0.153
1323,2020-05-28,16,209,Textiles,860,545.05,Night,0,0.128
1324,2020-05-29,10,26,Textiles,837,426.14,Night,0,0.122
1325,2020-05-29,42,384,Food,1373,553.34,Night,0,0.045
1326,2020-05-29,38,27,Textiles,533,501.3,Day,0,0.153
1327,2020-05-29,33,596,Chemicals,875,539.2,Night,0,0.114
1328,2020-05-29,42,81,Chemicals,1257,490.52,Day,0,0.172
1329,2020-05-29,36,429,Raw Materials,1180,533.79,Day,0,0.156
1330,2020-05-29,21,276,Raw Materials,1278,453.8,Day,0,0.073
1331,2020-05-29,16,371,Machinery,744,509.16,Day,0,0.22
1332,2020-05-30,24,82,Textiles,1135,470.64,Night,0,0.109
1333,2020-05-30,31,620,Machinery,957,555.71,Day,0,0.278
1334,2020-05-30,16,418,Textiles,633,602.86,Day,0,0.102
1335,2020-05-30,8,84,Machinery,1134,565.78,Night,0,0.232
1336,2020-05-30,12,465,Chemicals,347,503.39,Day,0,0.23
1337,2020-05-30,46,482,Chemicals,169,507.62,Day,0,0.022
1338,2020-05-30,33,543,Machinery,825,518.44,Night,0,0.209
1339,2020-05-30,16,301,Food,789,459.78,Day,0,0.014
1340,2020-05-30,23,460,Vehicles,1021,467.97,Night,0,0.131
1341,2020-05-31,31,138,Vehicles,1307,610.81,Day,0,0.269
1342,2020-05-31,38,608,Vehicles,1429,469.31,Night,0,0.096
1343,2020-05-31,12,521,Raw Materials,298,1406.33,Night,1,0.858
1344,2020-05-31,33,437,Food,886,567.85,Night,0,0.054
1345,2020-05-31,10,43,Machinery,1163,490.41,Day,0,0.104
1346,2020-05-31,11,122,Food,1096,598.37,Night,0,0.266
1347,2020-05-31,19,266,Chemicals,1464,518.37,Day,0,0.153
1348,2020-05-31,11,29,Textiles,1201,529.86,Day,0,0.002
1349,2020-05-31,2,379,Food,1269,469.43,Day,0,0.136
1350,2020-05-31,8,123,Machinery,1110,520.37,Night,0,0.259
1351,2020-05-31,18,120,Raw Materials,261,482.24,Night,0,0.047
1352,2020-05-31,22,283,Vehicles,1150,476.3,Night,0,0.022
1353,2020-06-01,21,40,Electronics,1167,459.52,Night,0,0.263
1354,2020-06-01,3,9,Chemicals,1300,594.7,Day,0,0.283
1355,2020-06-01,44,201,Machinery,410,470.27,Night,0,0.04
1356,2020-06-01,41,91,Electronics,989,498.77,Day,0,0.167
1357,2020-06-01,14,183,Machinery,638,448.39,Day,0,0.105
1358,2020-06-01,34,185,Raw Materials,574,447.34,Night,0,0.2
1359,2020-06-01,32,402,Textiles,1085,502.31,Night,0,0.269
1360,2020-06-01,19,430,Food,606,535.34,Night,0,0.035
1361,2020-06-01,30,327,Food,915,500.51,Day,0,0.241
1362,2020-06-01,32,616,Vehicles,580,1070.66,Night,1,0.765
1363,2020-06-01,27,63,Food,1482,485.18,Night,0,0.12
1364,2020-06-02,18,498,Food,1403,562.93,Day,0,0.093
1365,2020-06-02,27,227,Textiles,522,522.93,Day,0,0.183
1366,2020-06-02,9,620,Vehicles,143,507.92,Day,0,0.027
1367,2020-06-02,46,342,Raw Materials,1232,521.41,Night,0,0.161
1368,2020-06-02,11,549,Raw Materials,569,528.31,Night,0,0.048
1369,2020-06-02,24,340,Chemicals,1232,1014.45,Night,1,0.982
1370,2020-06-03,33,408,Electronics,421,390.9,Night,0,0.007
1371,2020-06-03,41,254,Food,353,529.81,Day,0,0.245
1372,2020-06-03,18,87,Electronics,1133,456.43,Day,0,0.229
1373,2020-06-03,27,21,Vehicles,1209,487.95,Day,0,0.238
1374,2020-06-03,13,621,Raw Materials,762,501.4,Night,0,0.223
1375,2020-06-03,20,281,Chemicals,304,499.6,Night,0,0.087
1376,2020-06-04,15,417,Machinery,682,572.43,Night,0,0.16
1377,2020-06-04,16,392,Machinery,906,593.3,Day,0,0.136
1378,2020-06-04,37,26,Raw Materials,575,457.48,Night,0,0.143
1379,2020-06-04,7,319,Chemicals,1390,539.58,Night,0,0.259
1380,2020-06-04,32,608,Electronics,389,534.45,Day,0,0.251
1381,2020-06-04,34,581,Electronics,1110,538.8,Day,0,0.045
1382,2020-06-05,45,579,Raw Materials,111,558.25,Night,0,0.063
1383,2020-06-05,36,501,Food,1435,506.08,Night,0,0.166
1384,2020-06-05,6,108,Vehicles,258,541.58,Night,0,0.227
1385,2020-06-05,11,533,Chemicals,504,1072.91,Day,1,0.751
1386,2020-06-05,34,499,Vehicles,1220,570.77,Day,0,0.003
1387,2020-06-05,8,446,Vehicles,1485,505.92,Night,0,0.169
1388,2020-06-05,11,145,Textiles,518,535.2,Night,0,0.286
1389,2020-06-05,24,532,Machinery,1047,532.18,Night,0,0.299
1390,2020-06-06,11,537,Electronics,750,565.85,Night,0,0.045
1391,2020-06-06,5,6,Vehicles,484,496.45,Night,0,0.028
1392,2020-06-06,40,480,Electronics,817,525.75,Day,0,0.265
1393,2020-06-06,23,15,Food,682,544.65,Day,0,0.092
1394,2020-06-06,40,413,Textiles,1208,415.17,Night,0,0.061
1395,2020-06-06,38,157,Vehicles,543,489.87,Day,0,0.239
1396,2020-06-06,38,393,Textiles,1312,543.19,Night,0,0.29
1397,2020-06-07,40,485,Chemicals,105,534.08,Day,0,0.241
1398,2020-06-07,10,147,Machinery,100,350.94,Day,0,0.269
1399,2020-06-07,4,141,Machinery,1461,457.18,Night,0,0.072
1400,2020-06-07,26,387,Vehicles,1071,517.62,Night,0,0.252
1401,2020-06-07,21,544,Textiles,538,646.88,Day,0,0.213
1402,2020-06-07,28,574,Machinery,613,490.64,Night,0,0.167
1403,2020-06-07,28,357,Electronics,848,571.44,Day,0,0.127
1404,2020-06-07,40,574,Machinery,866,456.87,Day,0,0.224
1405,2020-06-07,1,201,Food,1177,539.51,Night,0,0.273
1406,2020-06-07,17,515,Textiles,659,1372.96,Day,1,0.844
1407,2020-06-07,3,260,Vehicles,217,593.24,Night,0,0.278
1408,2020-06-08,41,466,Chemicals,1069,482.75,Night,0,0.194
1409,2020-06-08,35,107,Food,159,429.48,Day,0,0.053
1410,2020-06-08,9,85,Raw Materials,344,436.0,Night,0,0.191
1411,2020-06-08,4,322,Raw Materials,1214,507.28,Day,0,0.221
1412,2020-06-08,22,325,Textiles,850,613.08,Day,0,0.282
1413,2020-06-08,26,427,Electronics,495,543.3,Day,0,0.025
1414,2020-06-08,29,46,Textiles,506,447.0,Night,0,0.123
1415,2020-06-08,41,4,Food,1248,467.31,Night,0,0.209
1416,2020-06-08,37,475,Electronics,285,542.36,Day,0,0.026
1417,2020-06-08,21,606,Raw Materials,446,535.8,Day,0,0.024
1418,2020-06-09,16,316,Vehicles,371,480.47,Day,0,0.114
1419,2020-06-09,19,183,Chemicals,1257,484.7,Night,0,0.265
1420,2020-06-09,12,303,Vehicles,1000,541.99,Night,0,0.147
1421,2020-06-09,38,373,Raw Materials,1414,407.53,Night,0,0.051
1422,2020-06-09,38,395,Textiles,1264,494.67,Day,0,0.211
1423,2020-06-09,23,296,Food,1131,440.62,Day,0,0.154
1424,2020-06-09,14,265,Machinery,634,1056.42,Day,1,0.897
1425,2020-06-09,12,487,Machinery,1301,494.0,Day,0,0.27
1426,2020-06-09,21,108,Raw Materials,116,539.51,Night,0,0.143
1427,2020-06-09,22,103,Food,727,533.25,Day,0,0.132
1428,2020-06-09,40,468,Vehicles,917,553.5,Night,0,0.073
1429,2020-06-10,24,616,Machinery,1489,518.95,Night,0,0.07
1430,2020-06-10,33,111,Machinery,651,507.54,Night,0,0.12
1431,2020-06-10,2,168,Food,1322,629.2,Day,0,0.292
1432,2020-06-10,9,134,Raw Materials,210,462.78,Night,0,0.093
1433,2020-06-10,10,355,Machinery,438,432.01,Night,0,0.052
1434,2020-06-10,20,83,Chemicals,516,519.18,Day,0,0.217
1435,2020-06-10,10,569,Electronics,1077,537.64,Night,0,0.118
1436,2020-06-10,14,484,Raw Materials,1049,522.96,Night,0,0.229
1437,2020-06-10,7,397,Food,373,477.09,Day,0,0.202
1438,2020-06-10,28,612,Textiles,246,548.95,Night,0,0.201
1439,2020-06-10,38,28,Textiles,464,499.21,Day,0,0.247
1440,2020-06-11,39,408,Vehicles,571,460.67,Day,0,0.056
1441,2020-06-11,14,310,Electronics,795,479.75,Night,0,0.093
1442,2020-06-11,44,493,Food,963,530.39,Day,0,0.119
1443,2020-06-11,34,109,Raw Materials,269,448.75,Night,0,0.121
1444,2020-06-11,1,165,Chemicals,1276,569.01,Night,0,0.206
1445,2020-06-11,1,498,Machinery,211,486.98,Night,0,0.181
1446,2020-06-11,29,515,Raw Materials,1069,545.3,Night,0,0.253
1447,2020-06-11,24,115,Machinery,1188,507.73,Day,0,0.002
1448,2020-06-11,46,605,Chemicals,1154,422.96,Night,0,0.218
1449,2020-06-11,30,446,Machinery,676,614.13,Day,0,0.015
1450,2020-06-12,44,379,Machinery,791,522.13,Night,0,0.23
1451,2020-06-12,2,556,Chemicals,700,521.8,Night,0,0.191
1452,2020-06-12,39,115,Vehicles,174,485.85,Night,0,0.119
1453,2020-06-12,12,87,Chemicals,396,461.37,Day,0,0.292
1454,2020-06-12,45,633,Raw Materials,1172,492.3,Day,0,0.012
1455,2020-06-12,21,382,Chemicals,1347,583.73,Day,0,0.115
1456,2020-06-12,6,346,Machinery,920,1719.52,Night,1,0.777
1457,2020-06-12,42,82,Electronics,492,338.31,Night,0,0.162
1458,2020-06-12,16,51,Textiles,1068,423.06,Night,0,0.281
1459,2020-06-12,18,191,Textiles,1475,545.66,Night,0,0.085
1460,2020-06-13,27,213,Raw Materials,948,537.77,Day,0,0.082
1461,2020-06-13,30,614,Electronics,553,537.01,Night,0,0.183
1462,2020-06-13,46,624,Textiles,961,594.54,Night,0,0.099
1463,2020-06-13,25,488,Food,797,477.71,Day,0,0.256
1464,2020-06-13,32,216,Vehicles,898,611.86,Day,0,0.01
1465,2020-06-13,37,81,Textiles,807,560.23,Night,0,0.091
1466,2020-06-14,21,463,Electronics,419,540.09,Night,0,0.05
1467,2020-06-14,23,579,Machinery,147,519.78,Night,0,0.297
1468,2020-06-14,25,551,Machinery,1343,505.17,Day,0,0.037
1469,2020-06-14,26,224,Electronics,1268,505.2,Day,0,0.295
1470,2020-06-14,26,564,Food,545,622.0,Night,0,0.18
1471,2020-06-14,21,372,Vehicles,1396,521.44,Day,0,0.118
1472,2020-06-14,26,507,Food,1020,466.74,Night,0,0.262
1473,2020-06-14,26,296,Textiles,784,528.22,Day,0,0.029
1474,2020-06-14,38,429,Machinery,486,424.64,Night,0,0.186
1475,2020-06-14,9,625,Textiles,1268,528.83,Day,0,0.075
1476,2020-06-14,37,484,Food,146,379.76,Day,0,0.265
1477,2020-06-14,42,399,Raw Materials,430,422.88,Day,0,0.142
1478,2020-06-15,13,331,Food,232,532.58,Day,0,0.062
1479,2020-06-15,30,471,Vehicles,1335,490.3,Day,0,0.138
1480,2020-06-15,42,114,Raw Materials,426,494.06,Night,0,0.217
1481,2020-06-15,5,8,Vehicles,1486,462.64,Day,0,0.116
1482,2020-06-15,27,267,Vehicles,1343,563.74,Day,0,0.16
1483,2020-06-15,2,450,Raw Materials,222,483.73,Night,0,0.231
1484,2020-06-15,24,410,Machinery,354,544.07,Night,0,0.254
1485,2020-06-15,38,115,Food,945,479.87,Day,0,0.145
1486,2020-06-15,17,100,Vehicles,251,459.63,Night,0,0.213
1487,2020-06-15,16,267,Food,1010,484.25,Night,0,0.083
1488,2020-06-15,3,144,Textiles,690,1834.71,Day,1,0.869
1489,2020-06-16,19,315,Textiles,1398,497.49,Day,0,0.046
1490,2020-06-16,45,132,Textiles,698,567.71,Day,0,0.077
1491,2020-06-16,15,29,Textiles,720,504.59,Day,0,0.153
1492,2020-06-16,34,416,Textiles,448,515.69,Night,0,0.193
1493,2020-06-16,38,514,Textiles,866,419.82,Night,0,0.261
1494,2020-06-16,31,180,Machinery,129,571.96,Night,0,0.019
1495,2020-06-16,15,317,Chemicals,407,500.97,Day,0,0.195
1496,2020-06-16,23,511,Textiles,1407,596.05,Night,0,0.252
1497,2020-06-16,34,234,Food,1460,599.07,Day,0,0.152
1498,2020-06-16,18,567,Raw Materials,214,538.82,Day,0,0.157
1499,2020-06-16,16,263,Vehicles,1432,544.88,Day,0,0.053
1500,2020-06-17,18,566,Electronics,489,489.65,Night,0,0.275
1501,2020-06-17,9,536,Electronics,525,532.07,Night,0,0.139
1502,2020-06-17,35,53,Raw Materials,1398,556.6,Night,0,0.143
1503,2020-06-17,29,86,Chemicals,304,463.53,Night,0,0.171
1504,2020-06-17,38,441,Vehicles,1006,502.36,Day,0,0.058
1505,2020-06-17,41,630,Electronics,615,514.84,Night,0,0.053
1506,2020-06-17,33,495,Vehicles,713,442.05,Night,0,0.16
1507,2020-06-17,22,282,Vehicles,1001,570.63,Night,0,0.002
1508,2020-06-17,33,482,Chemicals,466,561.24,Night,0,0.13
1509,2020-06-17,20,97,Food,1406,462.24,Night,0,0.033
1510,2020-06-18,14,315,Food,1186,427.23,Night,0,0.205
1511,2020-06-18,40,216,Food,420,529.78,Day,0,0.047
1512,2020-06-18,43,161,Textiles,1070,534.07,Night,0,0.237
1513,2020-06-18,18,235,Machinery,721,474.29,Night,0,0.249
1514,2020-06-18,21,461,Machinery,1253,537.6,Night,0,0.125
1515,2020-06-18,26,57,Food,1422,552.17,Night,0,0.006
1516,2020-06-18,46,208,Vehicles,624,382.48,Day,0,0.112
1517,2020-06-19,28,392,Textiles,1246,507.65,Night,0,0.132
1518,2020-06-19,18,110,Chemicals,428,407.29,Day,0,0.144
1519,2020-06-19,38,482,Raw Materials,1450,417.22,Day,0,0.075
1520,2020-06-19,39,601,Electronics,307,593.41,Night,0,0.103
1521,2020-06-19,35,379,Food,327,391.04,Night,0,0.293
1522,2020-06-19,27,156,Textiles,712,522.02,Day,0,0.169
1523,2020-06-19,29,252,Textiles,1219,524.66,Night,0,0.087
1524,2020-06-19,2,144,Raw Materials,742,466.53,Day,0,0.108
1525,2020-06-20,29,220,Food,1059,535.87,Day,0,0.291
1526,2020-06-20,17,262,Chemicals,344,556.49,Day,0,0.128
1527,2020-06-20,32,50,Textiles,864,1560.27,Day,1,0.939
1528,2020-06-20,35,504,Textiles,783,500.18,Night,0,0.22
1529,2020-06-20,37,95,Textiles,424,519.23,Day,0,0.277
1530,2020-06-20,40,196,Raw Materials,1500,413.26,Day,0,0.083
1531,2020-06-20,29,156,Electronics,472,465.19,Night,0,0.208
1532,2020-06-20,28,22,Textiles,701,1497.02,Night,1,0.706
1533,2020-06-20,15,331,Chemicals,630,547.35,Night,0,0.16
1534,2020-06-20,42,206,Vehicles,1281,454.6,Night,0,0.232
1535,2020-06-20,14,316,Electronics,153,864.76,Day,1,0.805
1536,2020-06-20,5,336,Chemicals,1447,490.11,Night,0,0.091
1537,2020-06-21,18,239,Raw Materials,827,615.05,Day,0,0.037
1538,2020-06-21,25,27,Raw Materials,527,511.41,Night,0,0.134
1539,2020-06-21,26,204,Raw Materials,879,504.03,Day,0,0.152
1540,2020-06-21,38,529,Chemicals,529,486.59,Day,0,0.147
1541,2020-06-21,39,367,Machinery,491,503.64,Night,0,0.143
1542,2020-06-21,33,115,Electronics,114,510.03,Night,0,0.126
1543,2020-06-21,7,364,Food,233,413.25,Night,0,0.3
1544,2020-06-21,6,400,Electronics,662,540.43,Night,0,0.269
1545,2020-06-21,3,145,Chemicals,1256,568.22,Day,0,0.141
1546,2020-06-22,4,611,Raw Materials,1453,540.35,Day,0,0.185
1547,2020-06-22,11,430,Chemicals,1162,599.52,Day,0,0.054
1548,2020-06-22,8,167,Machinery,517,483.42,Day,0,0.188
1549,2020-06-22,17,329,Raw Materials,152,1519.12,Day,1,0.974
1550,2020-06-22,3,553,Raw Materials,1325,625.68,Night,0,0.051
1551,2020-06-22,7,16,Chemicals,288,472.8,Night,0,0.139
1552,2020-06-23,35,451,Raw Materials,1335,523.29,Day,0,0.0
1553,2020-06-23,31,481,Chemicals,761,482.79,Night,0,0.215
1554,2020-06-23,31,505,Chemicals,549,480.06,Day,0,0.242
1555,2020-06-23,10,231,Vehicles,294,502.37,Day,0,0.075
1556,2020-06-23,17,190,Food,1046,453.14,Night,0,0.156
1557,2020-06-23,37,274,Food,964,497.06,Day,0,0.255
1558,2020-06-23,25,50,Chemicals,129,525.22,Day,0,0.01
1559,2020-06-23,16,166,Food,123,437.02,Night,0,0.189
1560,2020-06-23,37,416,Chemicals,1028,479.07,Night,0,0.164
1561,2020-06-24,18,527,Food,481,496.3,Night,0,0.165
1562,2020-06-24,43,99,Raw Materials,1163,578.87,Night,0,0.235
1563,2020-06-24,28,27,Electronics,565,596.29,Day,0,0.214
1564,2020-06-24,9,356,Machinery,993,493.65,Night,0,0.282
1565,2020-06-24,33,187,Raw Materials,1146,535.9,Night,0,0.005
1566,2020-06-24,23,539,Textiles,1186,623.3,Day,0,0.24
1567,2020-06-25,35,236,Food,425,528.73,Day,0,0.185
1568,2020-06-25,46,156,Raw Materials,514,499.6,Night,0,0.288
1569,2020-06-25,26,304,Textiles,962,557.83,Night,0,0.281
1570,2020-06-25,1,77,Vehicles,1238,466.15,Night,0,0.063
1571,2020-06-25,40,609,Electronics,940,567.26,Day,0,0.292
1572,2020-06-25,16,401,Vehicles,958,554.42,Day,0,0.058
1573,2020-06-25,23,73,Food,387,513.67,Day,0,0.283
1574,2020-06-25,10,211,Chemicals,1476,500.48,Night,0,0.098
1575,2020-06-26,8,534,Textiles,310,528.26,Night,0,0.131
1576,2020-06-26,8,555,Chemicals,244,454.82,Night,0,0.226
1577,2020-06-26,22,279,Machinery,623,559.22,Day,0,0.263
1578,2020-06-26,45,499,Chemicals,1170,535.69,Night,0,0.299
1579,2020-06-26,39,614,Chemicals,1461,445.0,Night,0,0.017
1580,2020-06-26,7,287,Food,1411,519.28,Night,0,0.126
1581,2020-06-26,17,366,Electronics,307,491.52,Day,0,0.066
1582,2020-06-26,28,273,Raw Materials,1099,473.99,Day,0,0.251
1583,2020-06-26,25,622,Electronics,1332,612.49,Night,0,0.03
1584,2020-06-26,7,121,Food,1288,570.39,Day,0,0.271
1585,2020-06-26,27,404,Food,1425,545.71,Day,0,0.157
1586,2020-06-27,41,443,Chemicals,1261,413.08,Day,0,0.189
1587,2020-06-27,22,102,Machinery,158,476.46,Night,0,0.246
1588,2020-06-27,23,361,Food,1013,413.87,Day,0,0.097
1589,2020-06-27,45,270,Chemicals,1243,525.29,Day,0,0.12
1590,2020-06-27,23,177,Raw Materials,282,427.16,Night,0,0.185
1591,2020-06-27,15,325,Electronics,285,474.32,Night,0,0.056
1592,2020-06-27,25,208,Raw Materials,1094,483.56,Night,0,0.242
1593,2020-06-27,24,164,Food,132,542.9,Day,0,0.21
1594,2020-06-27,36,304,Machinery,1366,558.32,Day,0,0.06
1595,2020-06-28,46,613,Raw Materials,639,541.51,Night,0,0.04
1596,2020-06-28,25,107,Textiles,1267,538.68,Night,0,0.097
1597,2020-06-28,15,454,Chemicals,1222,1413.1,Day,1,0.909
1598,2020-06-28,15,252,Machinery,1426,655.3,Day,0,0.044
1599,2020-06-28,19,250,Raw Materials,1353,465.72,Day,0,0.3
1600,2020-06-28,13,423,Raw Materials,1162,520.46,Day,0,0.188
1601,2020-06-29,17,373,Machinery,858,423.93,Night,0,0.162
1602,2020-06-29,5,138,Raw Materials,605,574.91,Night,0,0.174
1603,2020-06-29,7,520,Textiles,742,575.91,Night,0,0.105
1604,2020-06-29,45,568,Machinery,651,583.26,Day,0,0.016
1605,2020-06-29,40,449,Textiles,993,1743.54,Night,1,0.895
1606,2020-06-29,23,489,Electronics,1496,586.21,Day,0,0.286
1607,2020-06-29,18,584,Vehicles,156,504.39,Night,0,0.283
1608,2020-06-29,26,221,Food,1202,465.09,Night,0,0.091
1609,2020-06-29,15,584,Chemicals,1205,594.02,Night,0,0.291
1610,2020-06-30,46,367,Raw Materials,245,496.54,Day,0,0.159
1611,2020-06-30,11,200,Textiles,467,510.0,Day,0,0.219
1612,2020-06-30,22,92,Machinery,1275,499.5,Day,0,0.206
1613,2020-06-30,27,391,Chemicals,803,526.43,Night,0,0.129
1614,2020-06-30,17,512,Chemicals,633,546.98,Day,0,0.068
1615,2020-06-30,42,84,Machinery,292,475.18,Night,0,0.295
1616,2020-07-01,44,383,Chemicals,103,495.26,Day,0,0.159
1617,2020-07-01,1,335,Food,156,527.7,Night,0,0.021
1618,2020-07-01,12,194,Chemicals,1196,437.55,Night,0,0.104
1619,2020-07-01,44,159,Textiles,462,544.98,Night,0,0.053
1620,2020-07-01,10,456,Textiles,179,461.19,Day,0,0.266
1621,2020-07-01,8,320,Electronics,814,482.31,Night,0,0.03
1622,2020-07-02,39,159,Machinery,1448,433.13,Night,0,0.117
1623,2020-07-02,29,120,Food,604,478.35,Day,0,0.057
1624,2020-07-02,26,43,Electronics,1083,530.42,Night,0,0.273
1625,2020-07-02,46,606,Raw Materials,1164,591.88,Day,0,0.169
1626,2020-07-02,45,545,Raw Materials,1218,558.22,Night,0,0.085
1627,2020-07-02,9,459,Food,1382,474.9,Day,0,0.007
1628,2020-07-02,7,330,Textiles,896,533.53,Night,0,0.298
1629,2020-07-03,19,57,Chemicals,282,473.1,Day,0,0.163
1630,2020-07-03,42,322,Textiles,157,1396.12,Day,1,0.756
1631,2020-07-03,35,54,Vehicles,1141,464.38,Night,0,0.21
1632,2020-07-03,14,102,Chemicals,553,488.48,Night,0,0.022
1633,2020-07-03,14,508,Textiles,1411,508.92,Day,0,0.27
1634,2020-07-03,8,298,Chemicals,1450,517.88,Day,0,0.249
1635,2020-07-03,12,400,Food,923,539.58,Day,0,0.201
1636,2020-07-03,28,585,Chemicals,1438,539.8,Night,0,0.082
1637,2020-07-03,45,11,Raw Materials,947,417.17,Night,0,0.234
1638,2020-07-03,17,615,Vehicles,909,1898.35,Day,1,0.739
1639,2020-07-03,45,229,Vehicles,334,586.49,Day,0,0.055
1640,2020-07-03,21,172,Vehicles,915,567.79,Night,0,0.086
1641,2020-07-04,37,268,Raw Materials,344,421.51,Day,0,0.026
1642,2020-07-04,32,206,Textiles,173,579.59,Day,0,0.033
1643,2020-07-04,15,39,Chemicals,271,492.39,Night,0,0.185
1644,2020-07-04,29,147,Textiles,184,403.46,Night,0,0.151
1645,2020-07-04,13,216,Electronics,1264,543.96,Night,0,0.075
1646,2020-07-04,12,359,Chemicals,1419,516.51,Night,0,0.114
1647,2020-07-04,19,518,Chemicals,476,479.87,Day,0,0.008
1648,2020-07-04,29,72,Textiles,1182,475.84,Day,0,0.048
1649,2020-07-04,36,326,Electronics,233,456.31,Day,0,0.051
1650,2020-07-04,21,380,Chemicals,312,535.87,Day,0,0.002
1651,2020-07-04,1,577,Raw Materials,893,540.49,Day,0,0.188
1652,2020-07-04,37,559,Electronics,1428,507.06,Day,0,0.143
1653,2020-07-05,42,396,Vehicles,1361,423.66,Night,0,0.147
1654,2020-07-05,17,354,Machinery,413,568.21,Night,0,0.264
1655,2020-07-05,15,148,Vehicles,457,541.08,Night,0,0.048
1656,2020-07-05,2,443,Chemicals,187,483.91,Night,0,0.213
1657,2020-07-05,35,233,Chemicals,1383,439.85,Night,0,0.125
1658,2020-07-05,29,455,Machinery,844,603.47,Night,0,0.2
1659,2020-07-05,9,543,Chemicals,544,515.04,Day,0,0.219
1660,2020-07-05,40,373,Textiles,936,432.78,Night,0,0.092
1661,2020-07-05,26,145,Electronics,1211,478.05,Night,0,0.232
1662,2020-07-05,40,423,Chemicals,544,470.11,Day,0,0.267
1663,2020-07-06,25,530,Chemicals,1007,545.19,Night,0,0.052
1664,2020-07-06,44,577,Vehicles,923,535.9,Day,0,0.24
1665,2020-07-06,10,422,Machinery,603,522.74,Night,0,0.095
1666,2020-07-06,40,544,Vehicles,298,505.08,Day,0,0.026
1667,2020-07-06,1,55,Raw Materials,284,451.47,Night,0,0.045
1668,2020-07-06,14,315,Food,1376,623.22,Day,0,0.175
1669,2020-07-06,29,487,Vehicles,458,503.36,Night,0,0.27
1670,2020-07-06,10,168,Electronics,1190,524.52,Night,0,0.123
1671,2020-07-06,36,566,Vehicles,675,475.76,Night,0,0.199
1672,2020-07-06,10,456,Raw Materials,180,409.99,Day,0,0.114
1673,2020-07-06,25,489,Raw Materials,140,387.13,Day,0,0.132
1674,2020-07-07,12,459,Machinery,1475,447.17,Day,0,0.266
1675,2020-07-07,6,379,Chemicals,376,455.56,Day,0,0.033
1676,2020-07-07,43,202,Food,270,444.44,Night,0,0.295
1677,2020-07-07,32,17,Chemicals,847,519.67,Night,0,0.156
1678,2020-07-07,2,502,Chemicals,206,471.35,Night,0,0.21
1679,2020-07-07,17,460,Food,182,473.9,Night,0,0.198
1680,2020-07-07,22,565,Chemicals,1378,1998.96,Day,1,0.791
1681,2020-07-07,13,482,Machinery,173,483.75,Night,0,0.11
1682,2020-07-07,33,435,Vehicles,800,475.58,Night,0,0.104
1683,2020-07-07,17,566,Machinery,676,517.05,Day,0,0.025
1684,2020-07-08,21,522,Electronics,363,620.26,Day,0,0.032
1685,2020-07-08,5,182,Electronics,415,456.32,Night,0,0.023
1686,2020-07-08,1,350,Chemicals,1293,508.53,Day,0,0.261
1687,2020-07-08,30,339,Textiles,349,543.88,Day,0,0.278
1688,2020-07-08,12,94,Electronics,986,516.55,Day,0,0.07
1689,2020-07-08,4,82,Food,1380,444.96,Night,0,0.296
1690,2020-07-08,39,191,Food,1484,482.97,Night,0,0.258
1691,2020-07-08,29,190,Electronics,460,541.72,Day,0,0.173
1692,2020-07-08,13,127,Chemicals,483,490.67,Day,0,0.227
1693,2020-07-08,15,167,Vehicles,1313,482.26,Night,0,0.065
1694,2020-07-08,17,354,Textiles,114,551.89,Day,0,0.29
1695,2020-07-09,19,166,Electronics,228,390.93,Day,0,0.227
1696,2020-07-09,28,82,Electronics,1481,509.98,Night,0,0.176
1697,2020-07-09,24,621,Textiles,637,520.45,Day,0,0.243
1698,2020-07-09,24,512,Raw Materials,1101,459.88,Night,0,0.3
1699,2020-07-09,13,234,Electronics,822,430.18,Day,0,0.239
1700,2020-07-09,26,475,Machinery,412,564.08,Night,0,0.225
1701,2020-07-09,27,26,Raw Materials,748,430.39,Day,0,0.11
1702,2020-07-09,28,177,Textiles,476,576.0,Day,0,0.005
1703,2020-07-10,10,278,Chemicals,144,470.39,Night,0,0.256
1704,2020-07-10,18,234,Machinery,1342,522.71,Day,0,0.13
1705,2020-07-10,11,500,Food,317,551.81,Day,0,0.087
1706,2020-07-10,16,532,Raw Materials,543,534.21,Night,0,0.004
1707,2020-07-10,20,163,Vehicles,736,466.5,Night,0,0.039
1708,2020-07-10,19,350,Raw Materials,362,454.82,Night,0,0.291
1709,2020-07-10,5,19,Food,954,498.03,Night,0,0.273
1710,2020-07-10,21,488,Textiles,797,621.35,Night,0,0.099
1711,2020-07-10,13,131,Raw Materials,1395,397.13,Night,0,0.183
1712,2020-07-11,16,501,Electronics,741,449.87,Night,0,0.029
1713,2020-07-11,10,330,Textiles,1105,416.29,Day,0,0.218
1714,2020-07-11,5,461,Raw Materials,495,526.95,Night,0,0.083
1715,2020-07-11,10,373,Machinery,605,509.15,Day,0,0.186
1716,2020-07-11,36,150,Food,1092,493.48,Night,0,0.181
1717,2020-07-11,35,205,Textiles,1339,580.78,Day,0,0.058
1718,2020-07-11,33,290,Raw Materials,870,578.79,Day,0,0.246
1719,2020-07-11,1,306,Chemicals,395,500.15,Night,0,0.126
1720,2020-07-11,24,477,Machinery,1381,531.45,Day,0,0.047
1721,2020-07-11,29,322,Food,1033,513.58,Day,0,0.049
1722,2020-07-11,9,331,Electronics,207,591.55,Day,0,0.166
1723,2020-07-11,24,146,Raw Materials,868,427.89,Night,0,0.119
1724,2020-07-12,40,36,Food,1258,467.97,Night,0,0.012
1725,2020-07-12,33,58,Machinery,230,524.56,Day,0,0.049
1726,2020-07-12,46,241,Raw Materials,837,496.81,Day,0,0.101
1727,2020-07-12,27,352,Machinery,920,456.95,Day,0,0.119
1728,2020-07-12,10,562,Raw Materials,524,513.79,Day,0,0.035
1729,2020-07-12,17,233,Electronics,1420,520.61,Day,0,0.209
1730,2020-07-12,31,44,Chemicals,576,493.14,Day,0,0.286
1731,2020-07-12,9,513,Food,893,1602.24,Night,1,0.848
1732,2020-07-13,46,425,Electronics,509,426.56,Day,0,0.063
1733,2020-07-13,38,504,Food,265,456.8,Day,0,0.049
1734,2020-07-13,14,156,Vehicles,1375,480.0,Day,0,0.167
1735,2020-07-13,33,398,Raw Materials,512,514.23,Day,0,0.269
1736,2020-07-13,26,123,Machinery,159,452.23,Night,0,0.29
1737,2020-07-13,43,525,Chemicals,478,530.78,Night,0,0.28
1738,2020-07-13,14,205,Raw Materials,1480,550.25,Night,0,0.178
1739,2020-07-13,20,370,Electronics,1426,461.1,Night,0,0.076
1740,2020-07-13,33,25,Electronics,543,447.28,Night,0,0.258
1741,2020-07-13,14,512,Vehicles,770,451.91,Night,0,0.276
1742,2020-07-13,31,575,Raw Materials,1466,544.83,Night,0,0.075
1743,2020-07-14,7,1,Textiles,202,573.14,Day,0,0.091
1744,2020-07-14,25,582,Electronics,209,439.41,Day,0,0.194
1745,2020-07-14,28,382,Food,955,1073.44,Day,1,0.743
1746,2020-07-14,30,210,Vehicles,1496,495.46,Day,0,0.264
1747,2020-07-14,31,179,Electronics,276,492.32,Day,0,0.208
1748,2020-07-14,18,277,Vehicles,1253,464.81,Day,0,0.219
1749,2020-07-14,10,221,Machinery,1488,519.65,Day,0,0.14
1750,2020-07-14,12,14,Vehicles,229,505.97,Day,0,0.263
1751,2020-07-14,46,289,Chemicals,647,538.94,Night,0,0.07
1752,2020-07-14,29,2,Raw Materials,1253,521.07,Day,0,0.131
1753,2020-07-15,32,238,Food,845,567.6,Day,0,0.163
1754,2020-07-15,24,381,Food,1409,542.97,Day,0,0.052
1755,2020-07-15,26,382,Food,698,549.55,Night,0,0.203
1756,2020-07-15,27,369,Electronics,1333,578.22,Night,0,0.041
1757,2020-07-15,23,478,Raw Materials,1204,1454.52,Night,1,0.958
1758,2020-07-15,41,149,Textiles,1395,473.24,Night,0,0.048
1759,2020-07-15,37,143,Raw Materials,911,540.99,Day,0,0.15
1760,2020-07-15,3,533,Textiles,108,552.13,Day,0,0.165
1761,2020-07-15,11,233,Machinery,339,464.83,Night,0,0.281
1762,2020-07-15,34,403,Textiles,819,603.49,Day,0,0.206
1763,2020-07-15,7,232,Chemicals,485,486.71,Night,0,0.24
1764,2020-07-16,10,74,Chemicals,931,391.63,Night,0,0.063
1765,2020-07-16,41,99,Electronics,133,511.85,Day,0,0.233
1766,2020-07-16,5,69,Machinery,343,493.61,Night,0,0.107
1767,2020-07-16,26,11,Food,894,466.47,Night,0,0.276
1768,2020-07-16,41,630,Vehicles,1106,556.91,Day,0,0.15
1769,2020-07-16,23,32,Vehicles,1069,522.48,Night,0,0.029
1770,2020-07-16,45,602,Vehicles,1104,483.71,Night,0,0.114
1771,2020-07-16,32,89,Food,1213,531.9,Night,0,0.189
1772,2020-07-16,7,466,Vehicles,790,524.26,Night,0,0.295
1773,2020-07-17,21,318,Chemicals,1356,510.27,Night,0,0.259
1774,2020-07-17,2,519,Electronics,1128,511.56,Night,0,0.082
1775,2020-07-17,37,398,Food,1299,554.65,Day,0,0.136
1776,2020-07-17,11,41,Textiles,778,532.46,Night,0,0.206
1777,2020-07-17,5,204,Machinery,610,596.5,Night,0,0.272
1778,2020-07-17,25,45,Chemicals,557,497.31,Night,0,0.205
1779,2020-07-18,32,235,Raw Materials,337,528.86,Night,0,0.284
1780,2020-07-18,37,25,Machinery,850,501.7,Night,0,0.129
1781,2020-07-18,46,538,Vehicles,1213,570.85,Night,0,0.167
1782,2020-07-18,28,69,Electronics,638,539.72,Day,0,0.199
1783,2020-07-18,31,411,Chemicals,347,535.73,Day,0,0.059
1784,2020-07-18,43,560,Textiles,638,519.64,Night,0,0.291
1785,2020-07-18,43,190,Electronics,1246,523.6,Night,0,0.224
1786,2020-07-18,26,12,Electronics,1144,507.2,Night,0,0.034
1787,2020-07-18,43,273,Food,380,496.09,Day,0,0.064
1788,2020-07-18,43,487,Machinery,538,532.74,Night,0,0.116
1789,2020-07-18,41,555,Chemicals,1466,577.66,Day,0,0.02
1790,2020-07-18,33,75,Chemicals,1383,554.67,Day,0,0.252
1791,2020-07-19,15,269,Electronics,984,554.56,Night,0,0.058
1792,2020-07-19,24,401,Textiles,560,508.96,Night,0,0.038
1793,2020-07-19,40,522,Vehicles,1401,544.85,Night,0,0.232
1794,2020-07-19,28,615,Machinery,235,592.14,Day,0,0.211
1795,2020-07-19,10,41,Food,905,479.15,Night,0,0.102
1796,2020-07-19,35,620,Food,1062,595.98,Night,0,0.116
1797,2020-07-19,45,604,Machinery,790,578.27,Day,0,0.155
1798,2020-07-19,41,65,Vehicles,649,518.97,Night,0,0.262
1799,2020-07-20,33,234,Food,590,470.34,Night,0,0.248
1800,2020-07-20,34,422,Food,1324,497.44,Night,0,0.198
1801,2020-07-20,40,143,Chemicals,840,471.14,Night,0,0.139
1802,2020-07-20,34,178,Vehicles,696,441.71,Day,0,0.062
1803,2020-07-20,41,346,Vehicles,1117,481.02,Day,0,0.28
1804,2020-07-20,30,551,Chemicals,621,565.06,Night,0,0.076
1805,2020-07-20,25,564,Electronics,236,565.57,Night,0,0.136
1806,2020-07-20,36,598,Textiles,1262,634.86,Night,0,0.08
1807,2020-07-20,28,502,Machinery,995,499.39,Day,0,0.108
1808,2020-07-20,4,43,Food,320,516.6,Day,0,0.081
1809,2020-07-21,7,434,Electronics,1452,515.79,Day,0,0.187
1810,2020-07-21,18,292,Chemicals,572,505.96,Night,0,0.181
1811,2020-07-21,18,566,Raw Materials,584,555.47,Night,0,0.066
1812,2020-07-21,25,209,Chemicals,286,571.04,Day,0,0.184
1813,2020-07-21,18,498,Electronics,604,529.47,Day,0,0.05
1814,2020-07-21,12,226,Electronics,106,472.28,Night,0,0.093
1815,2020-07-21,38,615,Machinery,537,529.55,Night,0,0.133
1816,2020-07-21,10,394,Electronics,1208,604.41,Night,0,0.062
1817,2020-07-21,44,504,Raw Materials,1173,493.02,Night,0,0.116
1818,2020-07-21,29,622,Food,395,546.31,Day,0,0.18
1819,2020-07-21,45,387,Raw Materials,927,518.23,Day,0,0.075
1820,2020-07-21,19,237,Textiles,1061,554.97,Night,0,0.206
1821,2020-07-22,16,67,Vehicles,144,449.5,Night,0,0.147
1822,2020-07-22,29,435,Machinery,622,549.75,Day,0,0.081
1823,2020-07-22,17,491,Chemicals,548,554.55,Day,0,0.243
1824,2020-07-22,3,391,Electronics,568,445.2,Night,0,0.275
1825,2020-07-22,6,631,Food,262,494.22,Day,0,0.042
1826,2020-07-22,28,286,Chemicals,938,520.62,Day,0,0.156
1827,2020-07-22,15,95,Textiles,1440,525.23,Day,0,0.222
1828,2020-07-22,19,562,Machinery,443,418.86,Night,0,0.242
1829,2020-07-22,13,618,Electronics,307,513.13,Day,0,0.234
1830,2020-07-22,36,378,Chemicals,1192,598.37,Day,0,0.074
1831,2020-07-23,21,176,Textiles,142,378.0,Night,0,0.05
1832,2020-07-23,31,160,Chemicals,1347,510.36,Day,0,0.172
1833,2020-07-23,18,474,Machinery,458,492.27,Day,0,0.182
1834,2020-07-23,3,69,Chemicals,101,409.67,Night,0,0.159
1835,2020-07-23,32,405,Textiles,1055,626.81,Night,0,0.182
1836,2020-07-23,46,415,Textiles,934,470.09,Night,0,0.257
1837,2020-07-24,3,212,Textiles,852,530.85,Day,0,0.115
1838,2020-07-24,20,383,Food,1097,489.96,Day,0,0.005
1839,2020-07-24,28,151,Raw Materials,1309,524.34,Night,0,0.091
1840,2020-07-24,16,146,Chemicals,999,424.66,Day,0,0.12
1841,2020-07-24,46,477,Chemicals,1048,590.01,Night,0,0.044
1842,2020-07-24,41,104,Food,208,577.7,Night,0,0.273
1843,2020-07-24,42,444,Textiles,702,468.5,Day,0,0.28
1844,2020-07-25,31,70,Food,496,546.27,Night,0,0.152
1845,2020-07-25,1,104,Vehicles,1250,510.18,Day,0,0.156
1846,2020-07-25,2,460,Food,1355,523.04,Night,0,0.187
1847,2020-07-25,19,377,Raw Materials,1158,421.69,Day,0,0.13
1848,2020-07-25,33,38,Chemicals,873,458.65,Day,0,0.214
1849,2020-07-25,41,274,Chemicals,502,553.23,Day,0,0.013
1850,2020-07-25,20,13,Chemicals,956,529.66,Day,0,0.125
1851,2020-07-25,10,438,Chemicals,101,1639.02,Night,1,0.936
1852,2020-07-25,15,480,Vehicles,1110,509.92,Day,0,0.201
1853,2020-07-25,22,632,Raw Materials,1060,563.45,Night,0,0.267
1854,2020-07-25,22,335,Vehicles,1496,516.44,Day,0,0.177
1855,2020-07-25,44,286,Chemicals,145,471.28,Day,0,0.09
1856,2020-07-26,26,53,Raw Materials,627,510.26,Night,0,0.044
1857,2020-07-26,15,225,Machinery,413,585.19,Day,0,0.124
1858,2020-07-26,26,430,Food,266,470.57,Night,0,0.187
1859,2020-07-26,43,68,Electronics,992,447.15,Night,0,0.294
1860,2020-07-26,22,380,Food,582,535.06,Day,0,0.299
1861,2020-07-26,26,603,Machinery,980,568.08,Day,0,0.049
1862,2020-07-26,11,613,Textiles,871,489.74,Night,0,0.03
1863,2020-07-26,6,9,Textiles,977,482.04,Day,0,0.242
1864,2020-07-26,42,156,Electronics,1065,497.42,Day,0,0.04
1865,2020-07-26,24,366,Electronics,438,1555.22,Day,1,0.996
1866,2020-07-26,40,1,Raw Materials,448,465.18,Day,0,0.247
1867,2020-07-27,7,274,Textiles,1177,578.97,Night,0,0.139
1868,2020-07-27,17,162,Machinery,1342,540.05,Day,0,0.085
1869,2020-07-27,26,347,Vehicles,1068,540.01,Day,0,0.088
1870,2020-07-27,46,411,Raw Materials,581,453.26,Night,0,0.254
1871,2020-07-27,43,335,Chemicals,1044,535.8,Day,0,0.176
1872,2020-07-27,8,152,Machinery,358,525.09,Day,0,0.022
1873,2020-07-27,22,328,Vehicles,1086,495.57,Day,0,0.283
1874,2020-07-27,36,602,Vehicles,529,525.75,Night,0,0.197
1875,2020-07-27,24,161,Chemicals,806,500.06,Night,0,0.076
1876,2020-07-28,32,475,Raw Materials,762,517.36,Night,0,0.245
1877,2020-07-28,46,433,Raw Materials,1260,522.85,Night,0,0.049
1878,2020-07-28,17,426,Machinery,785,489.95,Day,0,0.265
1879,2020-07-28,16,526,Food,514,491.35,Night,0,0.189
1880,2020-07-28,46,352,Food,105,436.21,Night,0,0.231
1881,2020-07-28,33,207,Chemicals,780,483.4,Day,0,0.082
1882,2020-07-28,26,542,Machinery,180,446.45,Day,0,0.216
1883,2020-07-29,19,552,Electronics,682,498.95,Night,0,0.238
1884,2020-07-29,31,428,Textiles,1271,554.42,Night,0,0.095
1885,2020-07-29,38,229,Food,714,576.46,Night,0,0.201
1886,2020-07-29,38,261,Food,108,437.23,Night,0,0.012
1887,2020-07-29,29,245,Electronics,980,536.21,Night,0,0.161
1888,2020-07-29,35,427,Textiles,1410,520.53,Day,0,0.231
1889,2020-07-29,43,53,Textiles,537,420.32,Night,0,0.257
1890,2020-07-29,25,575,Chemicals,1216,515.83,Night,0,0.004
1891,2020-07-29,28,82,Vehicles,602,506.72,Night,0,0.225
1892,2020-07-29,17,174,Vehicles,626,490.69,Night,0,0.272
1893,2020-07-30,11,371,Raw Materials,691,489.08,Day,0,0.021
1894,2020-07-30,10,125,Chemicals,235,556.45,Day,0,0.238
1895,2020-07-30,18,184,Raw Materials,1024,471.75,Day,0,0.16
1896,2020-07-30,33,126,Vehicles,1358,557.1,Night,0,0.025
1897,2020-07-30,6,362,Machinery,487,1596.42,Day,1,0.941
1898,2020-07-30,6,65,Chemicals,800,494.44,Day,0,0.245
1899,2020-07-30,35,199,Raw Materials,1393,470.61,Night,0,0.227
1900,2020-07-31,33,413,Chemicals,489,555.49,Day,0,0.145
1901,2020-07-31,38,69,Raw Materials,1445,581.38,Day,0,0.137
1902,2020-07-31,21,378,Electronics,174,470.19,Day,0,0.001
1903,2020-07-31,23,18,Vehicles,793,412.02,Night,0,0.259
1904,2020-07-31,6,138,Textiles,1166,552.06,Day,0,0.035
1905,2020-07-31,9,485,Textiles,1229,505.16,Night,0,0.01
1906,2020-08-01,41,325,Food,1199,471.07,Day,0,0.088
1907,2020-08-01,7,57,Vehicles,380,460.79,Night,0,0.084
1908,2020-08-01,27,77,Electronics,1120,417.05,Night,0,0.09
1909,2020-08-01,2,27,Food,478,465.44,Night,0,0.181
1910,2020-08-01,7,372,Electronics,641,415.65,Day,0,0.095
1911,2020-08-01,8,188,Textiles,261,507.37,Day,0,0.165
1912,2020-08-01,35,82,Textiles,1447,534.48,Night,0,0.269
1913,2020-08-01,3,320,Electronics,1447,474.85,Night,0,0.028
1914,2020-08-01,38,5,Machinery,187,563.32,Day,0,0.108
1915,2020-08-01,35,110,Chemicals,1310,590.87,Night,0,0.1
1916,2020-08-01,12,583,Vehicles,134,489.45,Day,0,0.219
1917,2020-08-01,9,174,Machinery,110,458.3,Day,0,0.219
1918,2020-08-02,13,505,Electronics,980,424.39,Day,0,0.2
1919,2020-08-02,13,541,Food,378,465.36,Night,0,0.086
1920,2020-08-02,16,632,Vehicles,960,572.04,Day,0,0.182
1921,2020-08-02,1,118,Textiles,491,491.91,Night,0,0.244
1922,2020-08-02,38,123,Chemicals,182,412.27,Day,0,0.075
1923,2020-08-02,3,74,Chemicals,546,1127.79,Night,1,0.733
1924,2020-08-02,45,15,Electronics,799,513.64,Night,0,0.043
1925,2020-08-02,42,127,Food,941,444.8,Night,0,0.199
1926,2020-08-02,41,150,Machinery,823,537.68,Day,0,0.2
1927,2020-08-02,43,249,Machinery,660,467.79,Night,0,0.048
1928,2020-08-02,4,470,Chemicals,946,518.56,Night,0,0.086
1929,2020-08-02,19,287,Machinery,128,426.18,Day,0,0.136
1930,2020-08-03,42,230,Chemicals,664,517.83,Night,0,0.289
1931,2020-08-03,18,165,Chemicals,997,504.1,Night,0,0.146
1932,2020-08-03,15,565,Electronics,648,524.89,Day,0,0.157
1933,2020-08-03,45,102,Raw Materials,1448,455.27,Night,0,0.019
1934,2020-08-03,7,248,Food,600,504.5,Night,0,0.201
1935,2020-08-03,36,629,Vehicles,1117,535.34,Day,0,0.098
1936,2020-08-03,45,568,Textiles,798,1186.06,Night,1,0.733
1937,2020-08-03,20,436,Vehicles,656,437.14,Night,0,0.288
1938,2020-08-04,37,366,Machinery,1066,472.07,Day,0,0.267
1939,2020-08-04,21,47,Food,1065,494.26,Night,0,0.129
1940,2020-08-04,36,17,Electronics,1257,440.81,Day,0,0.069
1941,2020-08-04,3,210,Machinery,1195,533.41,Night,0,0.293
1942,2020-08-04,29,139,Vehicles,539,506.3,Day,0,0.029
1943,2020-08-04,17,12,Electronics,674,421.8,Night,0,0.028
1944,2020-08-04,16,627,Electronics,612,444.75,Day,0,0.161
1945,2020-08-04,41,247,Machinery,667,441.92,Day,0,0.002
1946,2020-08-04,32,222,Food,304,492.81,Night,0,0.175
1947,2020-08-04,37,285,Machinery,814,591.29,Day,0,0.049
1948,2020-08-05,7,586,Vehicles,663,499.74,Day,0,0.247
1949,2020-08-05,15,47,Chemicals,528,507.94,Day,0,0.135
1950,2020-08-05,40,138,Electronics,518,529.89,Day,0,0.227
1951,2020-08-05,20,443,Vehicles,229,516.5,Day,0,0.051
1952,2020-08-05,3,546,Vehicles,960,513.34,Day,0,0.229
1953,2020-08-05,14,75,Machinery,322,423.22,Day,0,0.214
1954,2020-08-05,46,569,Machinery,422,542.69,Night,0,0.178
1955,2020-08-05,43,581,Machinery,970,571.68,Day,0,0.095
1956,2020-08-05,39,220,Chemicals,931,600.98,Day,0,0.232
1957,2020-08-05,30,94,Raw Materials,359,534.18,Day,0,0.285
1958,2020-08-05,8,574,Machinery,1430,507.12,Night,0,0.221
1959,2020-08-06,4,531,Textiles,574,545.57,Day,0,0.257
1960,2020-08-06,35,76,Textiles,1231,469.01,Day,0,0.158
1961,2020-08-06,6,266,Food,1224,534.54,Night,0,0.255
1962,2020-08-06,14,144,Vehicles,1403,532.54,Day,0,0.044
1963,2020-08-06,29,74,Vehicles,1398,425.38,Night,0,0.049
1964,2020-08-06,18,346,Electronics,123,486.66,Day,0,0.233
1965,2020-08-06,45,25,Electronics,760,535.44,Day,0,0.024
1966,2020-08-07,13,493,Machinery,1203,586.67,Day,0,0.017
1967,2020-08-07,41,620,Vehicles,406,570.51,Day,0,0.238
1968,2020-08-07,33,297,Food,426,503.86,Night,0,0.244
1969,2020-08-07,39,591,Food,1105,434.81,Night,0,0.247
1970,2020-08-07,19,514,Food,877,503.23,Day,0,0.152
1971,2020-08-07,30,27,Textiles,200,538.56,Day,0,0.104
1972,2020-08-07,22,91,Vehicles,1156,492.99,Night,0,0.045
1973,2020-08-07,25,577,Chemicals,945,565.48,Day,0,0.096
1974,2020-08-07,43,51,Food,448,514.82,Night,0,0.113
1975,2020-08-07,3,566,Vehicles,1062,567.73,Day,0,0.257
1976,2020-08-07,36,472,Raw Materials,134,499.86,Night,0,0.234
1977,2020-08-08,34,190,Electronics,224,499.06,Day,0,0.118
1978,2020-08-08,34,128,Food,1381,525.98,Day,0,0.289
1979,2020-08-08,42,182,Machinery,609,435.84,Night,0,0.158
1980,2020-08-08,5,410,Chemicals,417,494.33,Night,0,0.042
1981,2020-08-08,26,634,Vehicles,449,456.18,Night,0,0.092
1982,2020-08-08,20,163,Chemicals,959,489.25,Day,0,0.039
1983,2020-08-08,34,442,Electronics,734,558.23,Day,0,0.012
1984,2020-08-08,25,299,Chemicals,826,501.27,Night,0,0.112
1985,2020-08-08,19,44,Machinery,569,487.53,Day,0,0.056
1986,2020-08-08,13,24,Machinery,872,451.87,Day,0,0.238
1987,2020-08-08,19,526,Raw Materials,562,504.55,Day,0,0.15
1988,2020-08-08,12,283,Vehicles,374,459.41,Night,0,0.25
1989,2020-08-09,44,349,Food,1408,613.01,Day,0,0.275
1990,2020-08-09,14,364,Raw Materials,1177,552.14,Day,0,0.095
1991,2020-08-09,46,126,Vehicles,554,519.42,Night,0,0.213
1992,2020-08-09,30,539,Vehicles,353,438.07,Night,0,0.182
1993,2020-08-09,13,247,Vehicles,1490,536.12,Day,0,0.097
1994,2020-08-09,15,41,Raw Materials,171,515.86,Night,0,0.287
1995,2020-08-10,40,518,Raw Materials,770,523.7,Night,0,0.258
1996,2020-08-10,36,538,Electronics,478,526.82,Day,0,0.008
1997,2020-08-10,2,601,Food,949,555.03,Day,0,0.277
1998,2020-08-10,16,387,Machinery,1404,523.37,Night,0,0.079
1999,2020-08-10,19,611,Vehicles,950,618.37,Day,0,0.118
2000,2020-08-10,40,355,Electronics,256,451.55,Day,0,0.021
2001,2020-08-10,8,539,Electronics,1204,517.93,Night,0,0.103
2002,2020-08-10,2,601,Raw Materials,934,569.94,Day,0,0.244
2003,2020-08-10,11,221,Electronics,591,477.48,Day,0,0.028
2004,2020-08-10,3,302,Textiles,1197,533.93,Day,0,0.224
2005,2020-08-10,24,22,Chemicals,1108,543.91,Night,0,0.223
2006,2020-08-10,34,99,Vehicles,363,479.4,Day,0,0.254
2007,2020-08-11,13,57,Food,899,447.88,Day,0,0.229
2008,2020-08-11,25,158,Electronics,756,540.75,Night,0,0.064
2009,2020-08-11,12,224,Food,828,562.47,Night,0,0.131
2010,2020-08-11,7,498,Machinery,1249,527.02,Night,0,0.043
2011,2020-08-11,14,538,Food,182,551.85,Night,0,0.238
2012,2020-08-11,29,199,Food,586,528.98,Night,0,0.2
2013,2020-08-12,34,140,Electronics,534,503.73,Night,0,0.016
2014,2020-08-12,43,380,Vehicles,136,536.13,Night,0,0.014
2015,2020-08-12,24,579,Raw Materials,692,1840.17,Day,1,0.998
2016,2020-08-12,38,170,Raw Materials,1324,527.92,Night,0,0.187
2017,2020-08-12,41,431,Raw Materials,1445,489.57,Night,0,0.18
2018,2020-08-12,44,468,Textiles,705,567.45,Day,0,0.235
2019,2020-08-12,38,394,Chemicals,776,467.47,Day,0,0.266
2020,2020-08-12,37,634,Chemicals,489,509.22,Day,0,0.252
2021,2020-08-12,15,302,Raw Materials,980,462.35,Day,0,0.122
2022,2020-08-12,45,24,Chemicals,915,522.77,Night,0,0.137
2023,2020-08-13,2,453,Vehicles,542,464.31,Day,0,0.156
2024,2020-08-13,15,334,Vehicles,599,615.56,Night,0,0.156
2025,2020-08-13,43,575,Raw Materials,683,572.2,Day,0,0.266
2026,2020-08-13,8,146,Food,161,396.66,Night,0,0.255
2027,2020-08-13,10,416,Textiles,1485,560.28,Night,0,0.165
2028,2020-08-13,37,388,Machinery,1390,565.81,Night,0,0.249
2029,2020-08-13,1,576,Raw Materials,972,600.75,Night,0,0.23
2030,2020-08-13,34,322,Raw Materials,346,564.95,Night,0,0.058
2031,2020-08-13,18,409,Chemicals,1303,530.1,Day,0,0.188
2032,2020-08-14,2,169,Raw Materials,558,1349.69,Night,1,0.854
2033,2020-08-14,39,401,Electronics,212,593.41,Night,0,0.061
2034,2020-08-14,6,198,Raw Materials,152,1213.67,Night,1,0.858
2035,2020-08-14,40,286,Food,1389,442.74,Day,0,0.136
2036,2020-08-14,12,535,Raw Materials,1292,477.84,Day,0,0.193
2037,2020-08-14,41,148,Vehicles,854,1396.82,Day,1,0.833
2038,2020-08-15,26,167,Vehicles,1019,550.06,Day,0,0.218
2039,2020-08-15,27,134,Food,139,480.34,Day,0,0.217
2040,2020-08-15,31,394,Chemicals,1257,514.07,Day,0,0.181
2041,2020-08-15,17,24,Textiles,1481,477.93,Night,0,0.061
2042,2020-08-15,15,92,Food,832,501.67,Day,0,0.051
2043,2020-08-15,23,411,Machinery,1215,566.51,Day,0,0.299
2044,2020-08-15,11,105,Textiles,434,1034.71,Day,1,0.925
2045,2020-08-15,16,526,Chemicals,1057,441.02,Night,0,0.036
2046,2020-08-16,29,77,Food,641,500.7,Night,0,0.218
2047,2020-08-16,11,593,Electronics,388,1767.63,Night,1,0.829
2048,2020-08-16,19,55,Machinery,519,470.09,Day,0,0.25
2049,2020-08-16,26,482,Chemicals,1048,518.52,Day,0,0.275
2050,2020-08-16,5,15,Vehicles,288,441.68,Day,0,0.268
2051,2020-08-16,38,550,Electronics,1386,551.89,Day,0,0.051
2052,2020-08-16,35,349,Raw Materials,1342,568.51,Night,0,0.227
2053,2020-08-17,15,553,Electronics,1155,572.05,Day,0,0.009
2054,2020-08-17,15,587,Vehicles,146,582.33,Night,0,0.211
2055,2020-08-17,35,439,Vehicles,343,416.76,Night,0,0.281
2056,2020-08-17,16,415,Raw Materials,131,525.63,Day,0,0.001
2057,2020-08-17,35,148,Vehicles,450,527.56,Day,0,0.048
2058,2020-08-17,26,375,Raw Materials,786,579.02,Day,0,0.134
2059,2020-08-17,7,272,Textiles,407,499.14,Night,0,0.052
2060,2020-08-17,37,143,Textiles,914,426.18,Night,0,0.226
2061,2020-08-17,3,571,Chemicals,980,485.24,Night,0,0.26
2062,2020-08-17,11,130,Raw Materials,777,457.08,Day,0,0.285
2063,2020-08-17,45,236,Vehicles,1325,496.52,Night,0,0.195
2064,2020-08-17,20,621,Raw Materials,1348,487.66,Night,0,0.189
2065,2020-08-18,6,291,Machinery,1382,462.5,Night,0,0.274
2066,2020-08-18,45,452,Food,466,490.14,Day,0,0.163
2067,2020-08-18,29,400,Chemicals,1204,1518.99,Night,1,0.782
2068,2020-08-18,5,629,Vehicles,1385,468.36,Day,0,0.138
2069,2020-08-18,40,545,Machinery,1209,559.81,Night,0,0.152
2070,2020-08-18,46,158,Food,1157,558.35,Day,0,0.148
2071,2020-08-18,3,545,Vehicles,1173,597.15,Night,0,0.238
2072,2020-08-18,24,54,Electronics,1458,502.83,Night,0,0.108
2073,2020-08-18,25,391,Vehicles,1035,499.79,Night,0,0.084
2074,2020-08-18,35,181,Raw Materials,867,487.37,Night,0,0.055
2075,2020-08-18,34,403,Textiles,907,526.22,Night,0,0.088
2076,2020-08-19,16,137,Raw Materials,901,540.82,Night,0,0.067
2077,2020-08-19,13,560,Food,929,542.77,Day,0,0.098
2078,2020-08-19,35,346,Chemicals,803,521.62,Night,0,0.291
2079,2020-08-19,11,414,Raw Materials,555,470.29,Day,0,0.031
2080,2020-08-19,33,109,Food,849,1655.75,Night,1,0.856
2081,2020-08-19,25,573,Electronics,1349,513.52,Night,0,0.247
2082,2020-08-19,15,8,Food,1386,561.27,Day,0,0.263
2083,2020-08-19,33,591,Raw Materials,331,589.65,Day,0,0.06
2084,2020-08-19,46,342,Food,177,470.4,Day,0,0.109
2085,2020-08-19,26,315,Food,701,481.55,Day,0,0.032
2086,2020-08-19,12,375,Raw Materials,959,525.7,Day,0,0.254
2087,2020-08-20,7,244,Machinery,749,633.49,Night,0,0.254
2088,2020-08-20,45,112,Raw Materials,278,1323.6,Night,1,0.837
2089,2020-08-20,40,542,Vehicles,1311,472.72,Day,0,0.25
2090,2020-08-20,31,7,Food,365,483.82,Night,0,0.154
2091,2020-08-20,36,357,Chemicals,380,552.62,Night,0,0.233
2092,2020-08-20,27,60,Raw Materials,1295,476.76,Night,0,0.238
2093,2020-08-20,29,552,Food,711,549.33,Night,0,0.153
2094,2020-08-20,43,287,Vehicles,1304,487.81,Night,0,0.109
2095,2020-08-20,21,629,Chemicals,1128,613.2,Night,0,0.29
2096,2020-08-20,45,439,Electronics,378,582.61,Night,0,0.002
2097,2020-08-21,3,160,Food,1409,507.83,Night,0,0.288
2098,2020-08-21,9,119,Raw Materials,749,567.94,Night,0,0.002
2099,2020-08-21,22,493,Textiles,517,473.76,Day,0,0.205
2100,2020-08-21,19,311,Raw Materials,1164,473.04,Night,0,0.115
2101,2020-08-21,38,635,Chemicals,1123,599.39,Night,0,0.127
2102,2020-08-21,41,452,Vehicles,946,484.02,Night,0,0.002
2103,2020-08-22,33,172,Food,528,517.53,Night,0,0.244
2104,2020-08-22,46,557,Vehicles,373,518.53,Day,0,0.019
2105,2020-08-22,13,622,Raw Materials,1421,583.61,Day,0,0.113
2106,2020-08-22,1,93,Machinery,637,500.87,Day,0,0.061
2107,2020-08-22,36,475,Electronics,1190,534.28,Night,0,0.026
2108,2020-08-22,30,182,Food,1083,557.71,Day,0,0.078
2109,2020-08-22,24,576,Machinery,377,442.8,Night,0,0.098
2110,2020-08-22,40,93,Machinery,1446,559.77,Night,0,0.219
2111,2020-08-23,4,563,Vehicles,1000,604.48,Day,0,0.137
2112,2020-08-23,14,204,Raw Materials,544,488.69,Night,0,0.197
2113,2020-08-23,12,30,Chemicals,453,561.95,Night,0,0.064
2114,2020-08-23,27,176,Vehicles,974,611.58,Day,0,0.197
2115,2020-08-23,38,78,Chemicals,1232,455.84,Night,0,0.196
2116,2020-08-23,45,251,Food,1238,505.54,Day,0,0.08
2117,2020-08-23,8,501,Vehicles,1109,522.5,Night,0,0.283
2118,2020-08-23,37,341,Raw Materials,619,588.13,Night,0,0.286
2119,2020-08-23,32,626,Chemicals,1015,464.65,Day,0,0.001
2120,2020-08-24,12,451,Chemicals,213,451.32,Day,0,0.2
2121,2020-08-24,39,480,Vehicles,330,508.28,Night,0,0.041
2122,2020-08-24,36,532,Chemicals,405,1796.46,Day,1,0.992
2123,2020-08-24,9,374,Vehicles,211,471.06,Night,0,0.08
2124,2020-08-24,36,501,Textiles,1131,488.9,Night,0,0.171
2125,2020-08-24,23,216,Vehicles,1153,491.22,Night,0,0.277
2126,2020-08-24,3,207,Food,718,549.34,Day,0,0.116
2127,2020-08-24,6,587,Electronics,1042,613.22,Night,0,0.063
2128,2020-08-24,37,96,Raw Materials,405,535.78,Day,0,0.05
2129,2020-08-24,38,357,Electronics,720,519.13,Day,0,0.153
2130,2020-08-25,40,202,Textiles,951,551.33,Day,0,0.025
2131,2020-08-25,44,608,Electronics,1346,1235.27,Night,1,0.746
2132,2020-08-25,14,162,Raw Materials,1042,501.38,Day,0,0.226
2133,2020-08-25,9,55,Textiles,1479,534.85,Day,0,0.039
2134,2020-08-25,12,43,Textiles,165,511.6,Day,0,0.217
2135,2020-08-25,43,542,Chemicals,505,593.1,Night,0,0.088
2136,2020-08-26,28,390,Chemicals,1198,1074.77,Night,1,0.895
2137,2020-08-26,43,309,Chemicals,677,1474.12,Day,1,0.818
2138,2020-08-26,34,144,Raw Materials,117,513.45,Night,0,0.098
2139,2020-08-26,9,154,Machinery,363,584.58,Night,0,0.254
2140,2020-08-26,23,390,Raw Materials,1441,1785.13,Day,1,0.915
2141,2020-08-26,37,611,Chemicals,1294,509.96,Night,0,0.291
2142,2020-08-26,8,146,Chemicals,968,499.03,Night,0,0.165
2143,2020-08-27,24,397,Raw Materials,366,503.78,Night,0,0.266
2144,2020-08-27,10,27,Machinery,210,507.13,Day,0,0.109
2145,2020-08-27,11,491,Textiles,1113,514.31,Day,0,0.133
2146,2020-08-27,6,442,Raw Materials,1309,1273.6,Night,1,0.738
2147,2020-08-27,19,544,Food,754,526.2,Day,0,0.205
2148,2020-08-27,42,8,Vehicles,684,1247.86,Day,1,0.705
2149,2020-08-27,24,416,Textiles,1410,462.02,Night,0,0.187
2150,2020-08-27,24,454,Food,683,517.98,Night,0,0.052
2151,2020-08-27,16,258,Raw Materials,317,560.94,Night,0,0.001
2152,2020-08-27,3,569,Raw Materials,342,595.98,Day,0,0.154
2153,2020-08-28,14,28,Textiles,570,530.63,Night,0,0.027
2154,2020-08-28,11,434,Textiles,126,538.7,Day,0,0.244
2155,2020-08-28,43,376,Electronics,403,413.3,Night,0,0.103
2156,2020-08-28,4,475,Chemicals,1141,1247.66,Day,1,0.774
2157,2020-08-28,30,235,Electronics,197,521.35,Night,0,0.286
2158,2020-08-28,32,308,Raw Materials,920,489.7,Day,0,0.211
2159,2020-08-29,2,579,Chemicals,814,469.02,Night,0,0.128
2160,2020-08-29,28,611,Machinery,160,506.78,Night,0,0.168
2161,2020-08-29,22,204,Textiles,924,569.7,Day,0,0.277
2162,2020-08-29,28,404,Raw Materials,404,579.15,Night,0,0.176
2163,2020-08-29,34,247,Vehicles,1072,544.82,Day,0,0.124
2164,2020-08-29,7,319,Vehicles,1306,1090.08,Night,1,0.735
2165,2020-08-30,38,498,Electronics,616,577.52,Night,0,0.071
2166,2020-08-30,36,70,Textiles,106,503.29,Night,0,0.2
2167,2020-08-30,46,68,Raw Materials,452,552.18,Night,0,0.242
2168,2020-08-30,20,613,Machinery,1341,542.79,Night,0,0.148
2169,2020-08-30,15,67,Machinery,1308,481.9,Day,0,0.181
2170,2020-08-30,19,105,Machinery,303,497.89,Night,0,0.145
2171,2020-08-30,4,497,Textiles,645,504.84,Night,0,0.131
2172,2020-08-30,14,528,Textiles,1264,601.4,Night,0,0.299
2173,2020-08-30,29,16,Vehicles,640,532.53,Day,0,0.198
2174,2020-08-31,14,479,Textiles,1043,561.59,Day,0,0.162
2175,2020-08-31,11,109,Machinery,212,539.16,Day,0,0.189
2176,2020-08-31,43,266,Raw Materials,1217,454.1,Day,0,0.24
2177,2020-08-31,16,379,Chemicals,329,1768.81,Night,1,0.851
2178,2020-08-31,38,297,Raw Materials,244,530.35,Day,0,0.278
2179,2020-08-31,17,312,Chemicals,346,413.0,Day,0,0.154
2180,2020-09-01,37,451,Machinery,123,524.26,Night,0,0.019
2181,2020-09-01,2,266,Machinery,1071,489.82,Day,0,0.054
2182,2020-09-01,13,390,Food,1319,581.45,Day,0,0.229
2183,2020-09-01,43,87,Textiles,1123,466.7,Day,0,0.18
2184,2020-09-01,28,574,Machinery,903,476.53,Day,0,0.3
2185,2020-09-01,31,52,Electronics,1305,457.29,Night,0,0.237
2186,2020-09-01,38,434,Food,974,1919.23,Day,1,0.893
2187,2020-09-02,32,291,Food,872,470.63,Day,0,0.239
2188,2020-09-02,43,408,Food,1410,1702.76,Day,1,0.826
2189,2020-09-02,41,290,Machinery,1219,506.82,Night,0,0.008
2190,2020-09-02,29,524,Chemicals,232,542.29,Night,0,0.046
2191,2020-09-02,22,105,Chemicals,427,536.22,Night,0,0.248
2192,2020-09-02,27,282,Electronics,1129,518.12,Day,0,0.288
2193,2020-09-02,15,273,Textiles,1127,516.37,Night,0,0.296
2194,2020-09-03,31,155,Textiles,1279,519.54,Night,0,0.007
2195,2020-09-03,5,92,Electronics,539,521.12,Night,0,0.298
2196,2020-09-03,16,367,Raw Materials,518,511.33,Day,0,0.032
2197,2020-09-03,14,487,Electronics,799,520.16,Night,0,0.096
2198,2020-09-03,33,97,Food,144,527.33,Night,0,0.108
2199,2020-09-03,18,310,Chemicals,636,517.71,Night,0,0.009
2200,2020-09-03,13,297,Electronics,1261,524.32,Night,0,0.254
2201,2020-09-03,31,496,Raw Materials,1156,545.66,Day,0,0.226
2202,2020-09-03,41,43,Raw Materials,920,526.81,Day,0,0.165
2203,2020-09-04,18,82,Food,947,330.82,Night,0,0.252
2204,2020-09-04,40,190,Vehicles,871,469.84,Night,0,0.164
2205,2020-09-04,40,552,Vehicles,1291,480.34,Day,0,0.279
2206,2020-09-04,25,581,Vehicles,284,564.35,Night,0,0.177
2207,2020-09-04,21,51,Electronics,1356,549.74,Day,0,0.253
2208,2020-09-04,31,370,Vehicles,881,567.71,Day,0,0.013
2209,2020-09-05,5,486,Machinery,1498,515.83,Day,0,0.226
2210,2020-09-05,36,405,Machinery,743,469.73,Day,0,0.293
2211,2020-09-05,42,129,Textiles,1286,500.86,Day,0,0.146
2212,2020-09-05,4,26,Raw Materials,378,536.15,Night,0,0.291
2213,2020-09-05,17,184,Food,870,576.73,Day,0,0.271
2214,2020-09-05,36,629,Machinery,1118,521.63,Night,0,0.098
2215,2020-09-06,17,166,Raw Materials,736,464.25,Day,0,0.133
2216,2020-09-06,35,30,Raw Materials,731,579.74,Night,0,0.289
2217,2020-09-06,13,519,Machinery,367,510.22,Day,0,0.121
2218,2020-09-06,25,134,Raw Materials,957,596.38,Day,0,0.087
2219,2020-09-06,7,407,Textiles,1345,1506.89,Night,1,0.828
2220,2020-09-06,12,122,Chemicals,702,595.56,Day,0,0.229
2221,2020-09-06,29,439,Vehicles,1444,463.13,Night,0,0.184
2222,2020-09-06,25,29,Electronics,462,512.62,Day,0,0.295
2223,2020-09-06,6,382,Textiles,1158,1355.85,Night,1,0.861
2224,2020-09-07,31,603,Machinery,1112,414.71,Night,0,0.038
2225,2020-09-07,6,178,Machinery,127,520.97,Night,0,0.215
2226,2020-09-07,17,169,Electronics,401,469.63,Night,0,0.276
2227,2020-09-07,4,209,Chemicals,1080,485.19,Night,0,0.219
2228,2020-09-07,35,50,Textiles,817,536.65,Night,0,0.191
2229,2020-09-07,24,272,Food,361,556.96,Day,0,0.151
2230,2020-09-08,24,275,Electronics,1484,571.33,Day,0,0.076
2231,2020-09-08,42,377,Vehicles,1056,481.9,Night,0,0.264
2232,2020-09-08,8,144,Chemicals,1016,531.83,Day,0,0.161
2233,2020-09-08,32,636,Machinery,997,583.4,Day,0,0.199
2234,2020-09-08,42,171,Chemicals,162,452.35,Night,0,0.25
2235,2020-09-08,35,389,Raw Materials,249,1521.83,Day,1,0.94
2236,2020-09-08,5,622,Chemicals,185,494.66,Night,0,0.214
2237,2020-09-08,13,34,Textiles,570,462.45,Night,0,0.08
2238,2020-09-09,22,236,Electronics,173,552.81,Night,0,0.259
2239,2020-09-09,41,107,Vehicles,911,441.74,Day,0,0.02
2240,2020-09-09,28,354,Food,620,536.25,Day,0,0.201
2241,2020-09-09,24,268,Machinery,209,513.15,Night,0,0.108
2242,2020-09-09,5,487,Machinery,1231,491.28,Day,0,0.193
2243,2020-09-09,42,329,Vehicles,1320,562.61,Day,0,0.154
2244,2020-09-09,17,552,Raw Materials,1374,574.63,Night,0,0.128
2245,2020-09-10,34,527,Raw Materials,1326,670.31,Day,0,0.174
2246,2020-09-10,9,491,Food,1020,577.66,Day,0,0.076
2247,2020-09-10,15,38,Raw Materials,1325,384.77,Day,0,0.053
2248,2020-09-10,9,209,Textiles,1020,490.25,Day,0,0.071
2249,2020-09-10,37,106,Electronics,1423,472.34,Day,0,0.245
2250,2020-09-10,37,216,Textiles,1154,469.58,Day,0,0.214
2251,2020-09-10,36,218,Chemicals,348,531.79,Day,0,0.053
2252,2020-09-10,1,17,Vehicles,1169,515.42,Day,0,0.13
2253,2020-09-10,8,47,Textiles,1393,423.55,Day,0,0.203
2254,2020-09-10,46,396,Electronics,1221,456.9,Day,0,0.089
2255,2020-09-11,25,96,Electronics,581,534.15,Night,0,0.073
2256,2020-09-11,6,604,Raw Materials,1088,514.72,Day,0,0.235
2257,2020-09-11,36,142,Food,733,373.99,Day,0,0.203
2258,2020-09-11,7,36,Chemicals,134,571.72,Day,0,0.225
2259,2020-09-11,12,4,Raw Materials,671,611.28,Night,0,0.131
2260,2020-09-11,5,340,Vehicles,194,470.81,Day,0,0.292
2261,2020-09-11,43,400,Food,288,587.7,Night,0,0.111
2262,2020-09-11,6,93,Food,103,542.17,Day,0,0.162
2263,2020-09-12,26,629,Raw Materials,1366,1504.12,Night,1,0.928
2264,2020-09-12,28,430,Food,1234,535.5,Day,0,0.16
2265,2020-09-12,37,579,Chemicals,895,454.3,Night,0,0.162
2266,2020-09-12,36,569,Machinery,1183,473.77,Day,0,0.198
2267,2020-09-12,32,630,Food,162,482.27,Day,0,0.136
2268,2020-09-12,5,584,Machinery,147,568.95,Night,0,0.071
2269,2020-09-13,6,136,Vehicles,834,374.85,Night,0,0.168
2270,2020-09-13,12,390,Food,261,543.09,Day,0,0.002
2271,2020-09-13,37,378,Electronics,1044,471.65,Day,0,0.035
2272,2020-09-13,32,468,Vehicles,284,550.25,Night,0,0.041
2273,2020-09-13,19,395,Raw Materials,252,563.53,Day,0,0.165
2274,2020-09-13,18,95,Chemicals,992,533.45,Night,0,0.049
2275,2020-09-14,31,343,Machinery,209,555.12,Day,0,0.079
2276,2020-09-14,24,273,Electronics,1233,428.67,Day,0,0.088
2277,2020-09-14,32,47,Machinery,1135,566.15,Night,0,0.253
2278,2020-09-14,24,509,Vehicles,1276,1817.09,Day,1,0.719
2279,2020-09-14,26,225,Machinery,663,569.39,Night,0,0.041
2280,2020-09-14,31,182,Textiles,1351,494.84,Day,0,0.216
2281,2020-09-14,18,6,Electronics,1094,382.01,Day,0,0.055
2282,2020-09-14,45,269,Chemicals,284,485.95,Night,0,0.126
2283,2020-09-14,25,556,Electronics,1086,615.92,Night,0,0.192
2284,2020-09-14,4,94,Textiles,861,541.21,Day,0,0.183
2285,2020-09-15,30,112,Food,480,1105.59,Day,1,0.984
2286,2020-09-15,29,55,Chemicals,189,1141.16,Day,1,0.829
2287,2020-09-15,21,16,Machinery,625,576.59,Day,0,0.263
2288,2020-09-15,37,320,Vehicles,700,449.06,Night,0,0.194
2289,2020-09-15,37,535,Machinery,1314,490.77,Night,0,0.103
2290,2020-09-15,39,264,Machinery,336,487.06,Night,0,0.22
2291,2020-09-15,40,528,Machinery,514,535.43,Day,0,0.271
2292,2020-09-15,5,37,Food,192,400.66,Night,0,0.232
2293,2020-09-15,43,626,Chemicals,475,612.34,Night,0,0.264
2294,2020-09-15,24,449,Textiles,595,544.63,Night,0,0.276
2295,2020-09-15,27,543,Machinery,659,588.29,Day,0,0.134
2296,2020-09-15,38,562,Vehicles,614,517.71,Day,0,0.279
2297,2020-09-16,13,561,Chemicals,751,534.09,Night,0,0.272
2298,2020-09-16,20,416,Textiles,197,462.24,Day,0,0.016
2299,2020-09-16,29,284,Machinery,837,480.36,Day,0,0.288
2300,2020-09-16,11,211,Vehicles,119,526.18,Day,0,0.162
2301,2020-09-16,22,333,Electronics,1110,1716.41,Day,1,0.731
2302,2020-09-16,15,103,Electronics,1047,472.5,Day,0,0.282
2303,2020-09-16,7,616,Chemicals,772,562.06,Day,0,0.117
2304,2020-09-16,44,182,Vehicles,148,415.38,Day,0,0.186
2305,2020-09-16,15,323,Vehicles,270,424.75,Night,0,0.2
2306,2020-09-16,12,449,Raw Materials,1258,347.95,Night,0,0.289
2307,2020-09-17,11,428,Electronics,754,536.48,Day,0,0.055
2308,2020-09-17,23,603,Machinery,1397,554.54,Night,0,0.102
2309,2020-09-17,29,290,Raw Materials,1108,569.16,Day,0,0.039
2310,2020-09-17,39,564,Food,1308,562.39,Day,0,0.193
2311,2020-09-17,15,68,Electronics,904,485.72,Day,0,0.091
2312,2020-09-17,1,209,Electronics,668,592.19,Day,0,0.281
2313,2020-09-18,28,47,Electronics,247,421.93,Night,0,0.287
2314,2020-09-18,42,345,Textiles,835,492.41,Day,0,0.225
2315,2020-09-18,24,581,Chemicals,193,501.85,Night,0,0.289
2316,2020-09-18,37,592,Vehicles,139,532.39,Day,0,0.129
2317,2020-09-18,36,61,Textiles,892,1489.91,Day,1,0.772
2318,2020-09-18,31,513,Vehicles,1493,460.37,Night,0,0.267
2319,2020-09-18,14,199,Food,1289,454.36,Night,0,0.006
2320,2020-09-19,32,470,Raw Materials,421,363.43,Night,0,0.002
2321,2020-09-19,11,357,Electronics,1110,528.7,Day,0,0.27
2322,2020-09-19,12,293,Machinery,1200,574.6,Day,0,0.175
2323,2020-09-19,41,192,Chemicals,553,461.46,Day,0,0.221
2324,2020-09-19,3,586,Vehicles,963,628.17,Day,0,0.014
2325,2020-09-19,16,6,Textiles,618,489.09,Night,0,0.027
2326,2020-09-19,26,455,Raw Materials,378,541.26,Day,0,0.002
2327,2020-09-19,44,343,Food,1252,373.9,Night,0,0.257
2328,2020-09-19,12,90,Textiles,1315,458.59,Day,0,0.094
2329,2020-09-20,3,237,Machinery,1474,1641.46,Day,1,0.837
2330,2020-09-20,23,534,Electronics,623,498.61,Day,0,0.139
2331,2020-09-20,2,611,Electronics,1011,599.99,Day,0,0.068
2332,2020-09-20,36,7,Chemicals,983,556.76,Day,0,0.05
2333,2020-09-20,42,623,Electronics,822,580.5,Day,0,0.172
2334,2020-09-20,32,5,Textiles,293,461.52,Night,0,0.232
2335,2020-09-20,33,448,Textiles,860,489.78,Day,0,0.264
2336,2020-09-20,37,475,Chemicals,292,551.54,Night,0,0.155
2337,2020-09-20,46,52,Chemicals,1080,403.66,Night,0,0.065
2338,2020-09-21,25,624,Textiles,1291,520.45,Day,0,0.052
2339,2020-09-21,33,283,Food,209,419.1,Night,0,0.217
2340,2020-09-21,31,167,Electronics,463,367.58,Day,0,0.185
2341,2020-09-21,35,131,Chemicals,1456,518.11,Day,0,0.084
2342,2020-09-21,18,217,Vehicles,1174,516.18,Day,0,0.02
2343,2020-09-21,24,592,Vehicles,120,483.66,Day,0,0.038
2344,2020-09-21,41,213,Food,405,434.81,Day,0,0.039
2345,2020-09-21,46,450,Food,360,483.71,Night,0,0.058
2346,2020-09-21,9,516,Machinery,787,494.64,Day,0,0.122
2347,2020-09-21,26,202,Vehicles,217,467.15,Day,0,0.248
2348,2020-09-22,30,365,Textiles,296,575.64,Night,0,0.067
2349,2020-09-22,5,24,Textiles,283,406.71,Day,0,0.223
2350,2020-09-22,31,306,Raw Materials,1345,1946.07,Night,1,0.875
2351,2020-09-22,34,224,Raw Materials,159,510.35,Day,0,0.246
2352,2020-09-22,5,635,Machinery,432,620.69,Night,0,0.024
2353,2020-09-22,13,122,Machinery,128,436.62,Night,0,0.111
2354,2020-09-22,27,403,Raw Materials,183,503.15,Night,0,0.21
2355,2020-09-22,10,87,Food,840,553.72,Night,0,0.235
2356,2020-09-22,20,38,Machinery,901,520.52,Night,0,0.205
2357,2020-09-23,13,231,Food,117,474.94,Night,0,0.057
2358,2020-09-23,11,395,Machinery,340,570.46,Day,0,0.291
2359,2020-09-23,17,222,Vehicles,381,576.97,Night,0,0.166
2360,2020-09-23,21,273,Electronics,1490,487.36,Day,0,0.154
2361,2020-09-23,3,547,Textiles,1365,586.47,Night,0,0.192
2362,2020-09-23,20,87,Food,551,526.92,Night,0,0.102
2363,2020-09-23,16,138,Machinery,482,541.77,Night,0,0.071
2364,2020-09-23,16,267,Raw Materials,171,463.79,Day,0,0.072
2365,2020-09-23,6,375,Machinery,157,440.01,Night,0,0.14
2366,2020-09-23,25,578,Machinery,777,584.04,Night,0,0.12
2367,2020-09-24,18,344,Food,591,456.36,Day,0,0.081
2368,2020-09-24,25,609,Raw Materials,230,550.76,Night,0,0.272
2369,2020-09-24,9,81,Food,684,460.67,Day,0,0.172
2370,2020-09-24,40,314,Raw Materials,799,558.84,Day,0,0.12
2371,2020-09-24,10,331,Textiles,880,435.1,Night,0,0.256
2372,2020-09-24,16,14,Raw Materials,665,546.85,Night,0,0.11
2373,2020-09-24,46,603,Food,471,440.82,Day,0,0.299
2374,2020-09-24,17,558,Chemicals,422,601.58,Day,0,0.245
2375,2020-09-24,20,325,Chemicals,214,452.01,Night,0,0.137
2376,2020-09-24,7,19,Textiles,1422,523.84,Day,0,0.037
2377,2020-09-24,34,365,Chemicals,346,582.6,Day,0,0.275
2378,2020-09-25,18,326,Chemicals,842,557.28,Day,0,0.197
2379,2020-09-25,12,444,Food,646,543.04,Night,0,0.015
2380,2020-09-25,32,199,Raw Materials,1427,457.89,Day,0,0.203
2381,2020-09-25,45,542,Raw Materials,799,587.73,Night,0,0.133
2382,2020-09-25,29,136,Machinery,1496,443.48,Night,0,0.056
2383,2020-09-25,30,4,Food,226,494.69,Day,0,0.21
2384,2020-09-25,10,450,Electronics,852,500.22,Day,0,0.156
2385,2020-09-25,3,38,Chemicals,1090,529.36,Day,0,0.093
2386,2020-09-25,21,475,Electronics,971,1205.67,Day,1,0.99
2387,2020-09-25,45,127,Raw Materials,915,428.2,Day,0,0.298
2388,2020-09-26,13,125,Machinery,1374,493.87,Day,0,0.213
2389,2020-09-26,34,401,Vehicles,154,483.31,Day,0,0.257
2390,2020-09-26,16,353,Vehicles,864,490.86,Day,0,0.106
2391,2020-09-26,43,219,Chemicals,446,551.44,Day,0,0.068
2392,2020-09-26,40,195,Electronics,688,559.23,Day,0,0.142
2393,2020-09-26,45,228,Chemicals,364,503.86,Night,0,0.292
2394,2020-09-27,26,94,Textiles,1040,1286.18,Day,1,0.882
2395,2020-09-27,8,518,Raw Materials,509,498.02,Day,0,0.047
2396,2020-09-27,7,363,Textiles,1488,537.61,Day,0,0.289
2397,2020-09-27,46,92,Vehicles,1390,426.25,Night,0,0.258
2398,2020-09-27,26,490,Food,1006,551.06,Day,0,0.039
2399,2020-09-27,14,222,Chemicals,430,566.9,Day,0,0.226
2400,2020-09-27,19,260,Food,1247,489.15,Day,0,0.257
2401,2020-09-27,37,158,Chemicals,824,458.25,Day,0,0.185
2402,2020-09-27,22,217,Vehicles,200,530.64,Night,0,0.073
2403,2020-09-28,31,251,Raw Materials,1426,542.59,Day,0,0.238
2404,2020-09-28,18,108,Electronics,1094,511.69,Day,0,0.069
2405,2020-09-28,36,313,Vehicles,1250,515.7,Day,0,0.066
2406,2020-09-28,25,179,Vehicles,217,498.8,Night,0,0.086
2407,2020-09-28,26,235,Vehicles,848,479.23,Night,0,0.143
2408,2020-09-28,24,327,Textiles,248,530.45,Night,0,0.281
2409,2020-09-28,43,69,Electronics,976,527.08,Night,0,0.23
2410,2020-09-28,44,351,Machinery,656,1671.99,Night,1,0.727
2411,2020-09-28,25,607,Textiles,757,478.95,Day,0,0.018
2412,2020-09-28,1,141,Food,445,515.6,Day,0,0.047
2413,2020-09-28,1,73,Electronics,378,484.67,Night,0,0.282
2414,2020-09-29,16,441,Machinery,1189,486.84,Night,0,0.136
2415,2020-09-29,3,580,Chemicals,251,548.68,Night,0,0.024
2416,2020-09-29,39,190,Machinery,1435,551.88,Day,0,0.229
2417,2020-09-29,30,348,Vehicles,1215,485.92,Night,0,0.062
2418,2020-09-29,41,586,Chemicals,336,531.51,Night,0,0.189
2419,2020-09-29,25,337,Chemicals,163,577.58,Night,0,0.191
2420,2020-09-29,12,239,Chemicals,193,489.36,Day,0,0.176
2421,2020-09-29,23,25,Machinery,874,483.95,Night,0,0.24
2422,2020-09-29,19,492,Vehicles,202,1441.14,Day,1,0.868
2423,2020-09-29,26,314,Textiles,1462,526.92,Night,0,0.134
2424,2020-09-30,20,92,Raw Materials,512,434.98,Night,0,0.104
2425,2020-09-30,45,35,Raw Materials,777,541.27,Night,0,0.21
2426,2020-09-30,31,204,Textiles,890,536.43,Day,0,0.17
2427,2020-09-30,40,191,Machinery,261,535.88,Night,0,0.041
2428,2020-09-30,45,390,Food,521,1400.11,Day,1,0.84
2429,2020-09-30,1,184,Food,325,505.19,Night,0,0.062
2430,2020-09-30,20,241,Raw Materials,743,537.2,Day,0,0.275
2431,2020-09-30,40,574,Textiles,905,492.32,Night,0,0.074
2432,2020-09-30,22,269,Vehicles,553,540.98,Night,0,0.077
2433,2020-10-01,20,627,Machinery,1266,593.44,Day,0,0.073
2434,2020-10-01,46,265,Textiles,1023,474.18,Night,0,0.172
2435,2020-10-01,18,420,Electronics,1176,509.88,Night,0,0.051
2436,2020-10-01,15,49,Textiles,960,398.15,Night,0,0.217
2437,2020-10-01,14,590,Electronics,610,592.58,Night,0,0.228
2438,2020-10-01,29,133,Vehicles,454,610.7,Day,0,0.144
2439,2020-10-02,31,335,Raw Materials,1162,498.02,Night,0,0.124
2440,2020-10-02,22,484,Raw Materials,357,1086.9,Day,1,0.791
2441,2020-10-02,37,444,Machinery,231,532.41,Night,0,0.247
2442,2020-10-02,10,365,Chemicals,335,562.62,Day,0,0.259
2443,2020-10-02,22,403,Textiles,1318,473.02,Night,0,0.203
2444,2020-10-02,31,3,Raw Materials,261,524.42,Night,0,0.183
2445,2020-10-03,17,370,Chemicals,631,481.76,Night,0,0.022
2446,2020-10-03,35,564,Electronics,519,466.38,Night,0,0.055
2447,2020-10-03,27,162,Electronics,609,528.5,Day,0,0.122
2448,2020-10-03,42,111,Food,575,548.47,Day,0,0.214
2449,2020-10-03,27,517,Raw Materials,1206,515.65,Night,0,0.297
2450,2020-10-03,42,322,Textiles,674,500.44,Day,0,0.175
2451,2020-10-04,10,92,Machinery,685,534.05,Night,0,0.091
2452,2020-10-04,21,60,Chemicals,1198,518.48,Day,0,0.25
2453,2020-10-04,4,168,Raw Materials,1245,480.32,Day,0,0.054
2454,2020-10-04,22,164,Chemicals,373,469.08,Day,0,0.046
2455,2020-10-04,15,10,Electronics,375,469.33,Day,0,0.061
2456,2020-10-04,1,236,Chemicals,504,569.36,Day,0,0.141
2457,2020-10-05,45,126,Raw Materials,1034,431.73,Night,0,0.128
2458,2020-10-05,31,625,Raw Materials,745,601.01,Night,0,0.225
2459,2020-10-05,12,285,Chemicals,214,601.91,Night,0,0.22
2460,2020-10-05,36,265,Chemicals,581,1323.33,Night,1,0.975
2461,2020-10-05,9,48,Textiles,706,386.94,Day,0,0.243
2462,2020-10-05,2,94,Vehicles,433,523.81,Night,0,0.199
2463,2020-10-06,19,54,Electronics,999,529.41,Night,0,0.078
2464,2020-10-06,35,474,Raw Materials,1075,440.42,Day,0,0.207
2465,2020-10-06,21,267,Electronics,1374,529.91,Night,0,0.278
2466,2020-10-06,4,396,Vehicles,1209,446.33,Night,0,0.262
2467,2020-10-06,29,158,Vehicles,403,442.22,Night,0,0.047
2468,2020-10-06,39,42,Machinery,907,573.88,Night,0,0.085
2469,2020-10-06,17,520,Chemicals,1094,511.62,Day,0,0.282
2470,2020-10-07,12,103,Electronics,276,531.19,Day,0,0.036
2471,2020-10-07,30,526,Chemicals,809,582.84,Day,0,0.223
2472,2020-10-07,4,76,Raw Materials,201,485.11,Night,0,0.145
2473,2020-10-07,45,37,Textiles,409,450.77,Day,0,0.076
2474,2020-10-07,23,183,Vehicles,324,542.91,Night,0,0.052
2475,2020-10-07,10,505,Vehicles,621,507.55,Night,0,0.006
2476,2020-10-07,19,154,Electronics,869,566.94,Day,0,0.204
2477,2020-10-07,44,267,Raw Materials,493,1603.0,Night,1,0.759
2478,2020-10-07,19,302,Machinery,137,453.21,Night,0,0.252
2479,2020-10-07,32,521,Electronics,654,1074.41,Night,1,0.905
2480,2020-10-07,33,358,Textiles,741,538.72,Day,0,0.205
2481,2020-10-07,32,264,Machinery,974,502.53,Day,0,0.179
2482,2020-10-08,27,239,Chemicals,1026,488.41,Night,0,0.142
2483,2020-10-08,11,164,Textiles,414,509.61,Night,0,0.163
2484,2020-10-08,10,620,Electronics,1439,546.89,Day,0,0.218
2485,2020-10-08,11,155,Electronics,246,446.82,Night,0,0.123
2486,2020-10-08,3,156,Food,1461,588.14,Night,0,0.121
2487,2020-10-08,28,251,Vehicles,415,492.06,Night,0,0.089
2488,2020-10-08,12,44,Machinery,255,462.66,Night,0,0.078
2489,2020-10-08,33,28,Electronics,498,502.85,Night,0,0.228
2490,2020-10-09,3,280,Vehicles,421,537.94,Day,0,0.193
2491,2020-10-09,12,156,Raw Materials,454,506.96,Day,0,0.199
2492,2020-10-09,8,382,Raw Materials,991,465.4,Day,0,0.161
2493,2020-10-09,26,306,Electronics,1293,559.89,Day,0,0.018
2494,2020-10-09,20,313,Raw Materials,1479,1768.26,Day,1,0.753
2495,2020-10-09,33,510,Vehicles,1174,415.78,Night,0,0.233
2496,2020-10-10,41,412,Raw Materials,917,508.24,Night,0,0.233
2497,2020-10-10,8,611,Vehicles,364,531.71,Night,0,0.042
2498,2020-10-10,28,149,Electronics,495,578.89,Day,0,0.092
2499,2020-10-10,5,47,Chemicals,1352,496.03,Night,0,0.084
2500,2020-10-10,32,524,Electronics,1064,555.35,Day,0,0.134
2501,2020-10-10,27,603,Textiles,1178,561.36,Night,0,0.033
2502,2020-10-10,36,21,Chemicals,984,514.27,Day,0,0.006
2503,2020-10-10,45,173,Electronics,111,474.67,Day,0,0.101
2504,2020-10-10,35,406,Raw Materials,297,1560.84,Day,1,0.798
2505,2020-10-11,18,251,Textiles,103,567.97,Day,0,0.125
2506,2020-10-11,40,176,Electronics,1023,472.84,Day,0,0.209
2507,2020-10-11,11,469,Chemicals,565,529.14,Night,0,0.265
2508,2020-10-11,33,625,Vehicles,517,586.99,Night,0,0.145
2509,2020-10-11,6,518,Vehicles,333,599.55,Night,0,0.225
2510,2020-10-11,26,182,Machinery,314,406.28,Night,0,0.166
2511,2020-10-11,7,1,Chemicals,417,454.17,Day,0,0.068
2512,2020-10-12,10,102,Food,482,428.64,Day,0,0.18
2513,2020-10-12,5,542,Food,140,434.18,Night,0,0.028
2514,2020-10-12,3,433,Raw Materials,1291,567.77,Night,0,0.19
2515,2020-10-12,35,536,Raw Materials,1439,548.47,Day,0,0.038
2516,2020-10-12,39,456,Electronics,1043,468.42,Night,0,0.208
2517,2020-10-12,23,608,Textiles,1192,491.09,Night,0,0.198
2518,2020-10-12,12,18,Vehicles,900,458.42,Day,0,0.209
2519,2020-10-12,26,547,Raw Materials,449,488.64,Night,0,0.042
2520,2020-10-12,29,210,Textiles,1138,487.27,Night,0,0.267
2521,2020-10-12,11,352,Chemicals,1333,498.99,Night,0,0.229
2522,2020-10-13,20,140,Machinery,649,554.83,Day,0,0.043
2523,2020-10-13,40,422,Textiles,723,548.61,Night,0,0.145
2524,2020-10-13,36,4,Food,1492,517.44,Night,0,0.168
2525,2020-10-13,44,633,Machinery,664,570.69,Night,0,0.241
2526,2020-10-13,20,116,Machinery,596,519.73,Night,0,0.138
2527,2020-10-13,41,352,Machinery,1290,448.09,Day,0,0.088
2528,2020-10-13,38,547,Food,693,510.77,Day,0,0.238
2529,2020-10-13,11,528,Electronics,769,529.67,Night,0,0.009
2530,2020-10-13,26,143,Electronics,912,492.12,Night,0,0.166
2531,2020-10-13,4,19,Food,1194,530.11,Day,0,0.066
2532,2020-10-13,36,553,Raw Materials,1463,496.96,Day,0,0.099
2533,2020-10-14,43,554,Textiles,1318,526.02,Day,0,0.298
2534,2020-10-14,36,356,Raw Materials,584,1553.14,Night,1,0.834
2535,2020-10-14,24,14,Electronics,535,540.54,Day,0,0.204
2536,2020-10-14,7,607,Vehicles,516,1838.21,Night,1,0.807
2537,2020-10-14,19,100,Raw Materials,1257,511.99,Night,0,0.253
2538,2020-10-14,19,443,Textiles,206,542.63,Night,0,0.144
2539,2020-10-14,2,122,Chemicals,948,1652.09,Night,1,0.761
2540,2020-10-14,24,126,Chemicals,655,439.35,Day,0,0.091
2541,2020-10-15,9,616,Machinery,1091,531.65,Day,0,0.271
2542,2020-10-15,26,384,Food,179,559.68,Day,0,0.236
2543,2020-10-15,9,120,Food,1351,414.37,Night,0,0.28
2544,2020-10-15,12,189,Electronics,1347,1053.4,Day,1,0.98
2545,2020-10-15,42,302,Raw Materials,160,491.63,Night,0,0.091
2546,2020-10-15,19,334,Textiles,556,546.49,Night,0,0.098
2547,2020-10-15,7,238,Food,112,495.01,Day,0,0.1
2548,2020-10-15,23,224,Chemicals,1320,524.61,Day,0,0.222
2549,2020-10-16,9,190,Raw Materials,239,575.4,Day,0,0.234
2550,2020-10-16,10,475,Chemicals,971,473.01,Night,0,0.161
2551,2020-10-16,35,253,Textiles,757,494.41,Night,0,0.054
2552,2020-10-16,43,313,Vehicles,809,472.2,Day,0,0.258
2553,2020-10-16,7,416,Textiles,771,448.74,Day,0,0.016
2554,2020-10-16,4,542,Food,731,542.07,Day,0,0.077
2555,2020-10-16,30,315,Machinery,571,520.43,Night,0,0.042
2556,2020-10-16,29,542,Electronics,1044,464.5,Night,0,0.174
2557,2020-10-16,45,585,Chemicals,632,486.71,Night,0,0.1
2558,2020-10-17,33,548,Chemicals,499,637.57,Day,0,0.065
2559,2020-10-17,6,71,Chemicals,1419,441.27,Day,0,0.281
2560,2020-10-17,33,486,Raw Materials,1240,513.16,Day,0,0.238
2561,2020-10-17,31,557,Chemicals,119,509.92,Night,0,0.205
2562,2020-10-17,21,186,Machinery,726,561.02,Day,0,0.25
2563,2020-10-17,14,336,Machinery,1148,575.13,Day,0,0.107
2564,2020-10-17,44,490,Food,671,523.97,Day,0,0.149
2565,2020-10-17,31,454,Chemicals,1313,539.71,Night,0,0.093
2566,2020-10-17,14,406,Textiles,1338,454.76,Day,0,0.267
2567,2020-10-18,28,269,Electronics,1348,958.29,Night,1,0.714
2568,2020-10-18,39,568,Machinery,566,481.46,Night,0,0.159
2569,2020-10-18,15,349,Electronics,274,464.4,Day,0,0.271
2570,2020-10-18,11,302,Food,1153,498.02,Night,0,0.089
2571,2020-10-18,43,630,Textiles,859,455.98,Night,0,0.247
2572,2020-10-18,32,337,Raw Materials,1164,540.39,Night,0,0.155
2573,2020-10-18,8,607,Chemicals,393,601.62,Day,0,0.162
2574,2020-10-18,43,76,Food,1183,539.77,Day,0,0.192
2575,2020-10-18,29,84,Electronics,772,501.26,Night,0,0.079
2576,2020-10-18,22,102,Raw Materials,522,431.5,Night,0,0.228
2577,2020-10-18,11,536,Textiles,314,590.41,Night,0,0.063
2578,2020-10-19,22,445,Raw Materials,267,542.96,Day,0,0.183
2579,2020-10-19,32,552,Food,789,1432.39,Day,1,0.897
2580,2020-10-19,37,171,Machinery,1058,451.34,Day,0,0.111
2581,2020-10-19,10,574,Machinery,1298,551.31,Night,0,0.188
2582,2020-10-19,43,321,Raw Materials,1051,606.76,Day,0,0.004
2583,2020-10-19,43,327,Chemicals,1478,454.0,Day,0,0.173
2584,2020-10-19,38,82,Chemicals,1190,551.87,Day,0,0.172
2585,2020-10-19,31,315,Vehicles,745,502.74,Day,0,0.172
2586,2020-10-19,45,544,Raw Materials,1195,554.82,Night,0,0.257
2587,2020-10-19,46,126,Food,771,524.05,Day,0,0.138
2588,2020-10-20,5,352,Chemicals,876,512.15,Night,0,0.042
2589,2020-10-20,29,81,Vehicles,814,440.82,Day,0,0.063
2590,2020-10-20,16,634,Vehicles,114,522.04,Day,0,0.163
2591,2020-10-20,28,93,Vehicles,697,458.78,Night,0,0.258
2592,2020-10-20,25,246,Textiles,480,525.69,Night,0,0.237
2593,2020-10-20,8,104,Food,604,962.2,Night,1,0.852
2594,2020-10-20,16,483,Chemicals,1035,1233.08,Night,1,0.878
2595,2020-10-20,42,388,Electronics,802,537.23,Night,0,0.113
2596,2020-10-20,17,263,Raw Materials,1498,501.55,Day,0,0.01
2597,2020-10-21,40,473,Vehicles,519,442.39,Night,0,0.09
2598,2020-10-21,17,44,Electronics,176,570.63,Night,0,0.168
2599,2020-10-21,1,139,Chemicals,116,484.47,Night,0,0.04
2600,2020-10-21,33,105,Vehicles,630,556.21,Night,0,0.136
2601,2020-10-21,34,593,Textiles,749,568.45,Day,0,0.173
2602,2020-10-21,3,429,Machinery,632,396.04,Night,0,0.258
2603,2020-10-22,39,4,Chemicals,1135,405.97,Day,0,0.153
2604,2020-10-22,18,328,Electronics,585,482.53,Night,0,0.23
2605,2020-10-22,35,465,Raw Materials,1105,538.95,Day,0,0.193
2606,2020-10-22,28,567,Raw Materials,316,559.96,Day,0,0.252
2607,2020-10-22,18,36,Food,526,424.32,Day,0,0.152
2608,2020-10-22,14,562,Machinery,1435,482.4,Night,0,0.289
2609,2020-10-22,15,240,Machinery,681,521.33,Day,0,0.028
2610,2020-10-22,46,9,Textiles,330,436.05,Day,0,0.105
2611,2020-10-22,33,430,Chemicals,1216,542.29,Day,0,0.05
2612,2020-10-22,3,269,Vehicles,448,538.06,Day,0,0.07
2613,2020-10-22,6,626,Vehicles,1436,1592.44,Day,1,0.72
2614,2020-10-23,46,507,Electronics,1257,545.46,Night,0,0.081
2615,2020-10-23,16,565,Electronics,1372,468.59,Day,0,0.19
2616,2020-10-23,10,148,Textiles,1053,1576.37,Night,1,0.867
2617,2020-10-23,10,400,Raw Materials,1276,481.03,Night,0,0.298
2618,2020-10-23,20,148,Food,128,516.11,Day,0,0.267
2619,2020-10-23,42,220,Machinery,304,583.82,Day,0,0.058
2620,2020-10-24,34,442,Vehicles,881,581.64,Day,0,0.142
2621,2020-10-24,10,560,Machinery,1436,587.72,Night,0,0.011
2622,2020-10-24,39,344,Machinery,948,617.5,Day,0,0.021
2623,2020-10-24,24,202,Textiles,1294,556.16,Night,0,0.094
2624,2020-10-24,4,99,Chemicals,379,496.25,Night,0,0.239
2625,2020-10-24,1,27,Chemicals,1360,466.78,Night,0,0.196
2626,2020-10-24,11,165,Electronics,518,511.4,Day,0,0.114
2627,2020-10-24,3,522,Electronics,1441,493.71,Night,0,0.241
2628,2020-10-24,17,324,Vehicles,934,529.99,Night,0,0.3
2629,2020-10-25,37,172,Machinery,112,452.26,Day,0,0.295
2630,2020-10-25,10,231,Food,369,514.43,Night,0,0.043
2631,2020-10-25,42,407,Chemicals,801,551.45,Day,0,0.025
2632,2020-10-25,43,18,Food,1013,592.35,Night,0,0.142
2633,2020-10-25,12,385,Chemicals,1481,547.73,Day,0,0.028
2634,2020-10-25,9,482,Electronics,1434,578.04,Night,0,0.246
2635,2020-10-26,36,25,Food,806,515.94,Day,0,0.034
2636,2020-10-26,3,135,Electronics,1277,467.39,Day,0,0.096
2637,2020-10-26,35,596,Chemicals,980,482.72,Day,0,0.086
2638,2020-10-26,39,549,Food,1080,507.43,Night,0,0.237
2639,2020-10-26,33,432,Chemicals,1049,1419.09,Day,1,0.794
2640,2020-10-26,17,25,Machinery,1446,516.32,Day,0,0.027
2641,2020-10-26,37,113,Machinery,697,445.31,Day,0,0.09
2642,2020-10-26,4,414,Machinery,1345,471.84,Day,0,0.188
2643,2020-10-26,13,334,Food,1206,512.82,Day,0,0.285
2644,2020-10-26,33,162,Chemicals,1275,569.62,Day,0,0.123
2645,2020-10-26,18,443,Chemicals,119,586.89,Day,0,0.218
2646,2020-10-27,10,15,Food,103,642.29,Night,0,0.228
2647,2020-10-27,1,63,Electronics,1223,470.59,Day,0,0.214
2648,2020-10-27,26,465,Textiles,327,509.57,Day,0,0.001
2649,2020-10-27,34,586,Electronics,616,2067.07,Day,1,0.955
2650,2020-10-27,25,582,Raw Materials,581,598.69,Day,0,0.148
2651,2020-10-27,30,596,Vehicles,1365,544.28,Night,0,0.101
2652,2020-10-27,35,85,Machinery,628,485.19,Night,0,0.012
2653,2020-10-27,2,612,Vehicles,548,521.93,Night,0,0.251
2654,2020-10-27,29,85,Textiles,274,524.93,Day,0,0.199
2655,2020-10-27,36,379,Food,1126,541.68,Night,0,0.045
2656,2020-10-27,2,194,Raw Materials,1461,1405.83,Night,1,0.797
2657,2020-10-28,18,423,Electronics,1014,452.19,Night,0,0.075
2658,2020-10-28,38,280,Machinery,1004,612.84,Night,0,0.016
2659,2020-10-28,4,564,Food,1418,522.22,Day,0,0.162
2660,2020-10-28,6,520,Chemicals,1436,428.23,Day,0,0.134
2661,2020-10-28,19,2,Machinery,388,544.43,Day,0,0.149
2662,2020-10-28,45,333,Machinery,565,522.39,Day,0,0.108
2663,2020-10-28,13,422,Chemicals,555,1002.79,Night,1,0.886
2664,2020-10-29,36,143,Electronics,1224,535.37,Night,0,0.126
2665,2020-10-29,5,181,Food,1256,577.05,Night,0,0.034
2666,2020-10-29,3,63,Textiles,454,499.75,Night,0,0.079
2667,2020-10-29,27,25,Electronics,361,444.22,Day,0,0.009
2668,2020-10-29,12,206,Textiles,1384,500.91,Day,0,0.105
2669,2020-10-29,9,31,Textiles,866,578.38,Night,0,0.098
2670,2020-10-29,17,320,Vehicles,194,506.29,Night,0,0.092
2671,2020-10-29,12,148,Machinery,548,522.0,Night,0,0.008
2672,2020-10-29,40,91,Chemicals,114,444.07,Night,0,0.216
2673,2020-10-29,41,210,Machinery,404,496.33,Night,0,0.025
2674,2020-10-29,27,548,Chemicals,750,582.06,Day,0,0.225
2675,2020-10-29,9,470,Machinery,1027,573.24,Day,0,0.211
2676,2020-10-30,23,410,Raw Materials,366,499.69,Day,0,0.023
2677,2020-10-30,40,453,Raw Materials,1217,406.76,Night,0,0.187
2678,2020-10-30,31,479,Vehicles,426,551.81,Day,0,0.192
2679,2020-10-30,24,16,Machinery,322,510.09,Day,0,0.298
2680,2020-10-30,10,129,Food,656,464.68,Day,0,0.092
2681,2020-10-30,20,430,Textiles,412,526.72,Night,0,0.191
2682,2020-10-30,17,620,Chemicals,830,517.28,Night,0,0.236
2683,2020-10-30,2,410,Raw Materials,679,488.36,Night,0,0.201
2684,2020-10-30,40,505,Textiles,1227,498.75,Day,0,0.044
2685,2020-10-31,1,440,Food,561,479.68,Day,0,0.262
2686,2020-10-31,33,184,Textiles,1158,567.59,Day,0,0.24
2687,2020-10-31,35,24,Machinery,631,490.07,Night,0,0.245
2688,2020-10-31,3,187,Chemicals,859,498.38,Day,0,0.197
2689,2020-10-31,18,85,Chemicals,160,528.91,Day,0,0.223
2690,2020-10-31,34,435,Raw Materials,590,554.17,Day,0,0.03
2691,2020-10-31,42,518,Electronics,219,501.11,Night,0,0.032
2692,2020-11-01,36,607,Electronics,283,536.2,Day,0,0.01
2693,2020-11-01,1,215,Machinery,339,509.1,Night,0,0.03
2694,2020-11-01,30,569,Electronics,314,604.78,Night,0,0.227
2695,2020-11-01,10,364,Vehicles,1139,516.67,Day,0,0.293
2696,2020-11-01,30,537,Raw Materials,846,593.34,Night,0,0.189
2697,2020-11-01,5,211,Food,557,491.57,Night,0,0.142
2698,2020-11-01,11,572,Textiles,107,543.61,Night,0,0.234
2699,2020-11-01,39,58,Machinery,329,1554.76,Day,1,0.733
2700,2020-11-01,40,482,Chemicals,515,497.61,Day,0,0.264
2701,2020-11-02,41,394,Machinery,1104,509.69,Night,0,0.251
2702,2020-11-02,3,459,Textiles,317,441.91,Night,0,0.002
2703,2020-11-02,19,561,Vehicles,1224,501.5,Day,0,0.15
2704,2020-11-02,1,174,Vehicles,700,532.47,Night,0,0.23
2705,2020-11-02,14,405,Chemicals,348,494.56,Day,0,0.181
2706,2020-11-02,25,565,Raw Materials,1033,540.81,Night,0,0.2
2707,2020-11-02,2,399,Vehicles,1498,475.64,Night,0,0.074
2708,2020-11-02,24,146,Food,212,539.3,Day,0,0.252
2709,2020-11-02,20,149,Electronics,109,480.33,Night,0,0.014
2710,2020-11-02,42,536,Raw Materials,420,515.56,Night,0,0.064
2711,2020-11-03,45,116,Textiles,380,471.81,Day,0,0.066
2712,2020-11-03,1,309,Vehicles,970,615.14,Day,0,0.243
2713,2020-11-03,1,324,Electronics,401,607.68,Day,0,0.216
2714,2020-11-03,46,564,Vehicles,695,580.76,Night,0,0.238
2715,2020-11-03,15,630,Chemicals,734,497.02,Night,0,0.246
2716,2020-11-03,18,511,Food,418,493.94,Night,0,0.246
2717,2020-11-03,38,435,Food,1067,514.54,Day,0,0.274
2718,2020-11-03,8,141,Machinery,1109,549.76,Day,0,0.03
2719,2020-11-03,15,607,Raw Materials,1252,500.96,Night,0,0.046
2720,2020-11-03,41,47,Chemicals,565,482.12,Night,0,0.006
2721,2020-11-03,19,300,Raw Materials,857,512.65,Night,0,0.042
2722,2020-11-04,5,453,Electronics,1043,461.09,Day,0,0.248
2723,2020-11-04,30,126,Machinery,639,501.38,Night,0,0.226
2724,2020-11-04,31,63,Electronics,1096,453.65,Day,0,0.294
2725,2020-11-04,34,17,Machinery,707,549.39,Day,0,0.097
2726,2020-11-04,30,186,Electronics,431,407.66,Night,0,0.1
2727,2020-11-04,26,541,Chemicals,1023,557.58,Night,0,0.014
2728,2020-11-04,27,439,Chemicals,121,555.3,Night,0,0.268
2729,2020-11-04,44,212,Machinery,238,553.95,Day,0,0.062
2730,2020-11-05,26,488,Vehicles,383,443.56,Night,0,0.038
2731,2020-11-05,34,442,Textiles,206,1065.48,Night,1,0.976
2732,2020-11-05,34,403,Chemicals,217,554.21,Day,0,0.234
2733,2020-11-05,16,266,Food,152,463.25,Day,0,0.043
2734,2020-11-05,13,592,Vehicles,271,403.35,Night,0,0.098
2735,2020-11-05,29,440,Raw Materials,118,475.2,Night,0,0.123
2736,2020-11-05,4,486,Machinery,794,574.27,Night,0,0.048
2737,2020-11-05,5,601,Chemicals,1179,531.53,Day,0,0.258
2738,2020-11-05,9,467,Chemicals,222,603.3,Day,0,0.053
2739,2020-11-05,42,151,Electronics,317,489.38,Night,0,0.195
2740,2020-11-06,28,622,Machinery,318,442.17,Day,0,0.017
2741,2020-11-06,19,162,Electronics,691,487.32,Night,0,0.07
2742,2020-11-06,24,180,Raw Materials,970,566.19,Day,0,0.002
2743,2020-11-06,38,184,Electronics,469,489.8,Day,0,0.238
2744,2020-11-06,1,98,Chemicals,1489,337.56,Night,0,0.149
2745,2020-11-06,5,63,Textiles,151,525.45,Night,0,0.228
2746,2020-11-06,14,83,Chemicals,1012,456.89,Night,0,0.012
2747,2020-11-06,22,12,Food,1294,512.59,Day,0,0.055
2748,2020-11-06,18,386,Raw Materials,331,535.6,Day,0,0.132
2749,2020-11-07,18,455,Chemicals,1237,540.65,Night,0,0.222
2750,2020-11-07,21,267,Chemicals,816,519.05,Day,0,0.184
2751,2020-11-07,36,333,Vehicles,1336,533.6,Day,0,0.21
2752,2020-11-07,32,185,Chemicals,1272,576.3,Day,0,0.116
2753,2020-11-07,23,49,Raw Materials,1253,503.3,Night,0,0.216
2754,2020-11-07,29,405,Raw Materials,451,488.38,Night,0,0.05
2755,2020-11-07,42,312,Chemicals,1304,438.07,Night,0,0.112
2756,2020-11-07,29,1,Food,105,496.37,Night,0,0.149
2757,2020-11-07,24,423,Chemicals,191,434.17,Day,0,0.17
2758,2020-11-07,11,610,Chemicals,481,512.04,Day,0,0.271
2759,2020-11-08,20,244,Food,630,409.9,Day,0,0.052
2760,2020-11-08,11,357,Chemicals,522,482.4,Day,0,0.287
2761,2020-11-08,16,367,Electronics,415,550.25,Day,0,0.103
2762,2020-11-08,4,117,Food,680,401.53,Day,0,0.215
2763,2020-11-08,3,232,Textiles,1132,550.61,Night,0,0.235
2764,2020-11-08,40,199,Chemicals,432,413.27,Day,0,0.074
2765,2020-11-08,11,607,Chemicals,114,519.74,Night,0,0.222
2766,2020-11-08,42,237,Chemicals,651,503.25,Day,0,0.027
2767,2020-11-08,38,59,Raw Materials,782,490.1,Night,0,0.184
2768,2020-11-08,40,138,Electronics,392,439.13,Day,0,0.149
2769,2020-11-08,13,78,Machinery,732,455.39,Night,0,0.004
2770,2020-11-08,12,610,Vehicles,290,500.86,Night,0,0.271
2771,2020-11-09,40,101,Chemicals,910,423.13,Day,0,0.112
2772,2020-11-09,26,132,Raw Materials,661,520.73,Night,0,0.045
2773,2020-11-09,33,409,Machinery,310,1547.39,Night,1,0.736
2774,2020-11-09,15,28,Textiles,1314,489.71,Day,0,0.223
2775,2020-11-09,35,276,Raw Materials,381,492.88,Night,0,0.019
2776,2020-11-09,45,236,Food,120,524.64,Night,0,0.081
2777,2020-11-09,9,103,Food,586,494.06,Day,0,0.146
2778,2020-11-09,38,473,Food,1054,494.48,Day,0,0.038
2779,2020-11-10,17,135,Electronics,1127,429.3,Day,0,0.239
2780,2020-11-10,21,553,Textiles,469,509.77,Day,0,0.291
2781,2020-11-10,20,556,Machinery,184,455.07,Night,0,0.059
2782,2020-11-10,14,241,Textiles,1307,547.28,Day,0,0.129
2783,2020-11-10,7,367,Chemicals,796,456.06,Day,0,0.13
2784,2020-11-10,4,533,Vehicles,1131,540.54,Night,0,0.108
2785,2020-11-10,34,544,Raw Materials,1208,585.42,Day,0,0.213
2786,2020-11-10,31,139,Raw Materials,452,1582.69,Night,1,0.819
2787,2020-11-10,9,599,Food,724,621.71,Day,0,0.096
2788,2020-11-10,24,83,Chemicals,1237,453.65,Night,0,0.055
2789,2020-11-10,23,9,Textiles,475,442.41,Day,0,0.122
2790,2020-11-11,20,458,Textiles,942,585.49,Day,0,0.228
2791,2020-11-11,12,14,Raw Materials,447,508.57,Day,0,0.086
2792,2020-11-11,37,180,Raw Materials,127,454.58,Day,0,0.197
2793,2020-11-11,26,175,Electronics,375,497.01,Night,0,0.268
2794,2020-11-11,4,595,Machinery,497,523.82,Night,0,0.143
2795,2020-11-11,19,41,Vehicles,574,483.76,Day,0,0.172
2796,2020-11-11,16,380,Textiles,1368,502.74,Day,0,0.048
2797,2020-11-11,30,96,Textiles,555,1743.88,Day,1,0.98
2798,2020-11-11,10,473,Vehicles,176,501.09,Night,0,0.084
2799,2020-11-11,8,429,Machinery,992,552.67,Day,0,0.158
2800,2020-11-11,23,11,Textiles,766,461.03,Day,0,0.052
2801,2020-11-11,18,434,Machinery,971,461.03,Day,0,0.062
2802,2020-11-12,13,421,Electronics,1416,434.96,Day,0,0.185
2803,2020-11-12,19,96,Food,381,565.52,Night,0,0.083
2804,2020-11-12,19,120,Machinery,465,464.76,Day,0,0.198
2805,2020-11-12,25,536,Machinery,960,596.85,Night,0,0.208
2806,2020-11-12,17,619,Chemicals,1377,478.15,Night,0,0.246
2807,2020-11-12,28,72,Food,796,1164.03,Night,1,0.954
2808,2020-11-12,40,631,Chemicals,713,566.82,Day,0,0.012
2809,2020-11-12,11,294,Machinery,730,510.49,Day,0,0.05
2810,2020-11-12,18,354,Raw Materials,786,539.48,Night,0,0.15
2811,2020-11-12,25,587,Machinery,1267,533.17,Night,0,0.088
2812,2020-11-12,35,379,Machinery,380,494.76,Day,0,0.17
2813,2020-11-12,18,479,Chemicals,1156,445.42,Day,0,0.004
2814,2020-11-13,39,348,Textiles,790,543.53,Day,0,0.094
2815,2020-11-13,18,179,Machinery,670,506.44,Day,0,0.251
2816,2020-11-13,3,596,Machinery,1192,627.74,Day,0,0.202
2817,2020-11-13,4,313,Raw Materials,1426,465.15,Night,0,0.137
2818,2020-11-13,34,269,Chemicals,1036,458.38,Night,0,0.218
2819,2020-11-13,6,556,Raw Materials,1434,580.27,Night,0,0.269
2820,2020-11-14,30,135,Raw Materials,578,486.42,Night,0,0.277
2821,2020-11-14,5,377,Vehicles,278,404.55,Night,0,0.171
2822,2020-11-14,4,153,Machinery,441,477.83,Night,0,0.033
2823,2020-11-14,34,316,Electronics,1030,462.92,Night,0,0.087
2824,2020-11-14,16,373,Raw Materials,977,1417.22,Night,1,0.768
2825,2020-11-14,16,455,Machinery,1312,471.58,Night,0,0.193
2826,2020-11-14,43,217,Raw Materials,928,513.59,Day,0,0.237
2827,2020-11-14,8,562,Chemicals,475,438.5,Day,0,0.172
2828,2020-11-14,18,84,Raw Materials,1148,556.81,Day,0,0.194
2829,2020-11-14,28,337,Textiles,774,1300.33,Day,1,0.762
2830,2020-11-14,27,210,Vehicles,446,429.21,Night,0,0.208
2831,2020-11-14,33,494,Electronics,744,527.3,Night,0,0.253
2832,2020-11-15,20,585,Chemicals,341,455.24,Day,0,0.018
2833,2020-11-15,42,575,Raw Materials,259,460.1,Night,0,0.009
2834,2020-11-15,26,211,Raw Materials,225,502.85,Day,0,0.121
2835,2020-11-15,11,592,Machinery,492,590.04,Day,0,0.251
2836,2020-11-15,40,83,Machinery,345,472.6,Day,0,0.126
2837,2020-11-15,21,209,Machinery,285,1067.7,Day,1,0.949
2838,2020-11-15,40,269,Machinery,1302,549.6,Day,0,0.009
2839,2020-11-15,46,606,Electronics,1481,550.32,Day,0,0.297
2840,2020-11-15,39,20,Food,834,375.91,Day,0,0.183
2841,2020-11-15,27,461,Machinery,1326,552.95,Day,0,0.132
2842,2020-11-15,1,377,Textiles,1186,567.61,Night,0,0.3
2843,2020-11-16,36,525,Vehicles,602,523.65,Night,0,0.208
2844,2020-11-16,5,478,Machinery,1065,446.78,Day,0,0.278
2845,2020-11-16,25,386,Vehicles,554,485.43,Night,0,0.174
2846,2020-11-16,4,106,Vehicles,617,452.72,Night,0,0.174
2847,2020-11-16,43,146,Food,103,1381.77,Day,1,0.981
2848,2020-11-16,10,423,Electronics,1013,559.2,Night,0,0.061
2849,2020-11-16,33,553,Textiles,1411,650.4,Day,0,0.048
2850,2020-11-17,34,170,Textiles,456,423.39,Night,0,0.231
2851,2020-11-17,20,540,Raw Materials,161,509.81,Night,0,0.152
2852,2020-11-17,38,348,Vehicles,1424,509.95,Day,0,0.083
2853,2020-11-17,5,430,Machinery,1313,489.22,Day,0,0.115
2854,2020-11-17,8,176,Machinery,902,421.5,Night,0,0.167
2855,2020-11-17,34,137,Chemicals,1379,530.05,Day,0,0.053
2856,2020-11-17,27,200,Food,651,512.27,Night,0,0.241
2857,2020-11-18,41,189,Food,1168,444.83,Night,0,0.024
2858,2020-11-18,1,303,Food,432,420.12,Day,0,0.112
2859,2020-11-18,27,611,Textiles,284,556.15,Day,0,0.109
2860,2020-11-18,1,188,Textiles,1024,490.41,Night,0,0.245
2861,2020-11-18,46,61,Textiles,871,468.71,Day,0,0.226
2862,2020-11-18,16,385,Chemicals,731,1151.81,Night,1,0.91
2863,2020-11-18,28,262,Vehicles,1191,560.16,Day,0,0.084
2864,2020-11-18,2,249,Raw Materials,657,428.96,Night,0,0.27
2865,2020-11-18,35,151,Food,1267,444.91,Day,0,0.083
2866,2020-11-19,26,421,Chemicals,360,531.93,Day,0,0.012
2867,2020-11-19,26,475,Food,1298,560.84,Night,0,0.245
2868,2020-11-19,43,179,Vehicles,203,510.85,Day,0,0.056
2869,2020-11-19,34,397,Chemicals,941,498.58,Day,0,0.119
2870,2020-11-19,30,583,Chemicals,487,517.04,Night,0,0.113
2871,2020-11-19,38,616,Textiles,1335,554.84,Day,0,0.096
2872,2020-11-19,36,489,Textiles,1154,425.77,Night,0,0.149
2873,2020-11-19,40,192,Raw Materials,988,517.09,Night,0,0.052
2874,2020-11-19,34,258,Electronics,770,523.97,Day,0,0.158
2875,2020-11-19,13,614,Chemicals,358,514.7,Day,0,0.087
2876,2020-11-19,4,478,Chemicals,1363,519.35,Night,0,0.283
2877,2020-11-20,20,233,Raw Materials,682,510.08,Day,0,0.035
2878,2020-11-20,14,529,Food,411,430.29,Night,0,0.253
2879,2020-11-20,31,136,Textiles,1355,446.82,Day,0,0.115
2880,2020-11-20,11,139,Electronics,774,478.19,Night,0,0.213
2881,2020-11-20,10,57,Chemicals,789,510.7,Day,0,0.298
2882,2020-11-20,28,624,Textiles,634,522.76,Day,0,0.186
2883,2020-11-20,9,583,Vehicles,857,1394.02,Day,1,0.809
2884,2020-11-20,41,3,Textiles,936,507.27,Night,0,0.281
2885,2020-11-20,28,586,Machinery,413,529.14,Night,0,0.289
2886,2020-11-20,19,7,Chemicals,729,417.46,Night,0,0.036
2887,2020-11-20,11,326,Electronics,1444,552.84,Day,0,0.121
2888,2020-11-20,1,54,Machinery,1115,571.12,Night,0,0.051
2889,2020-11-21,23,64,Machinery,276,502.09,Day,0,0.013
2890,2020-11-21,45,342,Textiles,506,423.91,Day,0,0.058
2891,2020-11-21,30,42,Food,476,539.93,Day,0,0.254
2892,2020-11-21,19,564,Raw Materials,654,437.33,Day,0,0.008
2893,2020-11-21,35,426,Raw Materials,561,499.87,Day,0,0.002
2894,2020-11-21,31,424,Electronics,1345,533.21,Night,0,0.141
2895,2020-11-21,3,571,Electronics,1089,487.85,Night,0,0.161
2896,2020-11-21,23,81,Food,885,373.19,Night,0,0.077
2897,2020-11-21,39,76,Textiles,102,449.04,Night,0,0.221
2898,2020-11-22,21,463,Food,1368,560.2,Night,0,0.11
2899,2020-11-22,39,120,Electronics,1424,434.64,Night,0,0.003
2900,2020-11-22,16,13,Food,738,494.16,Night,0,0.083
2901,2020-11-22,2,255,Chemicals,266,519.51,Day,0,0.115
2902,2020-11-22,11,41,Textiles,861,491.24,Day,0,0.163
2903,2020-11-22,26,286,Vehicles,1010,519.67,Day,0,0.047
2904,2020-11-23,22,93,Food,995,488.86,Night,0,0.062
2905,2020-11-23,14,243,Vehicles,955,517.3,Night,0,0.296
2906,2020-11-23,20,270,Textiles,1138,532.5,Day,0,0.229
2907,2020-11-23,28,500,Textiles,1339,855.62,Day,1,0.994
2908,2020-11-23,46,121,Textiles,1388,448.55,Day,0,0.085
2909,2020-11-23,15,81,Chemicals,1494,525.47,Day,0,0.03
2910,2020-11-23,22,551,Textiles,793,502.52,Night,0,0.103
2911,2020-11-23,26,247,Vehicles,344,2012.07,Day,1,0.94
2912,2020-11-23,44,163,Electronics,742,539.95,Day,0,0.271
2913,2020-11-23,44,8,Machinery,658,462.33,Night,0,0.209
2914,2020-11-23,4,545,Vehicles,502,558.2,Day,0,0.225
2915,2020-11-24,25,76,Vehicles,599,453.69,Night,0,0.241
2916,2020-11-24,27,136,Chemicals,608,475.78,Night,0,0.228
2917,2020-11-24,25,3,Chemicals,127,526.77,Night,0,0.09
2918,2020-11-24,9,383,Raw Materials,1237,543.64,Night,0,0.002
2919,2020-11-24,25,530,Electronics,777,523.95,Night,0,0.119
2920,2020-11-24,16,445,Food,190,494.98,Day,0,0.159
2921,2020-11-24,42,90,Food,116,1005.24,Night,1,0.713
2922,2020-11-24,8,169,Raw Materials,585,453.52,Day,0,0.043
2923,2020-11-25,2,623,Food,423,491.53,Night,0,0.111
2924,2020-11-25,30,612,Chemicals,329,444.48,Night,0,0.247
2925,2020-11-25,26,43,Textiles,1192,488.67,Day,0,0.105
2926,2020-11-25,32,303,Food,659,521.11,Night,0,0.177
2927,2020-11-25,9,45,Food,1240,536.59,Night,0,0.099
2928,2020-11-25,33,93,Textiles,133,488.47,Day,0,0.036
2929,2020-11-25,36,610,Food,1388,505.71,Night,0,0.254
2930,2020-11-26,22,408,Chemicals,443,529.91,Night,0,0.206
2931,2020-11-26,10,127,Textiles,1113,570.65,Night,0,0.07
2932,2020-11-26,27,106,Raw Materials,385,520.68,Night,0,0.127
2933,2020-11-26,29,11,Machinery,1411,531.32,Night,0,0.005
2934,2020-11-26,13,362,Food,1132,556.61,Day,0,0.021
2935,2020-11-26,13,5,Machinery,571,469.5,Day,0,0.149
2936,2020-11-26,7,324,Electronics,810,449.95,Night,0,0.172
2937,2020-11-26,24,133,Food,718,530.35,Day,0,0.133
2938,2020-11-26,17,58,Food,848,507.17,Night,0,0.204
2939,2020-11-26,21,479,Food,1042,599.18,Day,0,0.193
2940,2020-11-26,34,590,Machinery,715,610.3,Night,0,0.121
2941,2020-11-26,14,440,Machinery,352,469.21,Night,0,0.182
2942,2020-11-27,41,573,Machinery,1220,515.1,Night,0,0.112
2943,2020-11-27,30,51,Chemicals,1079,560.91,Day,0,0.08
2944,2020-11-27,1,103,Chemicals,152,424.2,Day,0,0.13
2945,2020-11-27,16,223,Raw Materials,394,487.93,Day,0,0.236
2946,2020-11-27,9,216,Food,630,1481.9,Night,1,0.976
2947,2020-11-27,21,246,Raw Materials,908,617.95,Day,0,0.185
2948,2020-11-27,38,192,Chemicals,999,449.47,Night,0,0.071
2949,2020-11-27,46,164,Vehicles,1195,1291.67,Day,1,0.755
2950,2020-11-28,7,258,Electronics,966,466.24,Day,0,0.068
2951,2020-11-28,12,529,Food,383,506.8,Night,0,0.181
2952,2020-11-28,34,153,Raw Materials,1477,553.22,Day,0,0.246
2953,2020-11-28,6,337,Vehicles,800,543.09,Night,0,0.133
2954,2020-11-28,28,583,Chemicals,1228,579.18,Day,0,0.037
2955,2020-11-28,1,403,Chemicals,537,488.25,Night,0,0.298
2956,2020-11-28,10,132,Machinery,1057,466.63,Night,0,0.061
2957,2020-11-28,5,425,Machinery,922,1874.43,Day,1,0.701
2958,2020-11-28,36,371,Chemicals,875,471.64,Day,0,0.101
2959,2020-11-28,21,174,Chemicals,1390,1308.06,Night,1,0.912
2960,2020-11-29,4,136,Food,137,569.7,Night,0,0.261
2961,2020-11-29,31,376,Machinery,1028,481.38,Day,0,0.253
2962,2020-11-29,28,164,Raw Materials,181,523.05,Day,0,0.121
2963,2020-11-29,33,366,Raw Materials,637,582.23,Night,0,0.134
2964,2020-11-29,21,610,Vehicles,1300,502.2,Night,0,0.157
2965,2020-11-29,14,602,Vehicles,1276,568.59,Night,0,0.179
2966,2020-11-29,5,264,Electronics,1306,448.96,Night,0,0.267
2967,2020-11-29,21,15,Textiles,1455,524.65,Night,0,0.131
2968,2020-11-29,14,131,Vehicles,555,586.49,Day,0,0.077
2969,2020-11-29,25,104,Electronics,421,494.25,Day,0,0.16
2970,2020-11-29,42,77,Food,1361,439.07,Day,0,0.28
2971,2020-11-30,17,17,Vehicles,249,518.82,Day,0,0.296
2972,2020-11-30,11,141,Raw Materials,1311,556.32,Day,0,0.211
2973,2020-11-30,20,510,Chemicals,1404,531.33,Night,0,0.151
2974,2020-11-30,32,66,Chemicals,519,546.37,Day,0,0.193
2975,2020-11-30,42,495,Food,1446,422.28,Day,0,0.157
2976,2020-11-30,25,79,Vehicles,623,481.99,Day,0,0.111
2977,2020-11-30,20,479,Machinery,150,498.8,Night,0,0.133
2978,2020-12-01,37,397,Vehicles,1209,470.15,Day,0,0.001
2979,2020-12-01,40,456,Chemicals,908,516.2,Day,0,0.172
2980,2020-12-01,10,428,Machinery,920,496.29,Day,0,0.03
2981,2020-12-01,21,365,Vehicles,1020,481.84,Night,0,0.15
2982,2020-12-01,34,409,Food,834,464.26,Night,0,0.106
2983,2020-12-01,12,261,Machinery,662,527.75,Night,0,0.101
2984,2020-12-01,27,544,Food,1499,548.18,Day,0,0.021
2985,2020-12-01,25,362,Food,318,563.19,Night,0,0.078
2986,2020-12-02,33,603,Food,110,613.15,Night,0,0.254
2987,2020-12-02,13,207,Textiles,972,597.11,Night,0,0.246
2988,2020-12-02,3,66,Electronics,602,500.63,Night,0,0.014
2989,2020-12-02,40,306,Chemicals,534,446.69,Night,0,0.239
2990,2020-12-02,22,50,Electronics,1346,506.46,Day,0,0.083
2991,2020-12-02,5,218,Vehicles,1284,600.68,Night,0,0.247
2992,2020-12-02,31,611,Raw Materials,1279,536.61,Night,0,0.04
2993,2020-12-02,18,345,Textiles,650,549.85,Day,0,0.158
2994,2020-12-02,20,326,Machinery,519,545.48,Day,0,0.231
2995,2020-12-02,45,504,Textiles,129,435.54,Night,0,0.067
2996,2020-12-02,17,20,Textiles,1386,475.05,Night,0,0.014
2997,2020-12-02,43,443,Chemicals,1363,508.91,Day,0,0.257
2998,2020-12-03,15,93,Textiles,1329,522.1,Night,0,0.042
2999,2020-12-03,34,288,Machinery,491,534.6,Day,0,0.169
3000,2020-12-03,29,471,Food,1190,490.81,Night,0,0.109
3001,2020-12-03,24,117,Electronics,1151,561.4,Night,0,0.206
3002,2020-12-03,11,207,Textiles,1169,476.78,Day,0,0.039
3003,2020-12-03,39,328,Vehicles,1153,520.59,Night,0,0.048
3004,2020-12-03,42,226,Machinery,163,466.27,Day,0,0.108
3005,2020-12-03,36,386,Chemicals,1040,449.25,Night,0,0.063
3006,2020-12-03,29,198,Machinery,925,532.97,Day,0,0.177
3007,2020-12-03,43,89,Electronics,1184,568.47,Night,0,0.162
3008,2020-12-03,10,302,Machinery,840,475.3,Day,0,0.169
3009,2020-12-03,27,562,Machinery,412,538.75,Day,0,0.196
3010,2020-12-04,29,515,Chemicals,450,566.84,Day,0,0.204
3011,2020-12-04,37,58,Vehicles,977,480.26,Day,0,0.163
3012,2020-12-04,41,459,Vehicles,1230,550.69,Day,0,0.14
3013,2020-12-04,29,595,Vehicles,631,608.48,Night,0,0.094
3014,2020-12-04,13,608,Raw Materials,1215,577.07,Day,0,0.206
3015,2020-12-04,29,216,Textiles,235,500.99,Night,0,0.017
3016,2020-12-05,20,379,Chemicals,929,517.21,Night,0,0.063
3017,2020-12-05,17,564,Machinery,520,419.61,Night,0,0.206
3018,2020-12-05,26,82,Chemicals,1315,497.58,Day,0,0.033
3019,2020-12-05,8,618,Vehicles,783,526.68,Day,0,0.03
3020,2020-12-05,37,553,Raw Materials,1442,465.75,Night,0,0.029
3021,2020-12-05,9,28,Electronics,922,431.97,Night,0,0.011
3022,2020-12-05,8,49,Textiles,370,544.98,Night,0,0.234
3023,2020-12-05,38,569,Machinery,1233,500.44,Day,0,0.212
3024,2020-12-05,43,448,Textiles,1030,480.24,Night,0,0.073
3025,2020-12-05,21,46,Machinery,771,428.35,Night,0,0.235
3026,2020-12-06,15,196,Food,1013,1399.91,Night,1,0.771
3027,2020-12-06,7,175,Electronics,761,473.03,Day,0,0.23
3028,2020-12-06,29,34,Chemicals,1418,568.55,Night,0,0.144
3029,2020-12-06,39,228,Vehicles,673,495.6,Night,0,0.161
3030,2020-12-06,7,79,Electronics,731,541.13,Night,0,0.285
3031,2020-12-06,42,105,Chemicals,1427,530.87,Day,0,0.161
3032,2020-12-06,29,117,Vehicles,905,406.0,Night,0,0.233
3033,2020-12-06,39,77,Textiles,1408,410.74,Day,0,0.161
3034,2020-12-06,10,238,Raw Materials,1385,557.96,Night,0,0.128
3035,2020-12-06,19,270,Machinery,1276,516.54,Night,0,0.07
3036,2020-12-06,28,438,Raw Materials,144,494.49,Night,0,0.065
3037,2020-12-06,9,628,Machinery,547,522.95,Night,0,0.036
3038,2020-12-07,32,375,Vehicles,428,443.33,Night,0,0.211
3039,2020-12-07,10,450,Electronics,1142,465.15,Day,0,0.213
3040,2020-12-07,9,579,Food,1245,582.12,Day,0,0.212
3041,2020-12-07,20,168,Chemicals,458,485.75,Day,0,0.112
3042,2020-12-07,36,356,Textiles,606,543.63,Night,0,0.239
3043,2020-12-07,2,478,Food,697,541.51,Day,0,0.117
3044,2020-12-07,8,354,Textiles,680,409.18,Night,0,0.276
3045,2020-12-07,32,275,Machinery,230,478.78,Day,0,0.269
3046,2020-12-07,5,526,Machinery,1256,536.42,Day,0,0.194
3047,2020-12-07,19,102,Raw Materials,714,542.68,Day,0,0.267
3048,2020-12-08,38,262,Vehicles,1097,449.86,Day,0,0.086
3049,2020-12-08,9,606,Textiles,929,518.09,Day,0,0.06
3050,2020-12-08,2,156,Raw Materials,1399,566.83,Night,0,0.28
3051,2020-12-08,2,589,Vehicles,483,596.5,Night,0,0.136
3052,2020-12-08,8,615,Machinery,947,600.17,Night,0,0.023
3053,2020-12-08,9,321,Chemicals,669,1810.35,Night,1,0.951
3054,2020-12-08,9,226,Textiles,1305,622.16,Night,0,0.022
3055,2020-12-08,14,449,Textiles,552,544.87,Night,0,0.005
3056,2020-12-08,31,464,Food,406,479.78,Day,0,0.083
3057,2020-12-08,26,124,Food,155,466.12,Night,0,0.105
3058,2020-12-08,30,312,Food,989,492.57,Night,0,0.042
3059,2020-12-09,25,54,Textiles,885,514.72,Day,0,0.02
3060,2020-12-09,38,366,Textiles,1397,586.1,Night,0,0.175
3061,2020-12-09,11,188,Vehicles,998,427.87,Night,0,0.09
3062,2020-12-09,3,27,Raw Materials,1221,578.49,Day,0,0.292
3063,2020-12-09,22,352,Vehicles,526,547.43,Day,0,0.087
3064,2020-12-09,44,262,Machinery,388,420.99,Night,0,0.273
3065,2020-12-09,15,587,Food,1060,536.56,Day,0,0.278
3066,2020-12-09,18,388,Food,1087,391.99,Day,0,0.249
3067,2020-12-09,10,367,Electronics,633,493.78,Day,0,0.14
3068,2020-12-09,21,219,Chemicals,116,444.34,Day,0,0.175
3069,2020-12-09,19,250,Machinery,1432,490.47,Night,0,0.21
3070,2020-12-09,24,515,Electronics,304,511.89,Day,0,0.161
3071,2020-12-10,6,320,Textiles,272,459.87,Day,0,0.13
3072,2020-12-10,35,423,Vehicles,312,607.62,Day,0,0.004
3073,2020-12-10,36,80,Electronics,192,440.76,Night,0,0.127
3074,2020-12-10,9,339,Raw Materials,208,470.08,Night,0,0.164
3075,2020-12-10,1,147,Raw Materials,1284,480.05,Night,0,0.022
3076,2020-12-10,17,184,Electronics,927,1071.14,Day,1,0.716
3077,2020-12-10,33,443,Vehicles,786,513.55,Night,0,0.249
3078,2020-12-11,19,98,Food,414,1280.54,Day,1,0.711
3079,2020-12-11,21,78,Food,1305,486.47,Night,0,0.121
3080,2020-12-11,16,211,Chemicals,377,507.54,Day,0,0.083
3081,2020-12-11,3,328,Raw Materials,1302,1474.96,Day,1,0.897
3082,2020-12-11,7,629,Raw Materials,254,583.69,Day,0,0.062
3083,2020-12-11,35,315,Chemicals,1279,547.89,Day,0,0.054
3084,2020-12-11,25,120,Chemicals,598,524.2,Day,0,0.076
3085,2020-12-12,27,291,Chemicals,543,491.47,Night,0,0.241
3086,2020-12-12,40,454,Raw Materials,110,548.03,Night,0,0.175
3087,2020-12-12,28,440,Food,456,514.98,Day,0,0.107
3088,2020-12-12,28,465,Vehicles,596,426.92,Night,0,0.172
3089,2020-12-12,41,370,Textiles,1066,530.61,Day,0,0.028
3090,2020-12-12,45,182,Machinery,859,445.77,Night,0,0.169
3091,2020-12-12,5,274,Raw Materials,898,560.75,Night,0,0.192
3092,2020-12-12,4,635,Machinery,714,515.97,Night,0,0.142
3093,2020-12-12,24,225,Machinery,1291,515.4,Day,0,0.233
3094,2020-12-12,18,404,Vehicles,750,471.86,Night,0,0.101
3095,2020-12-12,36,595,Chemicals,1398,573.21,Night,0,0.224
3096,2020-12-12,10,297,Vehicles,895,472.04,Day,0,0.178
3097,2020-12-13,7,347,Electronics,420,439.97,Night,0,0.126
3098,2020-12-13,13,561,Food,655,449.65,Day,0,0.198
3099,2020-12-13,27,562,Textiles,978,531.89,Night,0,0.03
3100,2020-12-13,35,151,Textiles,1063,555.57,Night,0,0.071
3101,2020-12-13,39,560,Machinery,296,500.24,Day,0,0.025
3102,2020-12-13,26,528,Vehicles,1045,549.2,Day,0,0.073
3103,2020-12-13,32,214,Chemicals,877,590.32,Night,0,0.232
3104,2020-12-13,7,281,Raw Materials,1087,544.7,Night,0,0.271
3105,2020-12-14,36,144,Vehicles,663,466.09,Night,0,0.294
3106,2020-12-14,26,202,Raw Materials,1005,504.45,Night,0,0.097
3107,2020-12-14,18,148,Machinery,707,475.8,Day,0,0.057
3108,2020-12-14,7,472,Vehicles,1298,558.6,Day,0,0.177
3109,2020-12-14,20,12,Machinery,1272,494.72,Day,0,0.2
3110,2020-12-14,12,424,Vehicles,698,602.34,Night,0,0.027
3111,2020-12-15,29,27,Vehicles,1227,508.12,Night,0,0.01
3112,2020-12-15,25,111,Food,1269,1453.08,Day,1,0.916
3113,2020-12-15,37,617,Vehicles,1298,603.12,Night,0,0.069
3114,2020-12-15,18,221,Vehicles,958,529.93,Night,0,0.197
3115,2020-12-15,14,281,Food,193,542.72,Day,0,0.027
3116,2020-12-15,4,73,Machinery,1329,441.19,Night,0,0.022
3117,2020-12-15,17,558,Electronics,920,570.24,Day,0,0.177
3118,2020-12-15,43,86,Electronics,738,502.1,Day,0,0.277
3119,2020-12-15,3,155,Raw Materials,954,543.4,Night,0,0.01
3120,2020-12-16,40,617,Chemicals,697,501.36,Day,0,0.286
3121,2020-12-16,13,265,Food,1233,507.4,Night,0,0.096
3122,2020-12-16,5,436,Vehicles,1079,542.73,Day,0,0.201
3123,2020-12-16,32,606,Chemicals,1213,526.97,Day,0,0.03
3124,2020-12-16,45,89,Electronics,516,496.27,Night,0,0.235
3125,2020-12-16,7,597,Raw Materials,133,560.89,Night,0,0.26
3126,2020-12-17,34,569,Food,288,529.41,Day,0,0.252
3127,2020-12-17,30,307,Chemicals,1092,538.19,Night,0,0.064
3128,2020-12-17,28,488,Machinery,879,500.97,Night,0,0.129
3129,2020-12-17,39,74,Textiles,263,559.56,Day,0,0.291
3130,2020-12-17,43,389,Raw Materials,1282,530.29,Day,0,0.051
3131,2020-12-17,42,156,Food,681,506.8,Day,0,0.276
3132,2020-12-17,14,340,Machinery,1322,508.13,Day,0,0.29
3133,2020-12-18,25,69,Textiles,618,513.21,Night,0,0.053
3134,2020-12-18,42,509,Electronics,104,450.58,Night,0,0.109
3135,2020-12-18,32,67,Textiles,1211,445.93,Night,0,0.274
3136,2020-12-18,23,437,Textiles,678,461.29,Night,0,0.295
3137,2020-12-18,39,227,Electronics,856,630.68,Day,0,0.102
3138,2020-12-18,29,357,Chemicals,848,603.83,Night,0,0.151
3139,2020-12-18,10,189,Vehicles,276,438.28,Night,0,0.196
3140,2020-12-19,24,27,Machinery,116,496.47,Night,0,0.199
3141,2020-12-19,6,302,Electronics,555,597.21,Night,0,0.287
3142,2020-12-19,27,185,Electronics,1148,502.19,Night,0,0.242
3143,2020-12-19,1,4,Machinery,1208,440.37,Night,0,0.241
3144,2020-12-19,7,498,Textiles,388,1218.69,Day,1,0.758
3145,2020-12-19,8,125,Raw Materials,1450,520.48,Night,0,0.054
3146,2020-12-19,36,159,Electronics,1197,522.21,Night,0,0.098
3147,2020-12-19,10,539,Food,1341,1074.57,Day,1,0.918
3148,2020-12-19,36,275,Textiles,337,479.44,Night,0,0.267
3149,2020-12-20,46,119,Food,1466,601.72,Day,0,0.058
3150,2020-12-20,29,150,Raw Materials,1417,531.04,Day,0,0.039
3151,2020-12-20,1,448,Electronics,1409,490.78,Night,0,0.167
3152,2020-12-20,3,614,Textiles,592,1527.75,Night,1,0.705
3153,2020-12-20,5,25,Electronics,1373,474.07,Night,0,0.073
3154,2020-12-20,5,628,Raw Materials,358,615.51,Night,0,0.153
3155,2020-12-21,42,269,Machinery,1238,464.28,Night,0,0.189
3156,2020-12-21,36,38,Electronics,1413,535.66,Day,0,0.167
3157,2020-12-21,40,229,Machinery,554,510.15,Day,0,0.193
3158,2020-12-21,2,233,Textiles,1298,459.24,Night,0,0.2
3159,2020-12-21,7,228,Food,590,527.59,Night,0,0.096
3160,2020-12-21,22,566,Food,1109,478.3,Night,0,0.178
3161,2020-12-22,45,22,Chemicals,1279,494.43,Night,0,0.289
3162,2020-12-22,37,51,Food,413,481.41,Night,0,0.24
3163,2020-12-22,28,16,Electronics,199,452.22,Night,0,0.136
3164,2020-12-22,18,381,Electronics,269,531.0,Night,0,0.043
3165,2020-12-22,27,96,Machinery,1459,479.68,Day,0,0.018
3166,2020-12-22,23,226,Textiles,674,497.6,Day,0,0.217
3167,2020-12-22,40,629,Vehicles,1355,558.02,Day,0,0.232
3168,2020-12-22,32,185,Raw Materials,118,454.88,Night,0,0.203
3169,2020-12-23,10,257,Chemicals,717,431.96,Day,0,0.136
3170,2020-12-23,9,316,Vehicles,777,514.94,Day,0,0.283
3171,2020-12-23,26,615,Food,1194,516.19,Day,0,0.175
3172,2020-12-23,2,394,Raw Materials,1121,563.33,Day,0,0.114
3173,2020-12-23,11,285,Food,1026,680.5,Day,0,0.197
3174,2020-12-23,40,347,Food,471,560.33,Night,0,0.254
3175,2020-12-23,21,551,Textiles,892,540.51,Day,0,0.042
3176,2020-12-24,26,189,Machinery,423,540.57,Day,0,0.089
3177,2020-12-24,11,615,Raw Materials,368,554.07,Day,0,0.278
3178,2020-12-24,12,123,Vehicles,593,494.56,Night,0,0.27
3179,2020-12-24,25,619,Machinery,110,416.63,Day,0,0.225
3180,2020-12-24,14,125,Textiles,421,585.92,Day,0,0.091
3181,2020-12-24,23,8,Chemicals,192,1238.0,Day,1,0.893
3182,2020-12-24,14,383,Machinery,1337,549.88,Day,0,0.181
3183,2020-12-24,1,60,Chemicals,1291,475.31,Day,0,0.055
3184,2020-12-24,22,386,Vehicles,1108,461.56,Night,0,0.222
3185,2020-12-25,39,317,Vehicles,1020,457.23,Day,0,0.068
3186,2020-12-25,19,353,Chemicals,579,473.7,Day,0,0.116
3187,2020-12-25,41,480,Raw Materials,1194,504.16,Night,0,0.132
3188,2020-12-25,19,251,Electronics,342,462.4,Night,0,0.283
3189,2020-12-25,23,201,Electronics,1472,469.86,Day,0,0.213
3190,2020-12-25,22,60,Chemicals,1449,514.28,Night,0,0.269
3191,2020-12-25,27,69,Electronics,1278,522.42,Day,0,0.096
3192,2020-12-25,36,57,Vehicles,251,501.13,Night,0,0.187
3193,2020-12-26,9,252,Vehicles,333,463.42,Day,0,0.133
3194,2020-12-26,25,490,Chemicals,786,553.04,Night,0,0.045
3195,2020-12-26,44,498,Textiles,828,491.24,Day,0,0.246
3196,2020-12-26,34,292,Machinery,551,505.72,Night,0,0.025
3197,2020-12-26,19,156,Chemicals,144,596.71,Night,0,0.249
3198,2020-12-26,16,584,Raw Materials,598,560.42,Day,0,0.022
3199,2020-12-26,10,266,Food,1327,482.97,Night,0,0.184
3200,2020-12-27,31,549,Electronics,1105,481.89,Night,0,0.061
3201,2020-12-27,44,509,Food,1267,634.87,Night,0,0.276
3202,2020-12-27,9,43,Electronics,662,566.78,Day,0,0.009
3203,2020-12-27,25,362,Vehicles,976,493.97,Day,0,0.238
3204,2020-12-27,15,378,Raw Materials,395,527.47,Day,0,0.298
3205,2020-12-27,21,354,Raw Materials,609,412.89,Day,0,0.094
3206,2020-12-27,25,629,Machinery,632,534.96,Night,0,0.153
3207,2020-12-28,28,164,Food,1283,499.62,Day,0,0.092
3208,2020-12-28,41,142,Electronics,946,533.02,Night,0,0.291
3209,2020-12-28,27,335,Textiles,783,535.47,Night,0,0.26
3210,2020-12-28,9,459,Vehicles,1108,489.44,Night,0,0.283
3211,2020-12-28,21,23,Textiles,541,484.55,Night,0,0.022
3212,2020-12-28,37,113,Machinery,1445,593.37,Night,0,0.001
3213,2020-12-28,10,201,Machinery,1045,421.88,Night,0,0.21
3214,2020-12-28,45,7,Food,1109,459.25,Night,0,0.139
3215,2020-12-28,9,383,Raw Materials,1164,495.66,Day,0,0.061
3216,2020-12-28,42,626,Electronics,699,598.23,Day,0,0.204
3217,2020-12-29,16,198,Vehicles,419,444.58,Night,0,0.081
3218,2020-12-29,5,405,Machinery,1011,915.68,Night,1,0.889
3219,2020-12-29,43,144,Chemicals,108,596.29,Night,0,0.248
3220,2020-12-29,2,51,Textiles,649,589.11,Night,0,0.245
3221,2020-12-29,35,209,Raw Materials,535,462.27,Day,0,0.007
3222,2020-12-29,33,171,Machinery,1406,530.64,Night,0,0.062
3223,2020-12-29,1,344,Textiles,685,589.79,Night,0,0.007
3224,2020-12-30,27,287,Electronics,484,455.45,Day,0,0.186
3225,2020-12-30,6,578,Food,202,586.34,Day,0,0.023
3226,2020-12-30,22,299,Electronics,1073,388.49,Night,0,0.27
3227,2020-12-30,46,62,Chemicals,1172,491.98,Day,0,0.221
3228,2020-12-30,19,262,Electronics,677,447.62,Day,0,0.073
3229,2020-12-30,23,416,Textiles,796,536.71,Night,0,0.157
3230,2020-12-30,42,106,Textiles,1422,510.92,Night,0,0.093
3231,2020-12-30,21,361,Chemicals,186,496.54,Day,0,0.155
3232,2020-12-31,25,289,Electronics,1097,509.59,Night,0,0.135
3233,2020-12-31,17,37,Textiles,176,523.8,Day,0,0.031
3234,2020-12-31,39,540,Machinery,310,567.59,Day,0,0.032
3235,2020-12-31,34,399,Raw Materials,1159,533.72,Night,0,0.141
3236,2020-12-31,25,450,Textiles,1167,507.21,Night,0,0.06
3237,2020-12-31,27,68,Raw Materials,185,475.15,Night,0,0.294
3238,2020-12-31,14,384,Food,830,415.71,Day,0,0.02
3239,2020-12-31,23,433,Machinery,407,460.64,Night,0,0.296
3240,2021-01-01,42,608,Food,426,516.61,Day,0,0.198
3241,2021-01-01,7,480,Food,1245,579.78,Night,0,0.08
3242,2021-01-01,28,439,Textiles,526,1736.52,Night,1,0.761
3243,2021-01-01,10,528,Chemicals,422,546.96,Night,0,0.115
3244,2021-01-01,38,574,Food,748,490.92,Day,0,0.111
3245,2021-01-01,46,63,Food,357,526.45,Day,0,0.032
3246,2021-01-01,16,5,Raw Materials,490,456.08,Night,0,0.002
3247,2021-01-01,37,484,Vehicles,116,444.58,Day,0,0.26
3248,2021-01-01,11,496,Machinery,1033,439.14,Night,0,0.285
3249,2021-01-01,8,124,Chemicals,753,549.9,Night,0,0.276
3250,2021-01-02,1,618,Electronics,1006,592.14,Day,0,0.044
3251,2021-01-02,4,145,Chemicals,496,479.66,Night,0,0.203
3252,2021-01-02,4,358,Raw Materials,1456,552.71,Night,0,0.141
3253,2021-01-02,40,438,Vehicles,1287,465.05,Day,0,0.213
3254,2021-01-02,28,359,Machinery,1032,485.94,Night,0,0.012
3255,2021-01-02,40,387,Chemicals,688,505.91,Day,0,0.11
3256,2021-01-02,11,289,Vehicles,877,509.02,Day,0,0.109
3257,2021-01-03,30,206,Chemicals,280,442.61,Day,0,0.187
3258,2021-01-03,1,470,Food,682,469.86,Day,0,0.073
3259,2021-01-03,4,117,Machinery,1411,483.25,Night,0,0.011
3260,2021-01-03,45,99,Electronics,912,483.96,Day,0,0.273
3261,2021-01-03,27,10,Textiles,166,536.48,Day,0,0.063
3262,2021-01-03,17,480,Textiles,1033,536.47,Night,0,0.276
3263,2021-01-03,14,226,Food,1139,474.73,Night,0,0.027
3264,2021-01-03,12,111,Textiles,925,497.87,Night,0,0.027
3265,2021-01-03,17,394,Vehicles,1134,642.04,Day,0,0.085
3266,2021-01-03,16,160,Chemicals,287,426.9,Day,0,0.285
3267,2021-01-03,45,143,Machinery,847,522.64,Night,0,0.162
3268,2021-01-03,17,607,Vehicles,1120,579.45,Day,0,0.087
3269,2021-01-04,3,145,Textiles,901,493.39,Day,0,0.113
3270,2021-01-04,2,328,Textiles,149,494.46,Day,0,0.101
3271,2021-01-04,14,147,Electronics,920,526.45,Night,0,0.193
3272,2021-01-04,13,241,Machinery,1442,500.49,Night,0,0.114
3273,2021-01-04,46,206,Electronics,219,518.18,Day,0,0.246
3274,2021-01-04,38,241,Textiles,1008,515.53,Day,0,0.218
3275,2021-01-05,20,545,Chemicals,1178,455.99,Day,0,0.286
3276,2021-01-05,5,344,Textiles,1498,432.26,Day,0,0.222
3277,2021-01-05,4,269,Vehicles,1008,505.75,Day,0,0.118
3278,2021-01-05,35,26,Chemicals,380,500.71,Day,0,0.129
3279,2021-01-05,5,358,Raw Materials,1039,619.84,Night,0,0.254
3280,2021-01-05,23,226,Raw Materials,280,1065.02,Day,1,0.865
3281,2021-01-05,14,251,Raw Materials,1355,417.1,Day,0,0.186
3282,2021-01-05,19,143,Textiles,1297,550.81,Day,0,0.224
3283,2021-01-05,9,433,Machinery,935,1574.75,Day,1,0.822
3284,2021-01-05,32,438,Vehicles,301,459.81,Night,0,0.144
3285,2021-01-05,9,544,Machinery,583,478.76,Day,0,0.107
3286,2021-01-05,6,407,Machinery,922,538.63,Day,0,0.048
3287,2021-01-06,28,446,Textiles,1154,589.75,Night,0,0.193
3288,2021-01-06,6,405,Chemicals,483,506.13,Night,0,0.192
3289,2021-01-06,44,551,Machinery,696,496.04,Day,0,0.161
3290,2021-01-06,9,332,Textiles,1076,495.18,Night,0,0.046
3291,2021-01-06,21,618,Machinery,706,612.89,Night,0,0.111
3292,2021-01-06,35,26,Electronics,248,494.58,Night,0,0.282
3293,2021-01-06,19,128,Electronics,893,459.3,Night,0,0.021
3294,2021-01-06,9,605,Raw Materials,911,583.96,Night,0,0.028
3295,2021-01-06,35,452,Vehicles,333,527.83,Day,0,0.017
3296,2021-01-07,24,45,Vehicles,1335,467.97,Day,0,0.081
3297,2021-01-07,46,186,Textiles,1106,1073.9,Night,1,0.705
3298,2021-01-07,10,604,Electronics,352,577.32,Day,0,0.263
3299,2021-01-07,22,14,Vehicles,1138,448.08,Day,0,0.051
3300,2021-01-07,2,412,Chemicals,471,543.4,Night,0,0.255
3301,2021-01-07,27,620,Raw Materials,343,531.76,Day,0,0.013
3302,2021-01-07,32,201,Chemicals,635,517.92,Day,0,0.271
3303,2021-01-07,42,434,Food,1275,478.2,Day,0,0.22
3304,2021-01-07,19,26,Machinery,288,495.23,Night,0,0.229
3305,2021-01-07,20,401,Machinery,1489,1327.51,Night,1,0.971
3306,2021-01-07,14,371,Food,863,443.93,Night,0,0.099
3307,2021-01-08,18,390,Textiles,1198,477.06,Night,0,0.154
3308,2021-01-08,43,275,Raw Materials,707,470.43,Day,0,0.257
3309,2021-01-08,43,362,Vehicles,427,551.16,Night,0,0.294
3310,2021-01-08,20,531,Chemicals,415,1335.51,Night,1,0.838
3311,2021-01-08,24,538,Electronics,1140,563.35,Night,0,0.265
3312,2021-01-08,27,625,Vehicles,1428,523.8,Day,0,0.073
3313,2021-01-09,28,612,Raw Materials,1196,543.01,Night,0,0.092
3314,2021-01-09,4,370,Textiles,458,511.0,Day,0,0.12
3315,2021-01-09,11,9,Machinery,503,478.09,Day,0,0.228
3316,2021-01-09,37,47,Machinery,565,591.54,Night,0,0.147
3317,2021-01-09,10,605,Food,1400,544.32,Night,0,0.206
3318,2021-01-09,16,576,Electronics,963,485.14,Day,0,0.168
3319,2021-01-09,23,113,Electronics,1485,1909.74,Night,1,0.707
3320,2021-01-09,12,576,Food,529,585.71,Day,0,0.265
3321,2021-01-09,9,476,Raw Materials,1500,486.52,Night,0,0.225
3322,2021-01-09,40,339,Electronics,305,436.78,Day,0,0.072
3323,2021-01-09,23,590,Food,441,502.23,Day,0,0.079
3324,2021-01-10,28,390,Raw Materials,1467,541.52,Day,0,0.208
3325,2021-01-10,34,373,Chemicals,1182,537.3,Night,0,0.088
3326,2021-01-10,6,266,Electronics,1336,589.2,Night,0,0.188
3327,2021-01-10,38,238,Electronics,260,394.52,Night,0,0.249
3328,2021-01-10,21,226,Vehicles,164,514.8,Night,0,0.125
3329,2021-01-10,31,191,Machinery,1033,525.64,Day,0,0.299
3330,2021-01-10,9,89,Raw Materials,1074,546.45,Night,0,0.127
3331,2021-01-10,11,436,Electronics,455,498.7,Night,0,0.036
3332,2021-01-10,42,453,Chemicals,128,475.81,Night,0,0.28
3333,2021-01-10,28,585,Electronics,1335,558.43,Day,0,0.07
3334,2021-01-11,39,345,Machinery,1111,481.57,Day,0,0.093
3335,2021-01-11,3,338,Raw Materials,356,583.1,Day,0,0.068
3336,2021-01-11,7,178,Food,569,458.17,Day,0,0.159
3337,2021-01-11,36,544,Food,1128,467.54,Day,0,0.195
3338,2021-01-11,4,149,Textiles,596,592.36,Night,0,0.11
3339,2021-01-11,44,149,Raw Materials,586,527.04,Day,0,0.23
3340,2021-01-11,29,388,Chemicals,1341,541.68,Night,0,0.033
3341,2021-01-11,22,300,Vehicles,684,490.11,Day,0,0.255
3342,2021-01-11,13,307,Machinery,1359,501.03,Day,0,0.275
3343,2021-01-11,6,40,Vehicles,1298,487.32,Day,0,0.096
3344,2021-01-12,10,599,Vehicles,1057,539.17,Day,0,0.117
3345,2021-01-12,22,66,Chemicals,431,390.84,Night,0,0.184
3346,2021-01-12,4,516,Chemicals,1366,507.84,Night,0,0.029
3347,2021-01-12,36,253,Textiles,254,512.09,Night,0,0.131
3348,2021-01-12,31,117,Food,380,451.08,Day,0,0.205
3349,2021-01-12,32,2,Vehicles,698,462.21,Night,0,0.219
3350,2021-01-12,24,202,Food,661,569.5,Day,0,0.003
3351,2021-01-12,12,7,Raw Materials,1423,443.89,Day,0,0.148
3352,2021-01-12,40,36,Vehicles,734,556.73,Day,0,0.264
3353,2021-01-13,39,324,Machinery,912,1161.81,Night,1,0.934
3354,2021-01-13,14,280,Vehicles,1040,530.45,Night,0,0.089
3355,2021-01-13,5,550,Chemicals,968,511.9,Day,0,0.073
3356,2021-01-13,36,136,Chemicals,246,1498.78,Night,1,0.73
3357,2021-01-13,16,288,Electronics,305,1111.1,Night,1,0.897
3358,2021-01-13,11,371,Chemicals,164,498.32,Day,0,0.222
3359,2021-01-13,44,79,Textiles,348,475.55,Night,0,0.252
3360,2021-01-14,35,579,Vehicles,1080,463.52,Day,0,0.221
3361,2021-01-14,39,13,Vehicles,1145,455.61,Night,0,0.145
3362,2021-01-14,3,44,Food,365,473.67,Day,0,0.21
3363,2021-01-14,7,52,Electronics,1035,526.91,Night,0,0.261
3364,2021-01-14,2,546,Electronics,469,549.32,Night,0,0.002
3365,2021-01-14,24,83,Raw Materials,1296,510.53,Day,0,0.091
3366,2021-01-14,17,373,Textiles,1067,431.37,Night,0,0.119
3367,2021-01-15,25,118,Machinery,976,474.6,Day,0,0.205
3368,2021-01-15,8,514,Raw Materials,389,504.58,Night,0,0.072
3369,2021-01-15,23,411,Chemicals,922,518.06,Day,0,0.163
3370,2021-01-15,2,382,Machinery,524,450.18,Night,0,0.059
3371,2021-01-15,34,490,Raw Materials,195,516.54,Night,0,0.278
3372,2021-01-15,19,390,Food,708,532.02,Day,0,0.266
3373,2021-01-15,12,507,Chemicals,547,624.6,Night,0,0.242
3374,2021-01-15,27,100,Chemicals,1382,501.63,Night,0,0.112
3375,2021-01-16,33,233,Textiles,912,608.6,Day,0,0.277
3376,2021-01-16,17,491,Raw Materials,612,506.62,Day,0,0.113
3377,2021-01-16,37,397,Electronics,543,452.88,Night,0,0.001
3378,2021-01-16,18,555,Machinery,1498,584.82,Day,0,0.192
3379,2021-01-16,26,233,Raw Materials,805,497.94,Day,0,0.234
3380,2021-01-16,46,609,Vehicles,1418,520.99,Day,0,0.281
3381,2021-01-16,25,338,Food,231,556.56,Day,0,0.281
3382,2021-01-16,10,593,Electronics,1212,548.34,Day,0,0.038
3383,2021-01-17,18,492,Textiles,494,571.73,Day,0,0.175
3384,2021-01-17,26,55,Food,1486,517.14,Night,0,0.184
3385,2021-01-17,34,259,Food,1291,467.48,Night,0,0.048
3386,2021-01-17,9,110,Electronics,326,443.37,Night,0,0.256
3387,2021-01-17,22,428,Textiles,294,434.79,Night,0,0.282
3388,2021-01-17,1,444,Machinery,532,490.3,Day,0,0.205
3389,2021-01-17,46,321,Raw Materials,598,545.82,Night,0,0.05
3390,2021-01-18,24,361,Raw Materials,464,524.54,Night,0,0.226
3391,2021-01-18,7,429,Textiles,940,531.17,Night,0,0.027
3392,2021-01-18,14,539,Machinery,1186,641.74,Day,0,0.05
3393,2021-01-18,4,117,Vehicles,126,444.47,Day,0,0.057
3394,2021-01-18,44,176,Machinery,554,493.38,Day,0,0.207
3395,2021-01-18,27,124,Electronics,1062,463.61,Day,0,0.011
3396,2021-01-18,3,318,Chemicals,1075,485.41,Day,0,0.18
3397,2021-01-18,19,381,Textiles,560,471.75,Night,0,0.26
3398,2021-01-18,44,613,Chemicals,1086,571.04,Day,0,0.3
3399,2021-01-19,39,158,Food,800,569.81,Day,0,0.18
3400,2021-01-19,12,331,Vehicles,620,574.57,Day,0,0.26
3401,2021-01-19,12,109,Vehicles,484,490.64,Day,0,0.119
3402,2021-01-19,37,613,Food,628,521.32,Night,0,0.062
3403,2021-01-19,36,258,Chemicals,292,483.52,Night,0,0.073
3404,2021-01-19,31,613,Textiles,1454,565.13,Night,0,0.233
3405,2021-01-19,40,48,Vehicles,1454,459.81,Night,0,0.139
3406,2021-01-20,18,33,Vehicles,320,590.46,Day,0,0.191
3407,2021-01-20,13,337,Machinery,920,497.07,Day,0,0.289
3408,2021-01-20,31,197,Machinery,158,488.07,Night,0,0.041
3409,2021-01-20,31,232,Electronics,469,488.01,Night,0,0.22
3410,2021-01-20,18,97,Raw Materials,225,563.41,Day,0,0.274
3411,2021-01-20,12,241,Food,731,524.04,Night,0,0.195
3412,2021-01-20,20,298,Chemicals,707,495.5,Night,0,0.166
3413,2021-01-20,18,160,Chemicals,672,500.42,Day,0,0.209
3414,2021-01-20,20,450,Food,286,589.96,Night,0,0.221
3415,2021-01-20,28,67,Machinery,661,586.88,Night,0,0.093
3416,2021-01-20,23,198,Chemicals,1057,1243.84,Day,1,0.891
3417,2021-01-21,21,96,Textiles,466,486.94,Day,0,0.234
3418,2021-01-21,2,205,Machinery,754,526.89,Night,0,0.054
3419,2021-01-21,37,608,Electronics,1398,572.78,Day,0,0.114
3420,2021-01-21,38,434,Raw Materials,443,495.16,Day,0,0.07
3421,2021-01-21,35,393,Textiles,612,522.17,Day,0,0.235
3422,2021-01-21,13,624,Raw Materials,1372,544.2,Day,0,0.235
3423,2021-01-21,20,130,Vehicles,1392,521.3,Night,0,0.202
3424,2021-01-21,33,193,Machinery,491,466.59,Night,0,0.09
3425,2021-01-22,35,620,Chemicals,627,541.88,Day,0,0.221
3426,2021-01-22,25,447,Vehicles,176,553.24,Night,0,0.233
3427,2021-01-22,24,295,Food,610,506.3,Day,0,0.283
3428,2021-01-22,36,338,Electronics,1021,475.9,Night,0,0.102
3429,2021-01-22,2,592,Chemicals,1245,448.51,Night,0,0.297
3430,2021-01-22,39,279,Raw Materials,1393,424.14,Night,0,0.075
3431,2021-01-22,28,620,Food,769,549.99,Night,0,0.141
3432,2021-01-22,22,46,Machinery,355,556.64,Night,0,0.157
3433,2021-01-22,1,39,Food,379,373.23,Night,0,0.082
3434,2021-01-22,19,626,Vehicles,872,486.31,Night,0,0.13
3435,2021-01-23,38,552,Machinery,133,494.91,Night,0,0.257
3436,2021-01-23,2,444,Electronics,634,524.38,Day,0,0.272
3437,2021-01-23,6,27,Raw Materials,1172,497.1,Day,0,0.284
3438,2021-01-23,7,345,Machinery,834,631.73,Night,0,0.218
3439,2021-01-23,1,347,Textiles,1134,510.36,Day,0,0.147
3440,2021-01-23,19,268,Chemicals,681,515.82,Day,0,0.291
3441,2021-01-23,24,626,Textiles,1159,478.73,Night,0,0.083
3442,2021-01-23,2,344,Machinery,1280,608.13,Night,0,0.069
3443,2021-01-23,22,319,Chemicals,641,588.43,Day,0,0.141
3444,2021-01-24,35,602,Food,1012,477.68,Day,0,0.288
3445,2021-01-24,9,339,Raw Materials,1497,565.16,Day,0,0.3
3446,2021-01-24,28,177,Raw Materials,716,452.79,Night,0,0.237
3447,2021-01-24,41,422,Textiles,1424,506.34,Day,0,0.258
3448,2021-01-24,4,395,Food,1148,550.49,Day,0,0.006
3449,2021-01-24,6,23,Raw Materials,389,438.83,Day,0,0.025
3450,2021-01-24,40,214,Raw Materials,702,539.58,Day,0,0.151
3451,2021-01-24,24,151,Machinery,817,948.54,Night,1,0.798
3452,2021-01-24,10,53,Vehicles,965,489.78,Day,0,0.091
3453,2021-01-24,19,217,Machinery,1141,522.1,Night,0,0.073
3454,2021-01-24,7,551,Vehicles,408,484.91,Day,0,0.111
3455,2021-01-25,27,91,Vehicles,197,456.32,Night,0,0.134
3456,2021-01-25,18,366,Machinery,976,513.66,Night,0,0.124
3457,2021-01-25,9,398,Machinery,1010,439.19,Day,0,0.271
3458,2021-01-25,36,620,Raw Materials,1115,507.05,Night,0,0.149
3459,2021-01-25,24,628,Vehicles,687,448.35,Night,0,0.214
3460,2021-01-25,9,602,Raw Materials,489,425.99,Night,0,0.138
3461,2021-01-25,17,29,Machinery,897,439.34,Day,0,0.08
3462,2021-01-25,10,24,Machinery,1056,508.55,Night,0,0.092
3463,2021-01-25,29,360,Food,280,586.2,Day,0,0.196
3464,2021-01-25,14,61,Raw Materials,166,536.53,Day,0,0.014
3465,2021-01-25,18,35,Food,915,459.64,Night,0,0.087
3466,2021-01-26,22,251,Vehicles,1445,560.56,Night,0,0.074
3467,2021-01-26,12,206,Machinery,980,590.07,Day,0,0.201
3468,2021-01-26,1,38,Machinery,159,484.49,Night,0,0.171
3469,2021-01-26,6,72,Vehicles,602,524.78,Day,0,0.109
3470,2021-01-26,27,80,Textiles,1324,449.43,Day,0,0.177
3471,2021-01-26,26,322,Electronics,1221,611.88,Day,0,0.225
3472,2021-01-26,29,284,Machinery,256,570.75,Night,0,0.092
3473,2021-01-26,29,436,Textiles,1416,525.6,Day,0,0.0
3474,2021-01-27,30,598,Machinery,1474,488.81,Night,0,0.235
3475,2021-01-27,25,561,Vehicles,1357,588.98,Day,0,0.121
3476,2021-01-27,39,601,Electronics,1178,526.17,Night,0,0.02
3477,2021-01-27,46,169,Vehicles,574,524.68,Day,0,0.149
3478,2021-01-27,19,18,Food,1085,497.87,Night,0,0.187
3479,2021-01-27,28,179,Electronics,618,521.99,Day,0,0.16
3480,2021-01-27,25,34,Machinery,729,505.84,Night,0,0.073
3481,2021-01-27,36,605,Food,1029,525.4,Day,0,0.137
3482,2021-01-27,20,132,Chemicals,770,439.48,Day,0,0.085
3483,2021-01-27,2,171,Raw Materials,1133,471.88,Day,0,0.025
3484,2021-01-27,44,417,Food,1117,504.31,Night,0,0.029
3485,2021-01-28,14,376,Textiles,1480,531.65,Day,0,0.059
3486,2021-01-28,27,326,Food,530,547.98,Day,0,0.281
3487,2021-01-28,35,374,Vehicles,343,436.09,Day,0,0.187
3488,2021-01-28,40,60,Vehicles,1487,497.68,Night,0,0.023
3489,2021-01-28,11,568,Food,839,559.78,Night,0,0.033
3490,2021-01-28,30,354,Chemicals,1201,430.97,Day,0,0.256
3491,2021-01-29,15,319,Textiles,184,494.01,Day,0,0.02
3492,2021-01-29,17,395,Food,360,347.21,Day,0,0.295
3493,2021-01-29,12,320,Electronics,1345,570.48,Day,0,0.073
3494,2021-01-29,4,602,Chemicals,229,482.82,Day,0,0.046
3495,2021-01-29,13,303,Electronics,705,508.72,Day,0,0.1
3496,2021-01-29,42,365,Chemicals,210,469.02,Night,0,0.096
3497,2021-01-29,3,195,Raw Materials,729,488.39,Day,0,0.202
3498,2021-01-29,7,49,Food,1357,552.48,Night,0,0.199
3499,2021-01-29,21,328,Machinery,985,516.16,Night,0,0.266
3500,2021-01-29,8,572,Textiles,1310,628.45,Day,0,0.122
3501,2021-01-30,39,274,Chemicals,212,434.48,Night,0,0.275
3502,2021-01-30,7,24,Electronics,883,531.02,Night,0,0.114
3503,2021-01-30,40,96,Electronics,1178,485.7,Day,0,0.24
3504,2021-01-30,8,415,Machinery,1131,493.98,Day,0,0.046
3505,2021-01-30,6,512,Vehicles,923,546.29,Night,0,0.171
3506,2021-01-30,25,150,Textiles,496,580.29,Day,0,0.149
3507,2021-01-30,46,89,Electronics,807,469.56,Day,0,0.19
3508,2021-01-30,41,361,Chemicals,371,479.46,Night,0,0.137
3509,2021-01-30,46,207,Chemicals,162,577.0,Day,0,0.254
3510,2021-01-30,36,348,Vehicles,363,519.47,Night,0,0.057
3511,2021-01-31,8,149,Electronics,704,441.64,Night,0,0.099
3512,2021-01-31,33,24,Vehicles,1156,601.57,Day,0,0.242
3513,2021-01-31,3,295,Chemicals,472,508.35,Day,0,0.09
3514,2021-01-31,31,270,Raw Materials,917,567.73,Night,0,0.182
3515,2021-01-31,22,43,Food,270,407.93,Day,0,0.099
3516,2021-01-31,26,266,Electronics,292,417.59,Day,0,0.099
3517,2021-01-31,23,442,Chemicals,1154,461.13,Day,0,0.133
3518,2021-01-31,25,356,Vehicles,1356,493.72,Night,0,0.071
3519,2021-01-31,14,399,Machinery,1425,593.61,Day,0,0.007
3520,2021-02-01,7,199,Electronics,672,580.01,Night,0,0.177
3521,2021-02-01,43,458,Raw Materials,1282,1216.23,Day,1,0.928
3522,2021-02-01,17,534,Vehicles,603,496.0,Night,0,0.285
3523,2021-02-01,37,297,Electronics,1306,498.67,Night,0,0.169
3524,2021-02-01,4,371,Food,1002,490.26,Day,0,0.072
3525,2021-02-01,23,96,Machinery,540,434.44,Night,0,0.066
3526,2021-02-02,26,506,Raw Materials,1239,452.43,Day,0,0.153
3527,2021-02-02,34,414,Raw Materials,779,451.79,Night,0,0.05
3528,2021-02-02,43,548,Raw Materials,425,571.83,Day,0,0.049
3529,2021-02-02,35,2,Textiles,547,1754.98,Day,1,0.854
3530,2021-02-02,28,549,Vehicles,965,569.97,Night,0,0.123
3531,2021-02-02,32,515,Textiles,917,500.18,Day,0,0.292
3532,2021-02-02,18,589,Raw Materials,1277,611.72,Night,0,0.044
3533,2021-02-02,15,366,Electronics,1078,492.29,Day,0,0.099
3534,2021-02-02,41,163,Food,1200,529.74,Night,0,0.29
3535,2021-02-02,6,66,Textiles,890,436.81,Night,0,0.133
3536,2021-02-02,8,121,Machinery,626,364.58,Night,0,0.08
3537,2021-02-03,23,326,Raw Materials,833,528.06,Day,0,0.183
3538,2021-02-03,29,543,Chemicals,116,468.23,Night,0,0.015
3539,2021-02-03,14,360,Electronics,325,1504.15,Day,1,0.798
3540,2021-02-03,31,159,Food,396,523.39,Day,0,0.084
3541,2021-02-03,35,221,Raw Materials,1457,467.03,Night,0,0.015
3542,2021-02-03,41,533,Machinery,1441,490.21,Night,0,0.286
3543,2021-02-03,41,519,Food,116,508.57,Day,0,0.002
3544,2021-02-03,22,225,Vehicles,595,477.06,Night,0,0.264
3545,2021-02-03,26,410,Electronics,808,488.63,Night,0,0.104
3546,2021-02-04,10,403,Textiles,995,551.99,Day,0,0.08
3547,2021-02-04,26,142,Chemicals,198,432.76,Night,0,0.209
3548,2021-02-04,20,588,Electronics,1327,473.15,Day,0,0.213
3549,2021-02-04,23,419,Vehicles,1383,536.35,Night,0,0.221
3550,2021-02-04,11,88,Food,1429,486.21,Night,0,0.065
3551,2021-02-04,16,21,Machinery,796,535.06,Night,0,0.048
3552,2021-02-04,12,427,Chemicals,1343,467.29,Night,0,0.143
3553,2021-02-04,33,274,Vehicles,909,582.46,Night,0,0.007
3554,2021-02-04,31,352,Vehicles,1252,519.84,Day,0,0.281
3555,2021-02-04,39,517,Machinery,1089,492.9,Day,0,0.206
3556,2021-02-05,7,315,Food,521,531.71,Day,0,0.129
3557,2021-02-05,18,635,Textiles,1478,545.2,Day,0,0.199
3558,2021-02-05,31,279,Machinery,989,458.11,Night,0,0.234
3559,2021-02-05,38,38,Electronics,840,454.45,Night,0,0.238
3560,2021-02-05,14,314,Raw Materials,984,590.89,Day,0,0.197
3561,2021-02-05,7,345,Raw Materials,1254,1510.8,Night,1,0.93
3562,2021-02-05,4,499,Vehicles,593,524.96,Night,0,0.034
3563,2021-02-05,14,369,Machinery,355,575.44,Night,0,0.285
3564,2021-02-06,17,474,Raw Materials,568,501.2,Night,0,0.184
3565,2021-02-06,17,247,Raw Materials,1450,519.67,Day,0,0.106
3566,2021-02-06,24,480,Machinery,621,559.53,Night,0,0.103
3567,2021-02-06,42,500,Electronics,905,401.59,Night,0,0.064
3568,2021-02-06,43,322,Chemicals,396,487.29,Day,0,0.29
3569,2021-02-06,23,566,Raw Materials,1480,536.58,Day,0,0.146
3570,2021-02-06,39,309,Food,1127,417.5,Night,0,0.123
3571,2021-02-06,3,160,Vehicles,1411,522.85,Night,0,0.064
3572,2021-02-06,42,310,Electronics,715,1120.49,Night,1,0.82
3573,2021-02-06,38,456,Food,1109,484.74,Day,0,0.246
3574,2021-02-06,16,298,Textiles,815,467.77,Day,0,0.172
3575,2021-02-07,34,222,Food,863,505.67,Night,0,0.008
3576,2021-02-07,39,398,Electronics,259,450.25,Day,0,0.185
3577,2021-02-07,2,41,Machinery,172,546.39,Day,0,0.081
3578,2021-02-07,3,501,Vehicles,1323,486.58,Night,0,0.159
3579,2021-02-07,21,101,Vehicles,419,555.72,Night,0,0.234
3580,2021-02-07,43,563,Machinery,922,574.87,Night,0,0.106
3581,2021-02-08,28,499,Food,1479,544.31,Day,0,0.014
3582,2021-02-08,4,466,Chemicals,1193,442.02,Day,0,0.081
3583,2021-02-08,6,219,Raw Materials,807,552.92,Day,0,0.022
3584,2021-02-08,13,49,Raw Materials,734,415.31,Night,0,0.191
3585,2021-02-08,40,233,Machinery,1477,551.06,Night,0,0.218
3586,2021-02-08,27,453,Vehicles,648,492.87,Day,0,0.007
3587,2021-02-08,46,12,Machinery,1479,483.82,Day,0,0.131
3588,2021-02-09,36,158,Raw Materials,151,393.91,Night,0,0.292
3589,2021-02-09,22,186,Chemicals,1064,537.65,Night,0,0.24
3590,2021-02-09,10,519,Machinery,1294,397.02,Night,0,0.243
3591,2021-02-09,44,132,Raw Materials,440,553.17,Day,0,0.26
3592,2021-02-09,25,85,Textiles,1101,540.14,Day,0,0.164
3593,2021-02-09,10,342,Machinery,752,471.62,Night,0,0.113
3594,2021-02-09,24,220,Food,749,530.89,Day,0,0.277
3595,2021-02-09,8,534,Raw Materials,1190,493.95,Day,0,0.026
3596,2021-02-10,29,193,Vehicles,792,437.58,Day,0,0.062
3597,2021-02-10,42,553,Vehicles,1314,556.22,Day,0,0.154
3598,2021-02-10,7,550,Raw Materials,1117,619.32,Night,0,0.078
3599,2021-02-10,43,138,Electronics,252,483.46,Day,0,0.097
3600,2021-02-10,4,100,Chemicals,1007,562.84,Day,0,0.062
3601,2021-02-10,25,12,Electronics,1140,421.71,Day,0,0.141
3602,2021-02-10,31,48,Machinery,1454,525.3,Day,0,0.131
3603,2021-02-10,35,243,Machinery,395,493.41,Night,0,0.196
3604,2021-02-10,45,68,Chemicals,292,436.08,Night,0,0.013
3605,2021-02-11,34,529,Textiles,201,486.27,Night,0,0.172
3606,2021-02-11,3,232,Machinery,709,500.82,Day,0,0.239
3607,2021-02-11,17,630,Machinery,711,571.16,Night,0,0.097
3608,2021-02-11,44,237,Machinery,612,557.26,Day,0,0.171
3609,2021-02-11,37,499,Chemicals,711,566.13,Day,0,0.212
3610,2021-02-11,39,462,Electronics,1231,582.57,Day,0,0.259
3611,2021-02-11,36,588,Chemicals,913,553.0,Day,0,0.286
3612,2021-02-11,30,284,Electronics,780,521.56,Day,0,0.02
3613,2021-02-11,16,408,Raw Materials,798,1273.27,Day,1,0.827
3614,2021-02-11,2,564,Food,665,507.33,Night,0,0.042
3615,2021-02-12,39,238,Raw Materials,853,435.42,Day,0,0.058
3616,2021-02-12,40,85,Machinery,841,470.91,Day,0,0.266
3617,2021-02-12,21,87,Food,792,531.37,Night,0,0.207
3618,2021-02-12,23,126,Chemicals,266,474.05,Day,0,0.272
3619,2021-02-12,6,155,Chemicals,277,457.03,Day,0,0.175
3620,2021-02-12,31,580,Chemicals,794,516.79,Day,0,0.259
3621,2021-02-12,30,103,Machinery,266,542.14,Night,0,0.104
3622,2021-02-12,33,463,Textiles,721,457.07,Day,0,0.076
3623,2021-02-12,45,392,Food,290,539.45,Day,0,0.228
3624,2021-02-12,41,569,Chemicals,589,504.63,Night,0,0.168
3625,2021-02-12,8,571,Raw Materials,926,432.67,Night,0,0.018
3626,2021-02-12,25,287,Food,764,549.57,Day,0,0.197
3627,2021-02-13,38,466,Raw Materials,263,464.18,Day,0,0.068
3628,2021-02-13,12,271,Vehicles,1024,468.34,Night,0,0.226
3629,2021-02-13,32,271,Electronics,100,493.37,Night,0,0.013
3630,2021-02-13,20,450,Raw Materials,339,542.78,Day,0,0.297
3631,2021-02-13,25,21,Raw Materials,692,504.99,Night,0,0.255
3632,2021-02-13,24,594,Raw Materials,1077,541.81,Night,0,0.035
3633,2021-02-13,7,53,Textiles,1068,414.17,Night,0,0.202
3634,2021-02-13,23,429,Machinery,406,565.33,Night,0,0.237
3635,2021-02-13,10,171,Vehicles,1280,514.6,Night,0,0.297
3636,2021-02-13,2,209,Textiles,1139,581.39,Day,0,0.206
3637,2021-02-13,34,358,Electronics,988,463.9,Night,0,0.277
3638,2021-02-14,46,418,Chemicals,1163,557.16,Day,0,0.123
3639,2021-02-14,36,488,Textiles,1006,586.26,Day,0,0.112
3640,2021-02-14,3,211,Chemicals,870,440.01,Night,0,0.141
3641,2021-02-14,12,455,Vehicles,274,558.06,Day,0,0.107
3642,2021-02-14,9,568,Chemicals,483,540.56,Night,0,0.01
3643,2021-02-14,35,172,Chemicals,435,496.2,Night,0,0.016
3644,2021-02-14,10,221,Food,673,596.82,Day,0,0.236
3645,2021-02-14,46,29,Textiles,629,1360.41,Night,1,0.896
3646,2021-02-14,13,350,Textiles,902,435.83,Night,0,0.042
3647,2021-02-14,20,93,Textiles,803,1593.52,Day,1,0.958
3648,2021-02-14,17,260,Food,1188,587.56,Night,0,0.284
3649,2021-02-15,7,120,Food,441,414.14,Day,0,0.159
3650,2021-02-15,1,332,Machinery,940,618.77,Day,0,0.091
3651,2021-02-15,9,374,Raw Materials,161,401.73,Night,0,0.165
3652,2021-02-15,41,458,Electronics,1490,519.37,Night,0,0.069
3653,2021-02-15,38,134,Electronics,610,1941.21,Day,1,0.886
3654,2021-02-15,46,334,Machinery,527,427.08,Night,0,0.233
3655,2021-02-15,43,135,Textiles,1174,497.02,Night,0,0.149
3656,2021-02-16,45,79,Raw Materials,422,458.96,Night,0,0.17
3657,2021-02-16,27,178,Machinery,1465,473.05,Day,0,0.003
3658,2021-02-16,13,188,Machinery,109,1012.47,Day,1,0.712
3659,2021-02-16,34,500,Food,262,512.0,Night,0,0.219
3660,2021-02-16,42,4,Vehicles,1101,510.24,Day,0,0.11
3661,2021-02-16,18,69,Food,1185,466.91,Night,0,0.02
3662,2021-02-16,18,416,Chemicals,1055,508.79,Night,0,0.222
3663,2021-02-16,7,365,Machinery,1494,496.03,Day,0,0.248
3664,2021-02-16,15,408,Machinery,1194,469.24,Day,0,0.102
3665,2021-02-16,35,194,Electronics,1273,560.23,Day,0,0.271
3666,2021-02-16,45,569,Machinery,1195,516.41,Day,0,0.003
3667,2021-02-16,4,91,Food,1012,522.46,Night,0,0.146
3668,2021-02-17,43,545,Textiles,304,505.63,Night,0,0.138
3669,2021-02-17,7,374,Vehicles,318,456.91,Day,0,0.293
3670,2021-02-17,43,136,Textiles,364,472.12,Day,0,0.171
3671,2021-02-17,3,123,Textiles,822,527.47,Day,0,0.17
3672,2021-02-17,1,276,Raw Materials,1076,545.58,Day,0,0.152
3673,2021-02-17,38,106,Textiles,1393,587.81,Night,0,0.023
3674,2021-02-17,14,619,Electronics,678,462.37,Night,0,0.292
3675,2021-02-17,30,343,Food,326,636.98,Night,0,0.09
3676,2021-02-18,30,244,Chemicals,889,513.24,Night,0,0.18
3677,2021-02-18,34,559,Vehicles,243,563.16,Day,0,0.29
3678,2021-02-18,31,461,Raw Materials,1422,589.67,Day,0,0.237
3679,2021-02-18,31,176,Food,491,472.73,Night,0,0.258
3680,2021-02-18,40,474,Chemicals,1336,482.68,Night,0,0.113
3681,2021-02-18,31,113,Machinery,729,505.17,Night,0,0.013
3682,2021-02-18,11,629,Raw Materials,563,592.3,Day,0,0.16
3683,2021-02-18,2,304,Food,1064,474.28,Day,0,0.009
3684,2021-02-18,4,582,Electronics,1331,506.88,Night,0,0.21
3685,2021-02-18,31,234,Machinery,361,503.25,Night,0,0.234
3686,2021-02-18,45,142,Food,635,521.85,Day,0,0.277
3687,2021-02-18,15,423,Electronics,1319,521.62,Day,0,0.249
3688,2021-02-19,7,341,Machinery,595,435.38,Day,0,0.213
3689,2021-02-19,30,189,Machinery,736,536.51,Day,0,0.098
3690,2021-02-19,37,14,Vehicles,234,469.01,Day,0,0.038
3691,2021-02-19,40,229,Food,1350,435.4,Day,0,0.092
3692,2021-02-19,11,590,Raw Materials,1425,527.01,Day,0,0.185
3693,2021-02-19,44,426,Raw Materials,1076,509.43,Night,0,0.259
3694,2021-02-20,11,171,Raw Materials,434,471.56,Night,0,0.139
3695,2021-02-20,16,413,Electronics,187,494.56,Night,0,0.172
3696,2021-02-20,46,57,Food,1028,463.63,Night,0,0.259
3697,2021-02-20,42,320,Chemicals,1024,466.82,Night,0,0.097
3698,2021-02-20,17,54,Chemicals,1413,501.31,Night,0,0.12
3699,2021-02-20,32,614,Vehicles,225,525.16,Day,0,0.259
3700,2021-02-21,15,202,Chemicals,1500,459.77,Night,0,0.176
3701,2021-02-21,18,328,Vehicles,1475,496.09,Day,0,0.104
3702,2021-02-21,33,481,Food,1035,503.96,Day,0,0.248
3703,2021-02-21,33,101,Chemicals,140,533.26,Day,0,0.189
3704,2021-02-21,44,214,Chemicals,571,499.21,Day,0,0.03
3705,2021-02-21,12,157,Raw Materials,1074,510.05,Night,0,0.112
3706,2021-02-21,46,470,Electronics,595,498.2,Day,0,0.013
3707,2021-02-21,5,410,Chemicals,609,529.35,Day,0,0.146
3708,2021-02-21,6,375,Food,1194,466.23,Night,0,0.016
3709,2021-02-21,38,274,Food,411,552.9,Day,0,0.09
3710,2021-02-22,26,313,Electronics,1315,590.09,Day,0,0.111
3711,2021-02-22,24,90,Food,576,406.16,Day,0,0.231
3712,2021-02-22,5,601,Raw Materials,610,525.56,Day,0,0.22
3713,2021-02-22,23,22,Vehicles,557,484.16,Night,0,0.279
3714,2021-02-22,5,632,Electronics,782,483.81,Night,0,0.257
3715,2021-02-22,21,367,Electronics,903,473.41,Night,0,0.19
3716,2021-02-22,9,285,Chemicals,135,520.75,Night,0,0.129
3717,2021-02-22,27,138,Vehicles,1471,561.81,Day,0,0.215
3718,2021-02-23,21,135,Raw Materials,101,441.86,Day,0,0.282
3719,2021-02-23,21,43,Chemicals,212,461.77,Night,0,0.243
3720,2021-02-23,43,431,Machinery,258,555.02,Night,0,0.206
3721,2021-02-23,45,433,Textiles,186,497.52,Day,0,0.024
3722,2021-02-23,19,428,Raw Materials,202,434.32,Day,0,0.18
3723,2021-02-23,32,526,Textiles,1316,535.67,Day,0,0.117
3724,2021-02-23,8,396,Textiles,1171,560.06,Day,0,0.29
3725,2021-02-24,46,549,Electronics,1180,540.4,Night,0,0.179
3726,2021-02-24,23,37,Food,919,448.27,Night,0,0.161
3727,2021-02-24,11,390,Chemicals,1173,562.77,Night,0,0.146
3728,2021-02-24,1,568,Vehicles,1469,553.39,Day,0,0.087
3729,2021-02-24,10,198,Chemicals,820,483.06,Night,0,0.218
3730,2021-02-24,46,30,Electronics,919,503.25,Day,0,0.286
3731,2021-02-24,34,613,Electronics,1413,527.91,Night,0,0.061
3732,2021-02-24,30,82,Machinery,1084,639.1,Night,0,0.011
3733,2021-02-24,28,389,Machinery,863,569.82,Night,0,0.268
3734,2021-02-25,28,312,Machinery,193,534.41,Night,0,0.182
3735,2021-02-25,24,412,Food,609,1545.59,Day,1,0.832
3736,2021-02-25,38,151,Vehicles,166,480.27,Day,0,0.159
3737,2021-02-25,23,439,Raw Materials,538,500.49,Night,0,0.238
3738,2021-02-25,2,205,Machinery,1114,582.6,Day,0,0.144
3739,2021-02-25,38,165,Electronics,860,479.21,Night,0,0.256
3740,2021-02-26,17,59,Food,694,557.77,Day,0,0.007
3741,2021-02-26,4,351,Textiles,164,1186.35,Night,1,0.976
3742,2021-02-26,14,582,Machinery,1392,526.14,Night,0,0.156
3743,2021-02-26,31,139,Machinery,299,489.06,Night,0,0.232
3744,2021-02-26,16,539,Raw Materials,1474,541.27,Day,0,0.009
3745,2021-02-26,6,299,Food,422,459.48,Day,0,0.005
3746,2021-02-26,45,285,Machinery,1263,473.15,Day,0,0.193
3747,2021-02-27,18,424,Chemicals,1148,451.04,Night,0,0.157
3748,2021-02-27,25,161,Food,417,448.29,Day,0,0.098
3749,2021-02-27,26,58,Chemicals,360,501.28,Day,0,0.086
3750,2021-02-27,24,392,Machinery,309,523.79,Night,0,0.024
3751,2021-02-27,24,532,Raw Materials,637,574.38,Day,0,0.232
3752,2021-02-27,33,13,Electronics,945,536.48,Night,0,0.013
3753,2021-02-27,35,118,Chemicals,1286,546.11,Day,0,0.083
3754,2021-02-27,41,629,Textiles,1240,576.34,Day,0,0.058
3755,2021-02-28,21,144,Machinery,1352,471.34,Night,0,0.257
3756,2021-02-28,20,311,Electronics,396,570.3,Day,0,0.293
3757,2021-02-28,45,569,Food,1199,480.45,Day,0,0.073
3758,2021-02-28,30,241,Electronics,714,496.04,Night,0,0.068
3759,2021-02-28,5,113,Vehicles,412,460.99,Day,0,0.037
3760,2021-02-28,17,125,Vehicles,1275,539.1,Day,0,0.115
3761,2021-03-01,17,466,Raw Materials,1126,437.92,Day,0,0.244
3762,2021-03-01,40,129,Raw Materials,874,456.59,Night,0,0.203
3763,2021-03-01,10,312,Machinery,1247,432.21,Night,0,0.291
3764,2021-03-01,15,269,Food,290,486.34,Day,0,0.021
3765,2021-03-01,7,114,Food,119,537.47,Day,0,0.211
3766,2021-03-01,11,323,Machinery,1302,505.7,Day,0,0.093
3767,2021-03-02,3,515,Machinery,102,1606.28,Night,1,0.816
3768,2021-03-02,7,304,Textiles,535,487.81,Night,0,0.059
3769,2021-03-02,17,363,Food,744,383.38,Night,0,0.098
3770,2021-03-02,31,615,Raw Materials,211,546.28,Night,0,0.08
3771,2021-03-02,15,220,Food,628,460.38,Night,0,0.158
3772,2021-03-02,1,619,Chemicals,1346,496.72,Day,0,0.069
3773,2021-03-02,40,296,Chemicals,1390,1243.76,Day,1,0.767
3774,2021-03-02,28,462,Chemicals,233,531.29,Night,0,0.167
3775,2021-03-02,23,501,Chemicals,279,1367.26,Night,1,0.822
3776,2021-03-03,19,417,Chemicals,759,496.96,Day,0,0.011
3777,2021-03-03,19,22,Food,1002,487.91,Day,0,0.09
3778,2021-03-03,36,388,Textiles,616,558.22,Night,0,0.14
3779,2021-03-03,42,253,Raw Materials,318,516.71,Night,0,0.239
3780,2021-03-03,1,74,Machinery,554,493.87,Night,0,0.094
3781,2021-03-03,20,610,Raw Materials,513,577.2,Day,0,0.031
3782,2021-03-03,5,453,Textiles,966,405.46,Day,0,0.298
3783,2021-03-03,18,631,Chemicals,290,524.68,Day,0,0.243
3784,2021-03-04,38,434,Food,565,538.78,Night,0,0.2
3785,2021-03-04,34,311,Vehicles,801,494.69,Night,0,0.033
3786,2021-03-04,44,28,Vehicles,579,516.12,Day,0,0.272
3787,2021-03-04,4,319,Machinery,1383,488.26,Day,0,0.215
3788,2021-03-04,40,490,Chemicals,312,519.05,Night,0,0.065
3789,2021-03-04,37,311,Vehicles,416,492.27,Night,0,0.279
3790,2021-03-04,13,574,Raw Materials,1177,580.53,Night,0,0.099
3791,2021-03-04,43,250,Raw Materials,1081,485.61,Day,0,0.028
3792,2021-03-05,6,248,Textiles,511,466.42,Night,0,0.268
3793,2021-03-05,31,624,Machinery,168,476.84,Night,0,0.03
3794,2021-03-05,15,328,Textiles,356,522.95,Night,0,0.215
3795,2021-03-05,25,140,Electronics,905,480.94,Night,0,0.28
3796,2021-03-05,24,270,Food,920,445.9,Night,0,0.178
3797,2021-03-05,45,611,Electronics,308,577.68,Night,0,0.098
3798,2021-03-05,32,6,Textiles,586,475.81,Day,0,0.04
3799,2021-03-05,45,102,Machinery,1294,542.85,Night,0,0.25
3800,2021-03-05,42,57,Electronics,1372,483.99,Night,0,0.117
3801,2021-03-05,4,8,Vehicles,264,519.57,Day,0,0.231
3802,2021-03-05,4,86,Machinery,251,405.37,Night,0,0.254
3803,2021-03-06,13,576,Raw Materials,616,598.58,Night,0,0.025
3804,2021-03-06,6,237,Electronics,1477,512.69,Day,0,0.154
3805,2021-03-06,42,198,Vehicles,868,519.39,Night,0,0.206
3806,2021-03-06,46,575,Machinery,361,448.91,Night,0,0.28
3807,2021-03-06,5,63,Vehicles,637,435.91,Night,0,0.294
3808,2021-03-06,41,251,Raw Materials,843,493.43,Night,0,0.217
3809,2021-03-06,5,621,Chemicals,247,534.33,Day,0,0.042
3810,2021-03-06,27,219,Textiles,914,461.36,Day,0,0.036
3811,2021-03-06,25,65,Raw Materials,159,531.58,Day,0,0.207
3812,2021-03-07,39,245,Textiles,487,544.09,Night,0,0.188
3813,2021-03-07,38,68,Raw Materials,1047,483.92,Night,0,0.068
3814,2021-03-07,37,70,Vehicles,467,500.04,Day,0,0.042
3815,2021-03-07,35,153,Raw Materials,1030,514.28,Night,0,0.072
3816,2021-03-07,38,267,Raw Materials,438,484.72,Night,0,0.094
3817,2021-03-07,40,425,Food,717,477.75,Night,0,0.24
3818,2021-03-07,41,440,Textiles,331,459.11,Night,0,0.265
3819,2021-03-07,5,317,Chemicals,194,507.27,Day,0,0.007
3820,2021-03-07,36,512,Electronics,783,501.05,Night,0,0.104
3821,2021-03-08,43,58,Vehicles,441,493.58,Night,0,0.016
3822,2021-03-08,23,591,Vehicles,411,1439.3,Day,1,0.986
3823,2021-03-08,16,480,Electronics,944,544.77,Day,0,0.217
3824,2021-03-08,14,150,Food,1141,575.44,Day,0,0.161
3825,2021-03-08,1,180,Food,1447,454.55,Night,0,0.231
3826,2021-03-08,30,585,Textiles,835,491.0,Day,0,0.256
3827,2021-03-08,21,355,Textiles,1417,534.35,Day,0,0.205
3828,2021-03-08,5,66,Vehicles,543,455.74,Night,0,0.289
3829,2021-03-08,30,13,Vehicles,1180,397.83,Day,0,0.196
3830,2021-03-08,28,107,Chemicals,847,564.71,Day,0,0.087
3831,2021-03-08,11,211,Electronics,129,466.4,Day,0,0.01
3832,2021-03-09,45,150,Vehicles,617,481.22,Day,0,0.168
3833,2021-03-09,33,478,Raw Materials,450,520.52,Day,0,0.215
3834,2021-03-09,34,208,Chemicals,1403,515.44,Day,0,0.215
3835,2021-03-09,23,298,Chemicals,476,532.85,Night,0,0.135
3836,2021-03-09,2,564,Chemicals,1215,528.15,Night,0,0.249
3837,2021-03-09,5,448,Machinery,1355,494.9,Day,0,0.119
3838,2021-03-09,5,161,Food,779,410.97,Night,0,0.213
3839,2021-03-09,2,373,Electronics,1151,545.89,Day,0,0.077
3840,2021-03-09,9,132,Chemicals,525,517.69,Night,0,0.004
3841,2021-03-09,27,11,Chemicals,364,492.06,Night,0,0.159
3842,2021-03-10,46,195,Vehicles,391,498.81,Night,0,0.192
3843,2021-03-10,13,468,Raw Materials,519,374.46,Night,0,0.042
3844,2021-03-10,36,31,Raw Materials,951,436.7,Day,0,0.066
3845,2021-03-10,28,437,Raw Materials,1243,1015.33,Night,1,0.7
3846,2021-03-10,24,286,Electronics,138,516.17,Night,0,0.131
3847,2021-03-10,17,595,Electronics,162,500.71,Night,0,0.099
3848,2021-03-11,7,338,Machinery,933,484.03,Day,0,0.174
3849,2021-03-11,27,175,Textiles,365,1612.68,Day,1,0.896
3850,2021-03-11,27,631,Electronics,499,553.63,Night,0,0.251
3851,2021-03-11,46,340,Chemicals,600,492.95,Night,0,0.166
3852,2021-03-11,4,333,Machinery,1426,503.09,Day,0,0.091
3853,2021-03-11,23,278,Vehicles,726,460.65,Day,0,0.224
3854,2021-03-12,13,611,Electronics,318,514.46,Night,0,0.274
3855,2021-03-12,11,333,Textiles,991,543.29,Night,0,0.166
3856,2021-03-12,12,412,Chemicals,268,458.16,Day,0,0.083
3857,2021-03-12,38,20,Electronics,621,537.96,Day,0,0.267
3858,2021-03-12,33,8,Electronics,1213,479.64,Night,0,0.24
3859,2021-03-12,20,135,Textiles,550,446.28,Day,0,0.23
3860,2021-03-12,43,374,Electronics,767,565.5,Day,0,0.106
3861,2021-03-12,27,454,Machinery,1115,398.23,Night,0,0.204
3862,2021-03-12,29,607,Electronics,725,451.12,Day,0,0.14
3863,2021-03-12,10,453,Food,1498,1841.89,Night,1,0.968
3864,2021-03-12,23,544,Electronics,323,624.51,Night,0,0.198
3865,2021-03-13,12,120,Chemicals,876,484.66,Day,0,0.002
3866,2021-03-13,33,201,Machinery,986,454.01,Night,0,0.021
3867,2021-03-13,43,520,Electronics,1115,486.93,Day,0,0.224
3868,2021-03-13,37,619,Textiles,1317,630.9,Night,0,0.032
3869,2021-03-13,22,404,Raw Materials,551,524.88,Day,0,0.265
3870,2021-03-13,44,362,Textiles,848,579.56,Day,0,0.289
3871,2021-03-13,36,630,Textiles,1435,589.16,Night,0,0.07
3872,2021-03-14,30,406,Electronics,1264,1155.26,Day,1,0.771
3873,2021-03-14,38,292,Raw Materials,666,476.66,Night,0,0.076
3874,2021-03-14,20,284,Raw Materials,188,579.87,Day,0,0.174
3875,2021-03-14,11,437,Machinery,1411,526.25,Day,0,0.089
3876,2021-03-14,29,364,Vehicles,900,1524.4,Day,1,0.778
3877,2021-03-14,22,594,Textiles,1156,504.18,Day,0,0.17
3878,2021-03-14,4,474,Food,1136,574.25,Night,0,0.135
3879,2021-03-14,15,509,Machinery,1463,573.02,Night,0,0.158
3880,2021-03-14,14,314,Machinery,531,509.53,Day,0,0.133
3881,2021-03-14,43,101,Machinery,894,581.14,Night,0,0.058
3882,2021-03-15,2,3,Textiles,1194,564.26,Night,0,0.175
3883,2021-03-15,10,196,Vehicles,1126,505.21,Day,0,0.123
3884,2021-03-15,38,619,Chemicals,1235,531.67,Night,0,0.23
3885,2021-03-15,12,230,Raw Materials,383,585.38,Day,0,0.059
3886,2021-03-15,30,244,Vehicles,1474,490.77,Night,0,0.243
3887,2021-03-15,19,462,Food,1316,508.36,Day,0,0.074
3888,2021-03-15,31,499,Food,968,487.15,Day,0,0.099
3889,2021-03-15,3,600,Vehicles,831,515.03,Day,0,0.297
3890,2021-03-15,10,38,Machinery,332,544.68,Day,0,0.022
3891,2021-03-15,27,317,Raw Materials,838,436.08,Night,0,0.033
3892,2021-03-15,11,111,Vehicles,1322,476.06,Day,0,0.19
3893,2021-03-16,44,15,Food,160,436.05,Night,0,0.051
3894,2021-03-16,10,555,Vehicles,1394,1448.85,Day,1,0.785
3895,2021-03-16,36,362,Vehicles,108,543.63,Day,0,0.282
3896,2021-03-16,38,341,Chemicals,935,492.53,Day,0,0.1
3897,2021-03-16,1,512,Machinery,1203,448.48,Night,0,0.065
3898,2021-03-16,42,141,Machinery,492,436.24,Night,0,0.18
3899,2021-03-16,17,421,Electronics,1164,551.43,Day,0,0.17
3900,2021-03-16,43,146,Textiles,135,557.49,Night,0,0.206
3901,2021-03-16,10,64,Food,790,474.68,Night,0,0.182
3902,2021-03-17,42,474,Vehicles,237,460.34,Day,0,0.203
3903,2021-03-17,12,40,Chemicals,1296,534.43,Day,0,0.137
3904,2021-03-17,39,488,Electronics,883,475.86,Day,0,0.022
3905,2021-03-17,42,199,Raw Materials,573,438.14,Day,0,0.222
3906,2021-03-17,11,592,Raw Materials,1428,491.28,Night,0,0.034
3907,2021-03-17,22,230,Machinery,274,1194.1,Day,1,0.868
3908,2021-03-17,10,524,Vehicles,1048,610.88,Day,0,0.084
3909,2021-03-17,30,56,Food,1370,447.98,Night,0,0.267
3910,2021-03-17,11,561,Electronics,919,511.26,Day,0,0.048
3911,2021-03-18,34,27,Chemicals,963,570.05,Day,0,0.078
3912,2021-03-18,46,430,Textiles,1287,494.9,Night,0,0.222
3913,2021-03-18,18,503,Electronics,1262,1168.91,Night,1,0.949
3914,2021-03-18,17,451,Vehicles,1385,557.13,Day,0,0.245
3915,2021-03-18,22,182,Machinery,545,434.13,Night,0,0.148
3916,2021-03-18,35,268,Machinery,107,517.65,Day,0,0.21
3917,2021-03-18,18,427,Machinery,1058,409.05,Night,0,0.026
3918,2021-03-18,40,527,Chemicals,1217,528.8,Night,0,0.12
3919,2021-03-18,4,614,Textiles,400,587.9,Day,0,0.193
3920,2021-03-18,25,264,Machinery,154,1077.61,Day,1,0.848
3921,2021-03-18,42,529,Electronics,785,433.67,Night,0,0.003
3922,2021-03-19,5,412,Food,1066,556.89,Night,0,0.173
3923,2021-03-19,24,66,Machinery,1293,398.77,Day,0,0.228
3924,2021-03-19,17,137,Chemicals,864,480.61,Night,0,0.081
3925,2021-03-19,26,19,Textiles,1336,571.39,Day,0,0.167
3926,2021-03-19,34,451,Vehicles,342,550.9,Day,0,0.208
3927,2021-03-19,44,410,Raw Materials,310,481.54,Night,0,0.031
3928,2021-03-19,4,483,Electronics,683,514.1,Night,0,0.127
3929,2021-03-20,38,382,Textiles,876,468.07,Night,0,0.124
3930,2021-03-20,43,55,Electronics,287,1603.87,Night,1,0.978
3931,2021-03-20,4,481,Raw Materials,317,969.68,Day,1,0.812
3932,2021-03-20,10,357,Textiles,1069,509.76,Night,0,0.229
3933,2021-03-20,41,236,Electronics,267,577.53,Day,0,0.266
3934,2021-03-20,24,618,Food,1427,531.39,Night,0,0.208
3935,2021-03-20,43,342,Raw Materials,1327,457.36,Day,0,0.135
3936,2021-03-20,20,261,Food,409,546.39,Day,0,0.203
3937,2021-03-20,40,265,Electronics,676,544.26,Day,0,0.216
3938,2021-03-20,29,299,Raw Materials,1492,546.67,Day,0,0.028
3939,2021-03-21,16,470,Raw Materials,1009,532.45,Day,0,0.172
3940,2021-03-21,44,623,Machinery,1192,437.91,Night,0,0.203
3941,2021-03-21,25,5,Food,1116,513.0,Night,0,0.18
3942,2021-03-21,3,372,Textiles,900,416.87,Night,0,0.024
3943,2021-03-21,18,603,Textiles,219,551.64,Day,0,0.12
3944,2021-03-21,19,47,Machinery,623,576.2,Night,0,0.008
3945,2021-03-21,40,592,Chemicals,474,507.58,Night,0,0.292
3946,2021-03-22,38,112,Electronics,285,581.06,Day,0,0.017
3947,2021-03-22,45,531,Raw Materials,245,551.93,Night,0,0.269
3948,2021-03-22,40,568,Textiles,555,507.11,Night,0,0.023
3949,2021-03-22,23,591,Electronics,1124,515.39,Night,0,0.217
3950,2021-03-22,13,282,Raw Materials,181,493.0,Day,0,0.044
3951,2021-03-22,27,272,Food,1361,585.64,Day,0,0.003
3952,2021-03-22,22,304,Raw Materials,1276,507.11,Day,0,0.265
3953,2021-03-22,31,562,Vehicles,1348,554.61,Day,0,0.085
3954,2021-03-22,44,262,Machinery,724,514.44,Night,0,0.088
3955,2021-03-22,38,254,Electronics,1086,489.09,Night,0,0.296
3956,2021-03-22,12,83,Machinery,260,382.44,Night,0,0.15
3957,2021-03-23,4,278,Raw Materials,395,651.23,Night,0,0.259
3958,2021-03-23,28,635,Textiles,1209,704.56,Night,0,0.282
3959,2021-03-23,22,301,Food,1150,740.38,Night,0,0.021
3960,2021-03-23,18,5,Textiles,378,776.91,Day,0,0.174
3961,2021-03-23,45,219,Electronics,772,778.14,Night,0,0.1
3962,2021-03-23,5,596,Food,871,767.52,Day,0,0.155
3963,2021-03-23,2,114,Raw Materials,670,757.73,Day,0,0.144
3964,2021-03-23,16,433,Machinery,343,667.97,Night,0,0.021
3965,2021-03-23,24,420,Chemicals,370,708.61,Night,0,0.29
3966,2021-03-23,30,29,Food,1356,695.93,Night,0,0.009
3967,2021-03-24,15,105,Electronics,368,694.44,Night,0,0.072
3968,2021-03-24,4,219,Vehicles,460,679.21,Night,0,0.274
3969,2021-03-24,46,504,Textiles,947,713.23,Day,0,0.262
3970,2021-03-24,23,429,Raw Materials,228,714.04,Day,0,0.032
3971,2021-03-24,41,79,Textiles,129,619.61,Day,0,0.146
3972,2021-03-24,4,405,Electronics,753,735.05,Night,0,0.09
3973,2021-03-24,40,523,Textiles,921,687.28,Night,0,0.25
3974,2021-03-24,6,536,Chemicals,1387,816.21,Day,0,0.204
3975,2021-03-25,22,143,Chemicals,1457,670.68,Day,0,0.012
3976,2021-03-25,21,629,Machinery,1306,756.73,Night,0,0.182
3977,2021-03-25,20,180,Vehicles,1190,1756.65,Day,1,0.773
3978,2021-03-25,43,226,Raw Materials,1363,744.87,Day,0,0.26
3979,2021-03-25,30,94,Chemicals,426,762.7,Day,0,0.114
3980,2021-03-25,28,301,Raw Materials,1006,747.41,Day,0,0.225
3981,2021-03-25,35,399,Machinery,1209,711.05,Day,0,0.043
3982,2021-03-26,25,30,Chemicals,112,644.47,Day,0,0.274
3983,2021-03-26,29,575,Raw Materials,650,753.47,Day,0,0.122
3984,2021-03-26,43,550,Raw Materials,554,765.41,Day,0,0.19
3985,2021-03-26,41,378,Chemicals,800,746.91,Night,0,0.039
3986,2021-03-26,29,512,Electronics,621,726.4,Day,0,0.102
3987,2021-03-26,23,599,Chemicals,224,829.33,Night,0,0.191
3988,2021-03-26,9,175,Raw Materials,1017,694.47,Night,0,0.007
3989,2021-03-26,46,168,Electronics,412,684.48,Night,0,0.156
3990,2021-03-26,45,229,Machinery,1429,1672.89,Night,1,0.825
3991,2021-03-27,35,71,Raw Materials,1295,635.14,Night,0,0.261
3992,2021-03-27,30,239,Raw Materials,803,783.7,Night,0,0.003
3993,2021-03-27,18,528,Vehicles,1474,663.22,Night,0,0.214
3994,2021-03-27,40,73,Food,1214,756.61,Day,0,0.106
3995,2021-03-27,30,449,Electronics,1450,822.62,Day,0,0.184
3996,2021-03-27,21,597,Chemicals,963,673.76,Night,0,0.146
3997,2021-03-27,2,569,Chemicals,221,2804.09,Night,1,0.773
3998,2021-03-27,33,30,Chemicals,1133,803.37,Day,0,0.26
3999,2021-03-27,25,148,Chemicals,828,680.95,Day,0,0.266
4000,2021-03-27,5,40,Electronics,849,768.42,Day,0,0.062
4001,2021-03-28,13,334,Machinery,143,774.62,Night,0,0.153
4002,2021-03-28,30,73,Machinery,849,772.57,Night,0,0.198
4003,2021-03-28,24,474,Food,1113,713.88,Night,0,0.293
4004,2021-03-28,2,351,Vehicles,591,769.0,Night,0,0.116
4005,2021-03-28,37,85,Electronics,715,600.45,Night,0,0.086
4006,2021-03-28,5,573,Textiles,806,770.97,Day,0,0.207
4007,2021-03-28,9,376,Raw Materials,226,840.95,Day,0,0.194
4008,2021-03-28,33,168,Machinery,1431,712.87,Day,0,0.262
4009,2021-03-29,41,190,Food,866,640.89,Day,0,0.018
4010,2021-03-29,14,42,Machinery,1391,737.81,Day,0,0.187
4011,2021-03-29,17,475,Electronics,1150,743.69,Day,0,0.017
4012,2021-03-29,24,248,Vehicles,287,679.69,Day,0,0.221
4013,2021-03-29,19,293,Vehicles,454,591.22,Day,0,0.087
4014,2021-03-29,2,590,Electronics,460,667.08,Night,0,0.027
4015,2021-03-29,36,40,Vehicles,1451,751.0,Night,0,0.17
4016,2021-03-29,46,28,Raw Materials,1079,760.98,Night,0,0.076
4017,2021-03-29,9,243,Food,719,729.84,Day,0,0.026
4018,2021-03-29,8,209,Vehicles,577,750.06,Night,0,0.151
4019,2021-03-30,31,71,Chemicals,1330,570.21,Day,0,0.268
4020,2021-03-30,28,560,Electronics,480,508.96,Night,0,0.087
4021,2021-03-30,9,119,Chemicals,153,559.44,Day,0,0.212
4022,2021-03-30,33,86,Electronics,288,487.78,Day,0,0.258
4023,2021-03-30,36,36,Textiles,1176,563.13,Day,0,0.158
4024,2021-03-30,5,593,Vehicles,944,573.73,Night,0,0.108
4025,2021-03-30,13,120,Vehicles,1279,562.17,Day,0,0.201
4026,2021-03-30,13,329,Textiles,523,545.91,Night,0,0.288
4027,2021-03-31,28,409,Electronics,715,638.61,Night,0,0.021
4028,2021-03-31,31,88,Raw Materials,1441,550.68,Day,0,0.164
4029,2021-03-31,37,95,Textiles,1081,535.29,Day,0,0.034
4030,2021-03-31,14,163,Raw Materials,609,587.67,Day,0,0.24
4031,2021-03-31,38,377,Electronics,1109,640.93,Night,0,0.117
4032,2021-03-31,4,508,Food,414,604.02,Night,0,0.258
4033,2021-03-31,30,156,Electronics,872,557.29,Day,0,0.251
4034,2021-04-01,32,516,Electronics,1435,545.6,Day,0,0.202
4035,2021-04-01,4,324,Raw Materials,163,639.29,Night,0,0.114
4036,2021-04-01,14,62,Machinery,1045,1303.42,Night,1,0.882
4037,2021-04-01,26,612,Machinery,1338,589.26,Night,0,0.074
4038,2021-04-01,45,473,Electronics,1109,638.94,Day,0,0.204
4039,2021-04-01,34,10,Textiles,1114,579.1,Day,0,0.168
4040,2021-04-01,13,256,Chemicals,710,553.29,Day,0,0.009
4041,2021-04-01,26,346,Food,684,611.32,Night,0,0.058
4042,2021-04-01,42,176,Machinery,786,502.84,Day,0,0.002
4043,2021-04-01,37,505,Chemicals,1174,592.75,Day,0,0.208
4044,2021-04-01,44,383,Vehicles,661,506.98,Night,0,0.3
4045,2021-04-02,14,636,Textiles,961,614.08,Day,0,0.156
4046,2021-04-02,11,241,Machinery,1211,435.49,Night,0,0.062
4047,2021-04-02,46,501,Machinery,1252,576.82,Day,0,0.16
4048,2021-04-02,3,265,Machinery,622,539.38,Day,0,0.156
4049,2021-04-02,27,432,Textiles,982,554.12,Night,0,0.118
4050,2021-04-02,32,91,Electronics,919,436.92,Day,0,0.137
4051,2021-04-03,11,589,Machinery,918,612.64,Night,0,0.001
4052,2021-04-03,7,114,Food,262,544.19,Night,0,0.053
4053,2021-04-03,8,320,Vehicles,876,586.22,Day,0,0.035
4054,2021-04-03,20,396,Raw Materials,506,550.16,Day,0,0.023
4055,2021-04-03,34,623,Machinery,145,596.62,Day,0,0.081
4056,2021-04-03,23,265,Vehicles,915,522.02,Day,0,0.074
4057,2021-04-03,33,262,Machinery,1025,1483.03,Day,1,0.94
4058,2021-04-03,18,323,Food,1260,579.53,Night,0,0.123
4059,2021-04-04,2,10,Electronics,276,657.23,Day,0,0.041
4060,2021-04-04,32,154,Textiles,870,629.69,Day,0,0.141
4061,2021-04-04,18,129,Vehicles,1011,552.08,Day,0,0.159
4062,2021-04-04,35,377,Textiles,765,463.03,Day,0,0.189
4063,2021-04-04,2,600,Food,160,592.07,Day,0,0.205
4064,2021-04-04,24,34,Electronics,487,482.2,Day,0,0.208
4065,2021-04-04,17,20,Food,1180,514.34,Day,0,0.224
4066,2021-04-04,31,475,Electronics,960,529.2,Day,0,0.146
4067,2021-04-04,37,339,Vehicles,354,537.43,Night,0,0.077
4068,2021-04-05,25,439,Food,383,582.49,Night,0,0.294
4069,2021-04-05,45,488,Raw Materials,991,580.24,Night,0,0.29
4070,2021-04-05,8,425,Vehicles,1015,597.84,Day,0,0.092
4071,2021-04-05,38,292,Textiles,477,561.66,Night,0,0.213
4072,2021-04-05,36,234,Machinery,670,637.16,Day,0,0.154
4073,2021-04-05,32,94,Electronics,285,501.89,Day,0,0.031
4074,2021-04-05,44,291,Machinery,929,573.41,Night,0,0.221
4075,2021-04-05,16,42,Raw Materials,1259,532.16,Night,0,0.256
4076,2021-04-05,12,252,Vehicles,818,603.44,Night,0,0.236
4077,2021-04-05,35,207,Machinery,446,520.4,Day,0,0.258
4078,2021-04-06,32,588,Vehicles,526,1114.22,Day,1,0.966
4079,2021-04-06,25,281,Vehicles,1067,589.98,Night,0,0.039
4080,2021-04-06,5,538,Electronics,1482,601.45,Night,0,0.237
4081,2021-04-06,18,75,Machinery,1281,663.07,Day,0,0.09
4082,2021-04-06,26,264,Machinery,1430,676.08,Night,0,0.031
4083,2021-04-06,38,517,Electronics,1280,472.35,Day,0,0.23
4084,2021-04-06,32,218,Vehicles,478,585.94,Night,0,0.3
4085,2021-04-06,43,495,Textiles,1481,599.87,Night,0,0.017
4086,2021-04-06,36,574,Vehicles,401,503.45,Day,0,0.052
4087,2021-04-06,7,161,Raw Materials,1430,1893.45,Day,1,0.926
4088,2021-04-06,26,495,Textiles,937,510.22,Day,0,0.124
4089,2021-04-07,10,555,Food,516,543.77,Night,0,0.299
4090,2021-04-07,30,65,Food,924,540.87,Night,0,0.201
4091,2021-04-07,9,112,Raw Materials,128,610.69,Day,0,0.25
4092,2021-04-07,38,22,Electronics,603,680.95,Night,0,0.233
4093,2021-04-07,34,525,Vehicles,990,561.32,Night,0,0.011
4094,2021-04-07,46,36,Food,1133,428.96,Day,0,0.046
4095,2021-04-08,45,446,Vehicles,723,450.01,Night,0,0.053
4096,2021-04-08,27,356,Raw Materials,1072,548.93,Day,0,0.202
4097,2021-04-08,18,349,Food,1004,601.41,Night,0,0.083
4098,2021-04-08,39,523,Textiles,310,591.79,Day,0,0.176
4099,2021-04-08,32,489,Electronics,182,571.87,Night,0,0.045
4100,2021-04-08,12,448,Machinery,1352,616.46,Day,0,0.068
4101,2021-04-08,14,129,Vehicles,623,471.75,Night,0,0.133
4102,2021-04-08,16,11,Machinery,628,647.61,Day,0,0.012
4103,2021-04-08,25,233,Electronics,986,542.6,Night,0,0.139
4104,2021-04-08,31,377,Chemicals,801,562.94,Day,0,0.06
4105,2021-04-08,41,589,Electronics,833,631.61,Day,0,0.277
4106,2021-04-09,39,214,Chemicals,1108,484.4,Day,0,0.065
4107,2021-04-09,17,133,Textiles,826,538.21,Day,0,0.156
4108,2021-04-09,30,144,Machinery,1480,540.47,Day,0,0.101
4109,2021-04-09,38,213,Electronics,577,588.87,Day,0,0.22
4110,2021-04-09,46,55,Textiles,1296,481.91,Day,0,0.196
4111,2021-04-09,17,35,Vehicles,1012,590.37,Day,0,0.228
4112,2021-04-09,44,127,Textiles,675,546.71,Day,0,0.19
4113,2021-04-09,6,131,Vehicles,1097,1618.1,Night,1,0.832
4114,2021-04-09,38,537,Raw Materials,1487,530.7,Night,0,0.285
4115,2021-04-10,43,395,Vehicles,1385,524.14,Day,0,0.092
4116,2021-04-10,45,148,Food,1102,586.19,Day,0,0.162
4117,2021-04-10,15,475,Machinery,692,598.31,Day,0,0.247
4118,2021-04-10,13,617,Textiles,1184,582.89,Night,0,0.061
4119,2021-04-10,9,539,Vehicles,1271,656.88,Day,0,0.182
4120,2021-04-10,44,531,Vehicles,532,595.7,Day,0,0.112
4121,2021-04-10,16,169,Textiles,1144,506.7,Day,0,0.289
4122,2021-04-10,24,83,Chemicals,779,1595.37,Day,1,0.963
4123,2021-04-10,42,537,Vehicles,1474,580.51,Night,0,0.297
4124,2021-04-10,32,428,Electronics,709,504.32,Night,0,0.173
4125,2021-04-11,28,253,Textiles,1295,539.58,Day,0,0.0
4126,2021-04-11,34,343,Food,400,623.85,Day,0,0.114
4127,2021-04-11,10,106,Food,1259,552.62,Night,0,0.088
4128,2021-04-11,37,425,Textiles,1336,523.03,Day,0,0.101
4129,2021-04-11,39,296,Chemicals,1239,526.86,Day,0,0.124
4130,2021-04-11,28,377,Electronics,1062,551.53,Day,0,0.147
4131,2021-04-11,3,55,Vehicles,286,580.43,Day,0,0.14
4132,2021-04-11,14,390,Chemicals,1498,560.72,Night,0,0.05
4133,2021-04-11,25,473,Vehicles,480,603.81,Day,0,0.151
4134,2021-04-11,18,578,Textiles,233,647.15,Day,0,0.117
4135,2021-04-12,7,595,Electronics,1335,657.6,Day,0,0.216
4136,2021-04-12,2,453,Raw Materials,415,561.53,Day,0,0.091
4137,2021-04-12,29,572,Vehicles,1060,525.83,Day,0,0.084
4138,2021-04-12,31,442,Raw Materials,1362,574.22,Day,0,0.18
4139,2021-04-12,32,100,Food,1445,514.25,Night,0,0.004
4140,2021-04-12,23,503,Vehicles,656,502.88,Day,0,0.288
4141,2021-04-12,20,262,Raw Materials,537,503.28,Night,0,0.23
4142,2021-04-12,4,334,Textiles,1272,1132.18,Day,1,0.831
4143,2021-04-12,6,567,Machinery,1210,603.97,Day,0,0.027
4144,2021-04-12,34,553,Machinery,660,554.28,Day,0,0.079
4145,2021-04-12,3,621,Textiles,753,530.68,Night,0,0.224
4146,2021-04-12,4,154,Electronics,1147,519.54,Day,0,0.193
4147,2021-04-13,44,400,Machinery,1345,580.1,Night,0,0.089
4148,2021-04-13,15,367,Textiles,930,548.44,Night,0,0.053
4149,2021-04-13,8,192,Vehicles,828,485.52,Day,0,0.019
4150,2021-04-13,34,560,Chemicals,776,651.36,Day,0,0.126
4151,2021-04-13,19,391,Electronics,713,536.15,Night,0,0.078
4152,2021-04-13,18,471,Vehicles,1293,550.59,Night,0,0.223
4153,2021-04-13,6,437,Chemicals,463,595.67,Day,0,0.071
4154,2021-04-13,37,415,Food,1228,581.61,Night,0,0.213
4155,2021-04-13,46,72,Electronics,719,585.44,Day,0,0.065
4156,2021-04-13,9,557,Vehicles,1454,628.82,Night,0,0.03
4157,2021-04-13,15,528,Food,100,546.23,Night,0,0.236
4158,2021-04-13,31,198,Electronics,163,536.16,Day,0,0.257
4159,2021-04-14,23,477,Textiles,289,614.11,Day,0,0.274
4160,2021-04-14,6,613,Textiles,1263,545.81,Night,0,0.035
4161,2021-04-14,26,383,Food,788,582.29,Day,0,0.243
4162,2021-04-14,15,591,Textiles,997,589.97,Night,0,0.13
4163,2021-04-14,43,505,Machinery,115,485.03,Day,0,0.044
4164,2021-04-14,14,167,Electronics,1104,528.41,Night,0,0.211
4165,2021-04-14,39,433,Chemicals,1310,579.03,Day,0,0.058
4166,2021-04-14,37,362,Chemicals,186,639.92,Day,0,0.283
4167,2021-04-14,17,43,Raw Materials,536,474.87,Day,0,0.141
4168,2021-04-14,24,535,Machinery,416,580.54,Night,0,0.076
4169,2021-04-14,1,398,Electronics,239,508.37,Night,0,0.272
4170,2021-04-14,9,34,Electronics,895,457.72,Day,0,0.249
4171,2021-04-15,28,326,Vehicles,291,574.5,Night,0,0.249
4172,2021-04-15,5,556,Electronics,1466,620.53,Day,0,0.259
4173,2021-04-15,46,236,Chemicals,221,572.04,Day,0,0.152
4174,2021-04-15,32,595,Electronics,978,637.93,Day,0,0.066
4175,2021-04-15,19,350,Textiles,1447,535.81,Night,0,0.245
4176,2021-04-15,2,597,Vehicles,320,500.48,Night,0,0.121
4177,2021-04-16,4,296,Electronics,804,569.95,Night,0,0.253
4178,2021-04-16,28,7,Machinery,661,571.53,Day,0,0.282
4179,2021-04-16,36,14,Food,933,590.87,Night,0,0.208
4180,2021-04-16,32,105,Electronics,1230,468.78,Night,0,0.082
4181,2021-04-16,37,334,Food,1259,566.13,Night,0,0.177
4182,2021-04-16,22,514,Machinery,369,552.36,Day,0,0.137
4183,2021-04-16,22,408,Textiles,1241,573.88,Night,0,0.25
4184,2021-04-16,37,42,Food,390,599.39,Night,0,0.082
4185,2021-04-16,20,147,Food,1370,485.44,Day,0,0.133
4186,2021-04-16,28,184,Raw Materials,490,633.97,Night,0,0.188
4187,2021-04-17,30,416,Textiles,275,623.79,Night,0,0.029
4188,2021-04-17,19,508,Textiles,1390,509.48,Day,0,0.141
4189,2021-04-17,19,385,Textiles,129,599.91,Night,0,0.039
4190,2021-04-17,29,398,Electronics,899,634.2,Day,0,0.231
4191,2021-04-17,35,409,Electronics,488,524.43,Night,0,0.282
4192,2021-04-17,36,609,Machinery,1432,1650.04,Night,1,0.814
4193,2021-04-17,32,503,Electronics,423,602.67,Night,0,0.286
4194,2021-04-17,14,89,Food,403,562.13,Day,0,0.288
4195,2021-04-18,10,350,Raw Materials,169,598.77,Night,0,0.251
4196,2021-04-18,20,615,Electronics,1026,580.56,Night,0,0.109
4197,2021-04-18,4,348,Electronics,1381,525.62,Day,0,0.06
4198,2021-04-18,6,193,Textiles,657,618.72,Day,0,0.124
4199,2021-04-18,22,628,Food,1459,605.24,Day,0,0.213
4200,2021-04-18,1,620,Chemicals,1285,620.36,Day,0,0.077
4201,2021-04-18,15,112,Vehicles,1412,1895.12,Night,1,0.978
4202,2021-04-18,32,525,Food,503,526.05,Day,0,0.191
4203,2021-04-19,31,606,Vehicles,722,618.06,Day,0,0.128
4204,2021-04-19,34,151,Electronics,544,563.15,Day,0,0.282
4205,2021-04-19,44,530,Textiles,323,480.44,Day,0,0.17
4206,2021-04-19,10,319,Machinery,804,468.52,Day,0,0.156
4207,2021-04-19,40,446,Vehicles,780,520.83,Day,0,0.233
4208,2021-04-19,23,131,Chemicals,715,581.44,Night,0,0.285
4209,2021-04-19,10,201,Raw Materials,1383,596.49,Night,0,0.038
4210,2021-04-19,21,208,Electronics,238,586.17,Night,0,0.291
4211,2021-04-19,44,571,Textiles,151,505.27,Day,0,0.11
4212,2021-04-19,36,540,Textiles,1066,708.42,Day,0,0.296
4213,2021-04-19,29,407,Machinery,877,626.43,Night,0,0.162
4214,2021-04-19,32,307,Vehicles,1125,532.56,Night,0,0.217
4215,2021-04-20,4,484,Chemicals,247,511.09,Night,0,0.117
4216,2021-04-20,24,619,Electronics,860,501.83,Day,0,0.213
4217,2021-04-20,26,132,Vehicles,1441,656.65,Day,0,0.282
4218,2021-04-20,17,270,Electronics,1401,595.54,Day,0,0.005
4219,2021-04-20,25,84,Food,828,606.91,Night,0,0.279
4220,2021-04-20,23,473,Food,519,616.4,Night,0,0.179
4221,2021-04-20,40,491,Raw Materials,350,536.2,Day,0,0.073
4222,2021-04-21,38,462,Textiles,985,520.88,Day,0,0.14
4223,2021-04-21,6,26,Vehicles,521,559.28,Day,0,0.18
4224,2021-04-21,32,374,Raw Materials,1229,525.17,Night,0,0.188
4225,2021-04-21,34,537,Raw Materials,1075,576.0,Day,0,0.279
4226,2021-04-21,9,119,Textiles,1309,550.91,Night,0,0.182
4227,2021-04-21,14,468,Chemicals,1154,631.94,Night,0,0.014
4228,2021-04-21,14,220,Chemicals,442,645.27,Day,0,0.261
4229,2021-04-21,21,271,Machinery,128,551.17,Day,0,0.094
4230,2021-04-22,34,224,Textiles,1048,603.3,Night,0,0.141
4231,2021-04-22,32,262,Machinery,136,574.78,Day,0,0.295
4232,2021-04-22,23,412,Electronics,1476,615.28,Day,0,0.113
4233,2021-04-22,46,143,Raw Materials,1225,563.81,Day,0,0.236
4234,2021-04-22,42,552,Electronics,1289,568.7,Day,0,0.064
4235,2021-04-22,33,426,Machinery,1237,598.62,Day,0,0.078
4236,2021-04-22,14,614,Chemicals,122,492.45,Day,0,0.217
4237,2021-04-22,24,601,Textiles,440,562.64,Night,0,0.198
4238,2021-04-22,26,34,Textiles,821,538.86,Night,0,0.028
4239,2021-04-22,13,259,Chemicals,796,479.16,Night,0,0.3
4240,2021-04-22,6,116,Raw Materials,986,538.78,Night,0,0.046
4241,2021-04-23,12,122,Raw Materials,896,554.3,Day,0,0.142
4242,2021-04-23,46,20,Textiles,561,481.54,Night,0,0.076
4243,2021-04-23,34,98,Vehicles,941,548.63,Day,0,0.221
4244,2021-04-23,36,382,Chemicals,250,473.08,Night,0,0.15
4245,2021-04-23,13,107,Raw Materials,939,577.97,Day,0,0.149
4246,2021-04-23,32,410,Machinery,1164,633.32,Night,0,0.146
4247,2021-04-23,37,215,Raw Materials,1244,526.43,Night,0,0.027
4248,2021-04-23,17,610,Textiles,808,602.05,Day,0,0.244
4249,2021-04-24,2,561,Chemicals,985,599.03,Night,0,0.182
4250,2021-04-24,1,502,Electronics,844,458.72,Night,0,0.01
4251,2021-04-24,5,84,Textiles,317,1262.63,Day,1,0.925
4252,2021-04-24,27,258,Textiles,420,613.15,Night,0,0.078
4253,2021-04-24,38,619,Electronics,105,614.13,Day,0,0.24
4254,2021-04-24,25,257,Vehicles,1340,1707.94,Night,1,0.994
4255,2021-04-24,43,618,Food,1085,1587.27,Day,1,0.982
4256,2021-04-24,25,473,Machinery,1025,643.47,Day,0,0.011
4257,2021-04-24,44,404,Electronics,471,556.21,Day,0,0.067
4258,2021-04-24,12,59,Textiles,892,492.35,Night,0,0.132
4259,2021-04-25,18,372,Electronics,1461,601.05,Night,0,0.205
4260,2021-04-25,40,201,Raw Materials,1101,510.28,Day,0,0.036
4261,2021-04-25,44,344,Vehicles,1366,668.27,Night,0,0.062
4262,2021-04-25,12,424,Raw Materials,1300,646.31,Day,0,0.102
4263,2021-04-25,33,566,Raw Materials,228,656.33,Night,0,0.181
4264,2021-04-25,13,356,Machinery,1310,577.64,Night,0,0.064
4265,2021-04-25,45,200,Food,656,550.63,Night,0,0.045
4266,2021-04-26,32,435,Textiles,906,554.61,Night,0,0.24
4267,2021-04-26,22,531,Vehicles,893,549.02,Night,0,0.08
4268,2021-04-26,29,81,Food,1386,581.18,Night,0,0.072
4269,2021-04-26,29,259,Vehicles,173,1412.06,Night,1,0.833
4270,2021-04-26,11,615,Textiles,658,563.73,Day,0,0.224
4271,2021-04-26,40,408,Chemicals,1414,1401.25,Night,1,0.944
4272,2021-04-26,18,568,Raw Materials,1087,556.25,Day,0,0.112
4273,2021-04-26,35,222,Vehicles,1192,535.01,Day,0,0.216
4274,2021-04-26,8,254,Textiles,877,602.3,Night,0,0.222
4275,2021-04-27,45,284,Machinery,553,544.07,Day,0,0.082
4276,2021-04-27,23,2,Chemicals,461,544.51,Night,0,0.212
4277,2021-04-27,2,322,Electronics,389,517.02,Day,0,0.136
4278,2021-04-27,38,443,Chemicals,696,585.71,Day,0,0.14
4279,2021-04-27,42,438,Vehicles,907,605.9,Night,0,0.255
4280,2021-04-27,9,498,Raw Materials,1268,508.62,Day,0,0.079
4281,2021-04-28,39,151,Vehicles,1278,531.87,Day,0,0.027
4282,2021-04-28,12,501,Electronics,1089,645.01,Night,0,0.033
4283,2021-04-28,39,336,Machinery,712,599.39,Day,0,0.143
4284,2021-04-28,41,481,Textiles,502,549.46,Day,0,0.259
4285,2021-04-28,2,438,Food,615,575.68,Day,0,0.111
4286,2021-04-28,46,485,Raw Materials,799,1939.53,Day,1,0.803
4287,2021-04-28,42,188,Electronics,480,538.59,Night,0,0.158
4288,2021-04-28,22,444,Electronics,1084,542.29,Night,0,0.254
4289,2021-04-29,35,123,Textiles,473,546.44,Day,0,0.259
4290,2021-04-29,37,113,Chemicals,1107,625.8,Day,0,0.109
4291,2021-04-29,42,603,Vehicles,309,528.8,Night,0,0.075
4292,2021-04-29,27,513,Electronics,784,436.29,Night,0,0.152
4293,2021-04-29,1,502,Raw Materials,191,499.02,Day,0,0.109
4294,2021-04-29,2,438,Electronics,1115,1344.98,Night,1,0.761
4295,2021-04-29,35,309,Textiles,650,1232.64,Night,1,0.952
4296,2021-04-29,23,474,Machinery,772,563.92,Day,0,0.207
4297,2021-04-29,1,299,Textiles,364,492.58,Night,0,0.057
4298,2021-04-29,29,568,Raw Materials,1458,607.41,Day,0,0.241
4299,2021-04-29,17,252,Machinery,1108,573.06,Day,0,0.249
4300,2021-04-30,18,43,Vehicles,1303,503.42,Night,0,0.06
4301,2021-04-30,12,35,Vehicles,861,460.28,Night,0,0.046
4302,2021-04-30,40,56,Vehicles,840,582.15,Day,0,0.25
4303,2021-04-30,42,39,Textiles,1324,523.26,Day,0,0.006
4304,2021-04-30,39,170,Food,918,509.63,Day,0,0.291
4305,2021-04-30,16,31,Textiles,1416,474.37,Night,0,0.238
4306,2021-04-30,4,185,Chemicals,434,1080.81,Night,1,0.992
4307,2021-04-30,39,366,Electronics,1243,1326.4,Day,1,0.724
4308,2021-05-01,9,40,Textiles,358,536.75,Night,0,0.017
4309,2021-05-01,34,128,Textiles,586,567.19,Day,0,0.089
4310,2021-05-01,19,460,Textiles,835,554.94,Day,0,0.247
4311,2021-05-01,39,458,Textiles,1176,590.49,Day,0,0.099
4312,2021-05-01,44,336,Textiles,314,546.11,Day,0,0.025
4313,2021-05-01,11,498,Raw Materials,1489,596.45,Day,0,0.28
4314,2021-05-01,9,601,Raw Materials,301,627.2,Night,0,0.055
4315,2021-05-01,24,374,Vehicles,957,568.61,Night,0,0.024
4316,2021-05-01,22,606,Chemicals,209,491.02,Day,0,0.037
4317,2021-05-01,28,636,Raw Materials,721,579.35,Night,0,0.203
4318,2021-05-02,1,302,Textiles,335,611.83,Night,0,0.254
4319,2021-05-02,2,523,Vehicles,622,1830.97,Day,1,0.708
4320,2021-05-02,27,610,Food,821,661.12,Night,0,0.24
4321,2021-05-02,14,378,Textiles,1146,572.52,Night,0,0.04
4322,2021-05-02,10,458,Raw Materials,775,565.66,Night,0,0.23
4323,2021-05-02,29,509,Food,862,533.85,Night,0,0.212
4324,2021-05-02,9,223,Chemicals,690,546.64,Night,0,0.244
4325,2021-05-02,16,495,Textiles,178,565.03,Night,0,0.099
4326,2021-05-03,39,292,Textiles,952,561.39,Night,0,0.08
4327,2021-05-03,7,447,Chemicals,504,536.57,Night,0,0.254
4328,2021-05-03,8,158,Food,1300,510.34,Night,0,0.27
4329,2021-05-03,11,462,Machinery,639,495.29,Night,0,0.037
4330,2021-05-03,10,157,Chemicals,1491,492.91,Night,0,0.108
4331,2021-05-03,5,290,Electronics,1385,573.6,Night,0,0.191
4332,2021-05-03,4,58,Food,846,564.7,Night,0,0.072
4333,2021-05-03,19,362,Textiles,788,587.32,Night,0,0.056
4334,2021-05-04,28,572,Chemicals,863,561.57,Day,0,0.278
4335,2021-05-04,31,425,Textiles,210,468.92,Night,0,0.002
4336,2021-05-04,38,94,Textiles,954,517.38,Day,0,0.015
4337,2021-05-04,13,82,Electronics,858,605.85,Night,0,0.23
4338,2021-05-04,6,593,Textiles,574,534.39,Night,0,0.167
4339,2021-05-04,3,631,Raw Materials,240,559.43,Day,0,0.287
4340,2021-05-05,33,560,Vehicles,1491,1160.0,Night,1,0.811
4341,2021-05-05,36,202,Electronics,321,1394.22,Day,1,0.715
4342,2021-05-05,40,195,Vehicles,544,569.68,Day,0,0.13
4343,2021-05-05,32,602,Chemicals,104,531.5,Day,0,0.191
4344,2021-05-05,34,174,Textiles,1190,476.71,Day,0,0.158
4345,2021-05-05,19,461,Raw Materials,944,571.38,Day,0,0.265
4346,2021-05-05,9,9,Food,1149,503.66,Day,0,0.056
4347,2021-05-05,12,415,Food,1084,543.36,Night,0,0.082
4348,2021-05-05,2,264,Vehicles,1244,645.86,Night,0,0.205
4349,2021-05-05,11,507,Machinery,590,470.29,Night,0,0.028
4350,2021-05-06,36,486,Raw Materials,719,577.7,Night,0,0.17
4351,2021-05-06,20,398,Vehicles,280,502.26,Night,0,0.183
4352,2021-05-06,37,632,Chemicals,288,680.89,Night,0,0.099
4353,2021-05-06,28,414,Vehicles,395,565.17,Night,0,0.188
4354,2021-05-06,38,12,Food,1306,576.61,Night,0,0.125
4355,2021-05-06,34,66,Vehicles,1201,572.78,Day,0,0.044
4356,2021-05-06,43,140,Machinery,1247,569.32,Night,0,0.056
4357,2021-05-06,4,232,Chemicals,571,497.2,Night,0,0.294
4358,2021-05-06,44,66,Textiles,947,552.18,Day,0,0.09
4359,2021-05-06,34,335,Textiles,600,604.95,Night,0,0.175
4360,2021-05-06,44,334,Vehicles,917,566.13,Night,0,0.2
4361,2021-05-07,24,472,Textiles,1486,661.17,Night,0,0.255
4362,2021-05-07,9,406,Vehicles,969,559.3,Night,0,0.077
4363,2021-05-07,39,271,Machinery,559,566.83,Day,0,0.077
4364,2021-05-07,28,364,Food,618,582.57,Day,0,0.018
4365,2021-05-07,10,90,Machinery,612,518.95,Night,0,0.015
4366,2021-05-07,21,85,Textiles,1180,558.3,Day,0,0.283
4367,2021-05-07,2,349,Food,1384,599.73,Night,0,0.164
4368,2021-05-07,4,557,Vehicles,638,608.64,Day,0,0.274
4369,2021-05-07,12,577,Machinery,941,573.54,Night,0,0.201
4370,2021-05-07,45,49,Chemicals,524,500.53,Night,0,0.029
4371,2021-05-07,26,42,Vehicles,1105,606.85,Day,0,0.024
4372,2021-05-07,18,358,Raw Materials,1440,573.53,Night,0,0.275
4373,2021-05-08,27,371,Food,371,487.15,Day,0,0.186
4374,2021-05-08,7,116,Chemicals,748,559.91,Night,0,0.151
4375,2021-05-08,13,46,Raw Materials,112,497.74,Night,0,0.216
4376,2021-05-08,8,227,Machinery,257,1632.14,Day,1,0.969
4377,2021-05-08,9,112,Textiles,1303,510.94,Night,0,0.247
4378,2021-05-08,8,290,Chemicals,417,1346.63,Night,1,0.883
4379,2021-05-08,29,289,Raw Materials,278,589.98,Day,0,0.257
4380,2021-05-08,12,227,Machinery,277,610.76,Day,0,0.29
4381,2021-05-08,22,523,Machinery,398,555.11,Day,0,0.126
4382,2021-05-08,9,56,Machinery,1388,602.36,Day,0,0.224
4383,2021-05-09,30,322,Electronics,115,604.83,Day,0,0.253
4384,2021-05-09,44,448,Electronics,972,522.31,Night,0,0.096
4385,2021-05-09,5,73,Electronics,1170,596.17,Day,0,0.18
4386,2021-05-09,12,247,Raw Materials,484,586.4,Night,0,0.069
4387,2021-05-09,45,237,Vehicles,858,561.92,Day,0,0.096
4388,2021-05-09,6,429,Machinery,214,592.19,Night,0,0.175
4389,2021-05-09,13,149,Vehicles,1181,561.69,Day,0,0.205
4390,2021-05-10,34,343,Vehicles,326,587.42,Night,0,0.043
4391,2021-05-10,3,312,Raw Materials,1436,614.29,Day,0,0.151
4392,2021-05-10,21,101,Textiles,553,522.18,Day,0,0.117
4393,2021-05-10,24,254,Machinery,515,568.82,Day,0,0.232
4394,2021-05-10,45,310,Machinery,208,1766.25,Day,1,0.97
4395,2021-05-10,8,416,Chemicals,1023,573.99,Night,0,0.029
4396,2021-05-10,30,11,Machinery,225,533.25,Night,0,0.055
4397,2021-05-10,46,174,Raw Materials,534,609.63,Day,0,0.141
4398,2021-05-10,29,553,Machinery,1183,556.93,Night,0,0.114
4399,2021-05-11,24,38,Textiles,293,457.03,Night,0,0.232
4400,2021-05-11,16,32,Electronics,810,550.28,Day,0,0.268
4401,2021-05-11,38,86,Textiles,1222,574.43,Night,0,0.177
4402,2021-05-11,25,295,Electronics,1163,639.42,Night,0,0.245
4403,2021-05-11,20,45,Food,1389,500.34,Night,0,0.045
4404,2021-05-11,22,585,Raw Materials,854,731.59,Day,0,0.199
4405,2021-05-11,25,378,Textiles,634,490.18,Day,0,0.264
4406,2021-05-11,21,436,Vehicles,473,618.43,Day,0,0.174
4407,2021-05-11,11,421,Raw Materials,363,654.75,Day,0,0.236
4408,2021-05-12,5,125,Textiles,140,524.27,Night,0,0.008
4409,2021-05-12,39,226,Raw Materials,106,527.91,Night,0,0.172
4410,2021-05-12,36,69,Electronics,200,518.46,Night,0,0.298
4411,2021-05-12,32,416,Textiles,149,512.95,Day,0,0.207
4412,2021-05-12,30,477,Raw Materials,1115,646.53,Night,0,0.025
4413,2021-05-12,43,603,Chemicals,889,472.39,Night,0,0.169
4414,2021-05-12,28,615,Food,988,1596.43,Night,1,0.761
4415,2021-05-12,21,609,Machinery,1252,522.02,Night,0,0.045
4416,2021-05-12,23,124,Food,921,411.16,Day,0,0.278
4417,2021-05-12,37,471,Vehicles,1186,567.96,Night,0,0.015
4418,2021-05-12,23,109,Machinery,644,473.68,Night,0,0.217
4419,2021-05-12,27,485,Food,1208,596.53,Day,0,0.218
4420,2021-05-13,33,461,Machinery,1023,580.6,Night,0,0.112
4421,2021-05-13,40,342,Chemicals,1199,561.68,Night,0,0.141
4422,2021-05-13,8,182,Chemicals,173,584.9,Night,0,0.183
4423,2021-05-13,4,390,Machinery,1411,535.26,Night,0,0.034
4424,2021-05-13,6,583,Textiles,1278,570.95,Night,0,0.111
4425,2021-05-13,44,39,Vehicles,256,540.99,Day,0,0.012
4426,2021-05-13,42,403,Textiles,1077,625.07,Day,0,0.071
4427,2021-05-13,22,183,Vehicles,451,603.83,Night,0,0.165
4428,2021-05-14,17,492,Electronics,481,583.3,Day,0,0.121
4429,2021-05-14,43,604,Food,854,609.21,Day,0,0.24
4430,2021-05-14,9,593,Electronics,1002,614.34,Day,0,0.153
4431,2021-05-14,22,9,Textiles,1433,542.69,Day,0,0.112
4432,2021-05-14,42,57,Food,1087,619.45,Night,0,0.148
4433,2021-05-14,31,577,Machinery,715,625.45,Day,0,0.064
4434,2021-05-14,42,327,Food,607,667.92,Day,0,0.209
4435,2021-05-14,5,339,Food,164,570.89,Night,0,0.047
4436,2021-05-14,40,279,Vehicles,485,540.89,Day,0,0.211
4437,2021-05-15,29,361,Chemicals,1352,561.51,Night,0,0.161
4438,2021-05-15,30,5,Food,133,576.26,Night,0,0.228
4439,2021-05-15,15,594,Food,317,1433.78,Night,1,0.846
4440,2021-05-15,38,486,Textiles,495,573.62,Night,0,0.252
4441,2021-05-15,10,118,Electronics,1174,578.43,Day,0,0.184
4442,2021-05-15,40,117,Chemicals,1385,496.6,Day,0,0.111
4443,2021-05-15,21,216,Raw Materials,1129,580.63,Night,0,0.215
4444,2021-05-15,3,194,Machinery,856,532.31,Night,0,0.193
4445,2021-05-16,27,294,Machinery,483,529.67,Day,0,0.085
4446,2021-05-16,11,4,Electronics,572,666.55,Day,0,0.075
4447,2021-05-16,25,174,Vehicles,611,556.86,Day,0,0.025
4448,2021-05-16,29,253,Chemicals,665,564.39,Night,0,0.274
4449,2021-05-16,40,349,Machinery,201,547.45,Night,0,0.237
4450,2021-05-16,37,539,Electronics,1004,564.34,Day,0,0.232
4451,2021-05-16,7,401,Food,373,621.24,Day,0,0.222
4452,2021-05-16,1,175,Food,1396,596.42,Day,0,0.101
4453,2021-05-16,5,393,Textiles,791,499.15,Day,0,0.22
4454,2021-05-16,22,277,Chemicals,547,592.25,Day,0,0.13
4455,2021-05-16,24,13,Textiles,797,617.89,Day,0,0.099
4456,2021-05-16,28,328,Machinery,1424,574.15,Day,0,0.2
4457,2021-05-17,31,562,Textiles,221,576.06,Day,0,0.178
4458,2021-05-17,11,88,Vehicles,310,516.78,Day,0,0.048
4459,2021-05-17,38,623,Textiles,331,557.12,Night,0,0.065
4460,2021-05-17,33,371,Textiles,1290,603.78,Night,0,0.036
4461,2021-05-17,11,423,Chemicals,111,626.1,Night,0,0.009
4462,2021-05-17,29,310,Chemicals,205,512.25,Day,0,0.152
4463,2021-05-17,20,315,Textiles,1130,503.28,Night,0,0.187
4464,2021-05-17,35,76,Machinery,482,541.42,Day,0,0.18
4465,2021-05-17,16,395,Vehicles,769,665.03,Night,0,0.094
4466,2021-05-17,18,591,Food,491,540.49,Day,0,0.216
4467,2021-05-17,36,27,Electronics,490,580.95,Day,0,0.031
4468,2021-05-18,35,175,Food,474,563.05,Day,0,0.28
4469,2021-05-18,1,129,Vehicles,615,460.31,Day,0,0.025
4470,2021-05-18,16,162,Chemicals,741,628.02,Day,0,0.251
4471,2021-05-18,17,163,Textiles,968,535.84,Day,0,0.115
4472,2021-05-18,20,138,Vehicles,1399,558.59,Day,0,0.198
4473,2021-05-18,35,506,Vehicles,909,586.19,Night,0,0.21
4474,2021-05-18,32,499,Electronics,181,537.49,Day,0,0.101
4475,2021-05-18,19,54,Chemicals,547,520.05,Day,0,0.022
4476,2021-05-18,45,613,Chemicals,680,467.37,Night,0,0.241
4477,2021-05-19,23,284,Machinery,809,563.11,Day,0,0.2
4478,2021-05-19,35,607,Textiles,464,590.66,Day,0,0.253
4479,2021-05-19,46,240,Vehicles,479,566.72,Night,0,0.051
4480,2021-05-19,33,591,Machinery,1427,668.8,Day,0,0.201
4481,2021-05-19,11,471,Textiles,143,408.09,Night,0,0.082
4482,2021-05-19,42,238,Machinery,1432,583.79,Night,0,0.156
4483,2021-05-19,39,377,Electronics,265,535.96,Day,0,0.202
4484,2021-05-20,13,327,Food,1057,496.22,Day,0,0.104
4485,2021-05-20,31,4,Machinery,867,615.57,Night,0,0.271
4486,2021-05-20,37,290,Chemicals,809,555.09,Night,0,0.151
4487,2021-05-20,46,425,Raw Materials,244,557.2,Day,0,0.274
4488,2021-05-20,23,75,Textiles,672,654.05,Night,0,0.083
4489,2021-05-20,11,167,Textiles,781,527.23,Night,0,0.057
4490,2021-05-20,3,336,Food,702,596.66,Day,0,0.124
4491,2021-05-20,43,363,Vehicles,303,604.35,Day,0,0.032
4492,2021-05-20,15,440,Machinery,828,573.77,Day,0,0.003
4493,2021-05-20,22,32,Electronics,1106,548.55,Night,0,0.042
4494,2021-05-20,17,138,Raw Materials,1097,643.46,Night,0,0.236
4495,2021-05-21,3,204,Chemicals,1397,590.81,Day,0,0.132
4496,2021-05-21,34,584,Food,729,571.54,Day,0,0.223
4497,2021-05-21,21,143,Electronics,430,503.55,Day,0,0.073
4498,2021-05-21,32,223,Electronics,726,591.29,Day,0,0.286
4499,2021-05-21,16,108,Textiles,1131,440.36,Day,0,0.13
4500,2021-05-21,22,596,Vehicles,153,2087.57,Night,1,0.86
4501,2021-05-21,33,20,Vehicles,955,527.56,Day,0,0.203
4502,2021-05-21,3,133,Textiles,413,664.2,Day,0,0.212
4503,2021-05-21,2,558,Machinery,193,603.62,Day,0,0.127
4504,2021-05-22,31,546,Vehicles,1395,621.14,Night,0,0.228
4505,2021-05-22,19,582,Raw Materials,122,1313.08,Night,1,0.793
4506,2021-05-22,32,262,Vehicles,519,595.49,Day,0,0.039
4507,2021-05-22,3,422,Electronics,192,564.93,Night,0,0.02
4508,2021-05-22,41,300,Chemicals,349,516.69,Day,0,0.11
4509,2021-05-22,30,585,Chemicals,196,556.25,Night,0,0.205
4510,2021-05-22,9,238,Machinery,1050,484.57,Night,0,0.026
4511,2021-05-22,25,79,Vehicles,1234,635.23,Night,0,0.143
4512,2021-05-22,29,380,Chemicals,1124,517.9,Day,0,0.197
4513,2021-05-22,9,219,Textiles,1275,583.29,Day,0,0.048
4514,2021-05-23,33,488,Electronics,663,621.79,Day,0,0.176
4515,2021-05-23,21,350,Textiles,273,498.53,Night,0,0.067
4516,2021-05-23,8,552,Machinery,1285,526.68,Day,0,0.234
4517,2021-05-23,44,42,Vehicles,1397,565.17,Day,0,0.096
4518,2021-05-23,22,635,Textiles,317,538.44,Day,0,0.162
4519,2021-05-23,21,245,Vehicles,387,659.82,Night,0,0.18
4520,2021-05-23,16,598,Machinery,266,604.83,Day,0,0.095
4521,2021-05-23,2,421,Textiles,743,2172.43,Day,1,0.922
4522,2021-05-24,5,364,Machinery,1244,486.18,Day,0,0.056
4523,2021-05-24,44,355,Vehicles,1428,530.36,Night,0,0.096
4524,2021-05-24,19,37,Raw Materials,1157,579.48,Night,0,0.203
4525,2021-05-24,30,480,Vehicles,377,650.87,Day,0,0.009
4526,2021-05-24,3,467,Vehicles,1464,1346.21,Day,1,0.931
4527,2021-05-24,40,318,Raw Materials,239,638.34,Night,0,0.032
4528,2021-05-24,29,376,Textiles,131,549.19,Night,0,0.084
4529,2021-05-24,2,319,Machinery,1090,611.23,Night,0,0.045
4530,2021-05-24,28,130,Food,1119,574.76,Night,0,0.078
4531,2021-05-24,36,425,Electronics,335,586.72,Night,0,0.14
4532,2021-05-24,1,237,Chemicals,768,443.15,Day,0,0.014
4533,2021-05-25,43,301,Raw Materials,159,532.16,Day,0,0.198
4534,2021-05-25,34,580,Vehicles,625,585.63,Night,0,0.243
4535,2021-05-25,4,219,Food,566,543.23,Day,0,0.187
4536,2021-05-25,33,605,Food,927,593.78,Day,0,0.048
4537,2021-05-25,30,23,Raw Materials,1180,636.22,Night,0,0.018
4538,2021-05-25,33,437,Chemicals,378,634.69,Night,0,0.244
4539,2021-05-25,23,389,Electronics,1144,564.99,Night,0,0.024
4540,2021-05-25,31,59,Chemicals,655,529.93,Day,0,0.228
4541,2021-05-26,13,159,Machinery,1498,536.68,Night,0,0.29
4542,2021-05-26,45,339,Machinery,382,560.65,Day,0,0.263
4543,2021-05-26,43,159,Electronics,249,556.99,Day,0,0.034
4544,2021-05-26,2,141,Machinery,123,509.27,Day,0,0.074
4545,2021-05-26,26,598,Electronics,167,572.56,Day,0,0.202
4546,2021-05-26,17,168,Raw Materials,996,567.04,Night,0,0.284
4547,2021-05-26,24,205,Vehicles,378,536.57,Night,0,0.123
4548,2021-05-26,44,321,Food,390,599.59,Night,0,0.211
4549,2021-05-27,18,338,Chemicals,998,575.6,Night,0,0.291
4550,2021-05-27,26,543,Vehicles,1413,428.4,Day,0,0.018
4551,2021-05-27,7,277,Electronics,474,564.11,Night,0,0.111
4552,2021-05-27,15,357,Vehicles,522,533.75,Day,0,0.221
4553,2021-05-27,41,342,Textiles,1160,578.26,Day,0,0.095
4554,2021-05-27,32,521,Textiles,1391,578.61,Day,0,0.242
4555,2021-05-27,24,266,Chemicals,833,590.62,Night,0,0.147
4556,2021-05-27,17,293,Textiles,899,634.04,Night,0,0.176
4557,2021-05-27,3,314,Food,208,562.66,Night,0,0.262
4558,2021-05-27,9,400,Textiles,989,557.16,Night,0,0.223
4559,2021-05-28,24,374,Machinery,1047,493.43,Day,0,0.169
4560,2021-05-28,42,298,Electronics,1293,512.56,Night,0,0.036
4561,2021-05-28,17,25,Chemicals,838,535.36,Night,0,0.181
4562,2021-05-28,3,95,Electronics,1274,684.22,Night,0,0.184
4563,2021-05-28,15,145,Machinery,163,507.54,Night,0,0.108
4564,2021-05-28,7,489,Chemicals,354,563.96,Night,0,0.232
4565,2021-05-28,14,135,Electronics,1429,586.38,Night,0,0.233
4566,2021-05-28,20,253,Food,416,481.77,Night,0,0.172
4567,2021-05-28,10,249,Electronics,1122,533.19,Night,0,0.079
4568,2021-05-29,20,620,Vehicles,1376,563.89,Night,0,0.137
4569,2021-05-29,33,119,Machinery,495,548.6,Day,0,0.204
4570,2021-05-29,43,148,Vehicles,318,478.58,Night,0,0.04
4571,2021-05-29,10,287,Chemicals,536,540.83,Day,0,0.274
4572,2021-05-29,31,397,Machinery,936,554.93,Day,0,0.081
4573,2021-05-29,2,284,Food,897,547.18,Day,0,0.166
4574,2021-05-29,15,517,Electronics,132,591.6,Day,0,0.281
4575,2021-05-29,46,135,Electronics,1076,556.61,Day,0,0.176
4576,2021-05-29,11,539,Machinery,960,546.36,Day,0,0.238
4577,2021-05-29,12,212,Food,642,583.92,Day,0,0.298
4578,2021-05-29,30,199,Vehicles,1002,646.91,Day,0,0.065
4579,2021-05-29,27,593,Electronics,805,597.07,Day,0,0.147
4580,2021-05-30,11,70,Chemicals,1386,559.43,Night,0,0.286
4581,2021-05-30,45,535,Textiles,1464,608.26,Night,0,0.103
4582,2021-05-30,32,70,Food,1075,425.54,Night,0,0.291
4583,2021-05-30,23,186,Textiles,1262,537.62,Day,0,0.009
4584,2021-05-30,37,371,Machinery,1375,556.21,Day,0,0.07
4585,2021-05-30,29,234,Chemicals,1353,549.9,Day,0,0.282
4586,2021-05-30,20,530,Electronics,427,553.49,Night,0,0.136
4587,2021-05-30,24,622,Textiles,405,1078.36,Day,1,0.745
4588,2021-05-30,2,575,Electronics,420,610.77,Night,0,0.036
4589,2021-05-30,38,286,Chemicals,602,494.59,Night,0,0.124
4590,2021-05-30,3,135,Chemicals,254,507.98,Day,0,0.243
4591,2021-05-30,40,529,Food,335,485.84,Night,0,0.059
4592,2021-05-31,1,565,Raw Materials,988,603.61,Day,0,0.266
4593,2021-05-31,19,69,Food,124,575.08,Night,0,0.284
4594,2021-05-31,2,49,Textiles,1380,628.29,Night,0,0.148
4595,2021-05-31,23,529,Food,797,529.31,Night,0,0.176
4596,2021-05-31,37,100,Food,188,484.4,Night,0,0.249
4597,2021-05-31,29,181,Machinery,944,510.58,Day,0,0.053
4598,2021-05-31,28,348,Textiles,355,518.3,Day,0,0.207
4599,2021-06-01,20,232,Raw Materials,1456,560.41,Night,0,0.078
4600,2021-06-01,26,150,Machinery,890,572.08,Day,0,0.058
4601,2021-06-01,19,620,Raw Materials,1275,613.57,Day,0,0.276
4602,2021-06-01,46,387,Food,168,525.65,Night,0,0.268
4603,2021-06-01,36,430,Textiles,744,483.17,Night,0,0.026
4604,2021-06-01,26,448,Vehicles,409,581.25,Night,0,0.087
4605,2021-06-02,33,459,Vehicles,1285,512.96,Day,0,0.136
4606,2021-06-02,4,75,Food,1277,578.79,Day,0,0.253
4607,2021-06-02,28,273,Vehicles,1472,431.01,Night,0,0.078
4608,2021-06-02,16,450,Food,1001,945.15,Day,1,0.888
4609,2021-06-02,13,399,Electronics,1142,577.94,Night,0,0.054
4610,2021-06-02,28,604,Raw Materials,202,546.95,Day,0,0.232
4611,2021-06-03,43,163,Chemicals,801,537.03,Night,0,0.267
4612,2021-06-03,12,75,Raw Materials,610,1486.65,Day,1,0.802
4613,2021-06-03,43,519,Raw Materials,1302,580.09,Night,0,0.054
4614,2021-06-03,25,390,Electronics,1288,597.42,Day,0,0.217
4615,2021-06-03,1,342,Raw Materials,1201,1995.37,Night,1,0.709
4616,2021-06-03,18,75,Raw Materials,1404,626.46,Day,0,0.196
4617,2021-06-03,9,603,Machinery,1197,575.36,Night,0,0.258
4618,2021-06-04,29,29,Raw Materials,189,646.37,Night,0,0.007
4619,2021-06-04,18,387,Raw Materials,669,567.63,Day,0,0.298
4620,2021-06-04,18,606,Vehicles,1452,554.48,Day,0,0.093
4621,2021-06-04,19,202,Textiles,996,629.53,Night,0,0.271
4622,2021-06-04,16,516,Machinery,481,591.68,Night,0,0.272
4623,2021-06-04,31,502,Raw Materials,112,548.1,Night,0,0.15
4624,2021-06-04,28,125,Food,1204,524.86,Day,0,0.092
4625,2021-06-04,18,175,Textiles,840,597.12,Night,0,0.218
4626,2021-06-04,39,516,Chemicals,956,505.19,Night,0,0.077
4627,2021-06-04,37,177,Vehicles,429,597.44,Day,0,0.176
4628,2021-06-04,34,164,Food,1253,621.46,Day,0,0.004
4629,2021-06-04,45,126,Raw Materials,383,541.59,Day,0,0.284
4630,2021-06-05,23,430,Raw Materials,1089,552.15,Night,0,0.249
4631,2021-06-05,43,273,Vehicles,1051,1339.93,Day,1,0.864
4632,2021-06-05,15,591,Electronics,923,544.17,Day,0,0.222
4633,2021-06-05,24,451,Machinery,1466,640.46,Night,0,0.112
4634,2021-06-05,31,444,Machinery,615,529.2,Night,0,0.118
4635,2021-06-05,36,362,Electronics,1124,505.79,Day,0,0.042
4636,2021-06-05,28,319,Food,478,462.55,Night,0,0.109
4637,2021-06-05,19,587,Textiles,375,519.29,Night,0,0.14
4638,2021-06-06,18,146,Electronics,982,522.84,Day,0,0.21
4639,2021-06-06,24,42,Textiles,448,484.95,Night,0,0.07
4640,2021-06-06,34,443,Electronics,226,514.87,Night,0,0.144
4641,2021-06-06,20,425,Chemicals,1296,583.18,Night,0,0.077
4642,2021-06-06,4,199,Textiles,488,562.08,Day,0,0.246
4643,2021-06-06,16,248,Electronics,322,642.6,Day,0,0.201
4644,2021-06-06,26,363,Textiles,1189,523.16,Night,0,0.157
4645,2021-06-06,21,381,Vehicles,692,521.68,Day,0,0.022
4646,2021-06-07,27,624,Food,809,630.26,Night,0,0.286
4647,2021-06-07,14,325,Machinery,1271,597.29,Day,0,0.214
4648,2021-06-07,6,248,Food,913,540.39,Night,0,0.274
4649,2021-06-07,28,254,Raw Materials,1211,568.22,Day,0,0.223
4650,2021-06-07,28,257,Machinery,1438,517.48,Day,0,0.042
4651,2021-06-07,44,397,Vehicles,351,489.1,Day,0,0.232
4652,2021-06-07,28,133,Raw Materials,969,498.25,Night,0,0.092
4653,2021-06-08,27,173,Machinery,1500,608.11,Day,0,0.258
4654,2021-06-08,8,497,Chemicals,989,541.94,Night,0,0.218
4655,2021-06-08,39,50,Raw Materials,108,644.68,Day,0,0.148
4656,2021-06-08,5,622,Vehicles,1370,707.02,Day,0,0.216
4657,2021-06-08,44,131,Chemicals,1205,601.91,Day,0,0.039
4658,2021-06-08,24,78,Vehicles,661,532.5,Day,0,0.219
4659,2021-06-08,25,176,Raw Materials,654,1340.34,Night,1,0.828
4660,2021-06-08,14,242,Vehicles,822,1314.05,Day,1,0.757
4661,2021-06-08,9,393,Food,592,554.87,Day,0,0.071
4662,2021-06-09,32,322,Raw Materials,1319,552.74,Night,0,0.251
4663,2021-06-09,5,281,Electronics,389,616.71,Day,0,0.284
4664,2021-06-09,4,500,Food,129,509.81,Night,0,0.224
4665,2021-06-09,14,253,Textiles,210,607.25,Day,0,0.182
4666,2021-06-09,30,26,Food,652,1687.9,Day,1,0.761
4667,2021-06-09,2,635,Machinery,1091,647.14,Day,0,0.099
4668,2021-06-09,45,248,Raw Materials,1101,603.83,Day,0,0.193
4669,2021-06-09,32,447,Food,626,545.27,Night,0,0.107
4670,2021-06-09,15,346,Food,1241,570.41,Night,0,0.086
4671,2021-06-09,7,185,Machinery,976,625.79,Night,0,0.065
4672,2021-06-09,37,131,Chemicals,1047,602.38,Night,0,0.25
4673,2021-06-10,23,61,Chemicals,621,570.01,Day,0,0.015
4674,2021-06-10,11,484,Textiles,470,519.9,Night,0,0.244
4675,2021-06-10,31,194,Vehicles,1257,588.09,Day,0,0.259
4676,2021-06-10,15,461,Vehicles,1329,579.26,Day,0,0.296
4677,2021-06-10,23,614,Textiles,842,552.96,Day,0,0.086
4678,2021-06-10,12,87,Machinery,1479,626.75,Day,0,0.053
4679,2021-06-11,46,401,Textiles,281,615.69,Night,0,0.057
4680,2021-06-11,17,221,Food,694,583.13,Night,0,0.247
4681,2021-06-11,37,429,Food,401,603.08,Day,0,0.002
4682,2021-06-11,4,475,Chemicals,1004,641.93,Day,0,0.15
4683,2021-06-11,21,161,Textiles,196,564.76,Night,0,0.134
4684,2021-06-11,35,328,Electronics,215,498.34,Night,0,0.065
4685,2021-06-11,35,382,Electronics,129,561.08,Day,0,0.127
4686,2021-06-11,41,144,Textiles,968,544.71,Night,0,0.143
4687,2021-06-11,29,339,Machinery,857,541.72,Night,0,0.197
4688,2021-06-11,30,29,Food,661,548.93,Day,0,0.191
4689,2021-06-11,15,189,Raw Materials,875,484.47,Night,0,0.124
4690,2021-06-11,34,292,Food,707,648.91,Day,0,0.22
4691,2021-06-12,8,477,Machinery,517,497.84,Night,0,0.297
4692,2021-06-12,24,111,Machinery,1265,685.33,Night,0,0.108
4693,2021-06-12,37,370,Food,943,634.93,Night,0,0.231
4694,2021-06-12,15,225,Vehicles,744,568.37,Night,0,0.171
4695,2021-06-12,26,279,Vehicles,386,618.3,Night,0,0.266
4696,2021-06-12,21,95,Food,823,571.97,Night,0,0.176
4697,2021-06-12,24,203,Vehicles,367,1183.04,Night,1,0.743
4698,2021-06-12,28,315,Electronics,478,623.97,Day,0,0.142
4699,2021-06-13,5,226,Chemicals,466,1686.31,Night,1,0.809
4700,2021-06-13,10,319,Textiles,412,553.42,Day,0,0.191
4701,2021-06-13,3,90,Textiles,907,1909.75,Night,1,0.903
4702,2021-06-13,43,606,Chemicals,1335,537.35,Night,0,0.164
4703,2021-06-13,35,218,Raw Materials,1121,1695.21,Night,1,0.831
4704,2021-06-13,10,319,Machinery,982,608.38,Night,0,0.113
4705,2021-06-13,20,576,Machinery,109,545.95,Day,0,0.155
4706,2021-06-13,33,163,Vehicles,133,479.28,Night,0,0.101
4707,2021-06-13,12,343,Chemicals,1269,533.81,Night,0,0.225
4708,2021-06-13,10,216,Food,1017,581.95,Day,0,0.048
4709,2021-06-14,41,312,Textiles,1340,545.43,Night,0,0.205
4710,2021-06-14,30,182,Raw Materials,1476,509.31,Day,0,0.076
4711,2021-06-14,17,441,Machinery,315,571.58,Night,0,0.18
4712,2021-06-14,25,90,Machinery,1151,567.77,Day,0,0.151
4713,2021-06-14,36,396,Textiles,446,542.23,Night,0,0.076
4714,2021-06-14,2,252,Electronics,1165,606.32,Night,0,0.186
4715,2021-06-14,21,428,Chemicals,1466,560.59,Day,0,0.162
4716,2021-06-15,42,241,Textiles,607,572.11,Day,0,0.036
4717,2021-06-15,38,196,Machinery,961,462.7,Night,0,0.237
4718,2021-06-15,14,506,Textiles,607,505.16,Night,0,0.183
4719,2021-06-15,1,94,Chemicals,156,579.52,Day,0,0.11
4720,2021-06-15,2,7,Chemicals,1287,574.47,Day,0,0.046
4721,2021-06-15,5,200,Raw Materials,908,509.41,Day,0,0.087
4722,2021-06-15,1,608,Electronics,443,530.08,Day,0,0.055
4723,2021-06-15,8,563,Machinery,483,596.41,Night,0,0.181
4724,2021-06-15,16,101,Machinery,1401,551.54,Night,0,0.271
4725,2021-06-15,45,15,Vehicles,111,514.04,Day,0,0.226
4726,2021-06-15,6,475,Raw Materials,801,491.55,Night,0,0.265
4727,2021-06-16,12,302,Textiles,588,554.17,Night,0,0.273
4728,2021-06-16,31,117,Electronics,740,583.22,Night,0,0.148
4729,2021-06-16,28,634,Electronics,1052,613.95,Day,0,0.166
4730,2021-06-16,1,137,Chemicals,1191,550.41,Night,0,0.272
4731,2021-06-16,17,55,Textiles,586,507.53,Day,0,0.258
4732,2021-06-16,35,207,Vehicles,1263,493.4,Night,0,0.054
4733,2021-06-16,14,172,Machinery,1464,557.21,Day,0,0.261
4734,2021-06-16,14,183,Vehicles,255,527.68,Night,0,0.042
4735,2021-06-16,23,192,Machinery,428,1105.68,Night,1,0.766
4736,2021-06-16,7,448,Textiles,809,614.26,Night,0,0.05
4737,2021-06-16,14,172,Machinery,1491,634.34,Night,0,0.134
4738,2021-06-16,8,116,Machinery,1199,565.57,Night,0,0.041
4739,2021-06-17,1,184,Electronics,782,562.4,Night,0,0.051
4740,2021-06-17,29,240,Chemicals,450,1776.35,Day,1,0.725
4741,2021-06-17,44,347,Vehicles,147,537.24,Day,0,0.059
4742,2021-06-17,39,535,Raw Materials,252,637.23,Night,0,0.103
4743,2021-06-17,29,331,Electronics,1180,568.35,Night,0,0.124
4744,2021-06-17,32,458,Chemicals,1116,619.14,Day,0,0.131
4745,2021-06-17,40,504,Vehicles,114,471.77,Day,0,0.195
4746,2021-06-17,26,280,Raw Materials,182,529.28,Night,0,0.153
4747,2021-06-17,21,336,Electronics,1118,613.9,Day,0,0.178
4748,2021-06-17,29,249,Textiles,483,542.38,Day,0,0.035
4749,2021-06-18,36,242,Electronics,839,633.27,Day,0,0.058
4750,2021-06-18,2,438,Raw Materials,885,621.37,Day,0,0.022
4751,2021-06-18,40,611,Food,160,574.89,Day,0,0.02
4752,2021-06-18,31,280,Raw Materials,259,572.46,Night,0,0.138
4753,2021-06-18,43,403,Textiles,820,640.36,Night,0,0.274
4754,2021-06-18,36,416,Vehicles,1446,532.31,Day,0,0.268
4755,2021-06-18,17,58,Vehicles,1452,511.75,Night,0,0.205
4756,2021-06-18,16,556,Textiles,227,555.7,Day,0,0.03
4757,2021-06-18,18,344,Machinery,923,510.49,Night,0,0.258
4758,2021-06-18,9,275,Vehicles,159,569.53,Night,0,0.012
4759,2021-06-18,10,97,Machinery,727,487.2,Night,0,0.284
4760,2021-06-19,3,133,Vehicles,521,648.96,Day,0,0.075
4761,2021-06-19,23,236,Machinery,1133,594.98,Night,0,0.097
4762,2021-06-19,13,153,Textiles,823,510.43,Day,0,0.193
4763,2021-06-19,12,545,Textiles,1255,496.54,Night,0,0.151
4764,2021-06-19,12,470,Textiles,1344,538.66,Day,0,0.057
4765,2021-06-19,41,348,Vehicles,1384,636.98,Night,0,0.268
4766,2021-06-19,40,249,Vehicles,967,564.41,Night,0,0.182
4767,2021-06-19,34,316,Food,1193,566.7,Night,0,0.176
4768,2021-06-19,15,327,Raw Materials,1486,592.07,Night,0,0.213
4769,2021-06-19,39,80,Vehicles,1029,463.04,Night,0,0.075
4770,2021-06-19,15,241,Electronics,899,604.51,Night,0,0.017
4771,2021-06-19,7,421,Chemicals,603,552.01,Night,0,0.263
4772,2021-06-20,24,408,Food,803,583.46,Day,0,0.262
4773,2021-06-20,14,411,Raw Materials,1181,537.96,Day,0,0.109
4774,2021-06-20,3,291,Food,845,550.19,Night,0,0.215
4775,2021-06-20,42,314,Food,694,583.08,Day,0,0.102
4776,2021-06-20,37,272,Textiles,780,544.37,Night,0,0.087
4777,2021-06-20,6,568,Chemicals,1380,590.02,Night,0,0.27
4778,2021-06-21,11,114,Machinery,659,500.99,Day,0,0.193
4779,2021-06-21,12,258,Food,464,468.72,Night,0,0.052
4780,2021-06-21,29,210,Chemicals,1434,519.27,Night,0,0.185
4781,2021-06-21,32,384,Food,591,581.17,Day,0,0.036
4782,2021-06-21,24,78,Raw Materials,669,533.8,Day,0,0.171
4783,2021-06-21,44,241,Food,1053,586.78,Day,0,0.222
4784,2021-06-22,2,516,Chemicals,614,507.42,Day,0,0.09
4785,2021-06-22,16,490,Chemicals,731,555.46,Night,0,0.021
4786,2021-06-22,18,426,Machinery,961,581.72,Day,0,0.177
4787,2021-06-22,8,28,Raw Materials,1318,524.35,Night,0,0.093
4788,2021-06-22,7,151,Textiles,1105,530.37,Day,0,0.21
4789,2021-06-22,3,396,Electronics,969,636.94,Night,0,0.105
4790,2021-06-23,7,111,Food,104,588.9,Day,0,0.297
4791,2021-06-23,6,426,Electronics,620,568.61,Day,0,0.05
4792,2021-06-23,40,555,Raw Materials,1147,544.03,Night,0,0.192
4793,2021-06-23,8,177,Textiles,900,588.48,Day,0,0.164
4794,2021-06-23,10,381,Raw Materials,1046,543.58,Day,0,0.229
4795,2021-06-23,40,620,Textiles,635,632.26,Night,0,0.086
4796,2021-06-24,18,140,Machinery,128,635.74,Night,0,0.067
4797,2021-06-24,32,174,Vehicles,1192,583.55,Day,0,0.174
4798,2021-06-24,11,532,Vehicles,1326,570.42,Night,0,0.18
4799,2021-06-24,30,332,Vehicles,994,587.19,Night,0,0.229
4800,2021-06-24,33,175,Electronics,796,643.75,Day,0,0.143
4801,2021-06-24,31,616,Machinery,1008,544.39,Day,0,0.03
4802,2021-06-24,24,601,Textiles,658,604.59,Day,0,0.161
4803,2021-06-24,21,5,Raw Materials,570,416.93,Night,0,0.243
4804,2021-06-25,2,137,Raw Materials,1229,495.65,Night,0,0.186
4805,2021-06-25,25,436,Raw Materials,1364,531.52,Day,0,0.272
4806,2021-06-25,26,18,Food,267,568.43,Night,0,0.026
4807,2021-06-25,6,513,Chemicals,897,570.56,Night,0,0.197
4808,2021-06-25,7,540,Raw Materials,367,605.39,Day,0,0.104
4809,2021-06-25,19,63,Raw Materials,1342,517.55,Night,0,0.101
4810,2021-06-25,18,251,Raw Materials,1028,528.21,Night,0,0.284
4811,2021-06-25,22,39,Vehicles,954,641.82,Night,0,0.097
4812,2021-06-25,15,498,Textiles,822,498.67,Night,0,0.225
4813,2021-06-25,22,78,Chemicals,777,625.54,Day,0,0.126
4814,2021-06-25,38,53,Vehicles,1107,515.4,Day,0,0.232
4815,2021-06-26,11,492,Textiles,660,488.28,Day,0,0.098
4816,2021-06-26,11,215,Machinery,621,525.35,Night,0,0.175
4817,2021-06-26,37,632,Chemicals,223,606.67,Day,0,0.011
4818,2021-06-26,1,61,Raw Materials,283,475.6,Night,0,0.214
4819,2021-06-26,9,290,Machinery,1255,571.53,Day,0,0.251
4820,2021-06-26,35,349,Vehicles,513,507.52,Day,0,0.182
4821,2021-06-26,31,385,Food,429,524.0,Day,0,0.217
4822,2021-06-26,11,23,Electronics,1146,513.83,Night,0,0.007
4823,2021-06-26,16,210,Machinery,256,613.11,Night,0,0.057
4824,2021-06-26,10,534,Vehicles,883,615.58,Day,0,0.299
4825,2021-06-26,13,224,Food,309,548.06,Day,0,0.241
4826,2021-06-26,25,50,Chemicals,1487,503.94,Day,0,0.151
4827,2021-06-27,19,289,Textiles,1431,555.91,Day,0,0.129
4828,2021-06-27,43,186,Vehicles,1338,600.65,Day,0,0.026
4829,2021-06-27,31,567,Vehicles,424,579.42,Day,0,0.279
4830,2021-06-27,32,424,Machinery,1049,547.65,Night,0,0.256
4831,2021-06-27,22,468,Food,831,527.23,Night,0,0.062
4832,2021-06-27,33,114,Raw Materials,612,579.91,Night,0,0.231
4833,2021-06-27,8,111,Chemicals,881,510.75,Day,0,0.071
4834,2021-06-27,4,551,Chemicals,610,542.18,Day,0,0.284
4835,2021-06-28,14,374,Food,1441,525.77,Day,0,0.139
4836,2021-06-28,10,386,Electronics,985,550.75,Night,0,0.239
4837,2021-06-28,1,395,Food,317,467.06,Night,0,0.089
4838,2021-06-28,33,489,Chemicals,319,726.99,Night,0,0.271
4839,2021-06-28,27,293,Vehicles,622,548.68,Day,0,0.267
4840,2021-06-28,30,256,Chemicals,1294,534.57,Day,0,0.131
4841,2021-06-29,31,173,Chemicals,1465,595.48,Night,0,0.287
4842,2021-06-29,33,635,Machinery,1046,606.07,Day,0,0.048
4843,2021-06-29,35,186,Textiles,1245,523.46,Night,0,0.248
4844,2021-06-29,38,308,Electronics,886,545.46,Night,0,0.1
4845,2021-06-29,38,69,Food,906,513.02,Night,0,0.075
4846,2021-06-29,21,148,Raw Materials,1296,1256.67,Day,1,0.991
4847,2021-06-29,11,311,Raw Materials,1177,532.61,Day,0,0.148
4848,2021-06-29,1,71,Raw Materials,1099,589.63,Night,0,0.104
4849,2021-06-30,8,309,Machinery,189,552.57,Night,0,0.127
4850,2021-06-30,10,352,Vehicles,362,487.33,Day,0,0.209
4851,2021-06-30,4,318,Machinery,1090,588.68,Day,0,0.072
4852,2021-06-30,45,434,Vehicles,608,549.93,Day,0,0.029
4853,2021-06-30,43,306,Vehicles,1098,541.62,Day,0,0.026
4854,2021-06-30,18,359,Food,463,537.89,Night,0,0.087
4855,2021-07-01,46,515,Raw Materials,357,505.03,Day,0,0.27
4856,2021-07-01,22,93,Vehicles,206,399.04,Night,0,0.265
4857,2021-07-01,34,521,Food,834,517.29,Day,0,0.251
4858,2021-07-01,44,427,Raw Materials,962,486.08,Day,0,0.296
4859,2021-07-01,20,45,Machinery,589,1305.37,Day,1,0.811
4860,2021-07-01,8,424,Raw Materials,246,543.4,Day,0,0.176
4861,2021-07-01,27,193,Chemicals,634,605.57,Day,0,0.112
4862,2021-07-02,26,69,Electronics,397,438.0,Day,0,0.129
4863,2021-07-02,37,462,Textiles,894,447.35,Night,0,0.171
4864,2021-07-02,33,622,Vehicles,505,499.36,Night,0,0.127
4865,2021-07-02,15,60,Chemicals,1113,466.14,Night,0,0.171
4866,2021-07-02,12,185,Raw Materials,1253,468.51,Night,0,0.127
4867,2021-07-02,9,241,Electronics,374,460.66,Day,0,0.23
4868,2021-07-02,8,500,Chemicals,321,508.05,Night,0,0.027
4869,2021-07-02,33,436,Machinery,1497,466.68,Day,0,0.104
4870,2021-07-02,25,5,Raw Materials,407,418.74,Night,0,0.004
4871,2021-07-02,13,357,Machinery,522,469.96,Night,0,0.117
4872,2021-07-03,19,171,Raw Materials,232,1101.64,Night,1,0.703
4873,2021-07-03,46,37,Raw Materials,426,481.44,Day,0,0.093
4874,2021-07-03,34,179,Food,880,499.93,Night,0,0.238
4875,2021-07-03,9,235,Raw Materials,946,564.69,Night,0,0.045
4876,2021-07-03,16,554,Vehicles,979,560.87,Day,0,0.202
4877,2021-07-03,38,338,Chemicals,1454,552.29,Night,0,0.29
4878,2021-07-03,5,106,Vehicles,435,519.63,Day,0,0.024
4879,2021-07-03,32,618,Raw Materials,528,498.69,Day,0,0.118
4880,2021-07-03,40,312,Chemicals,1138,466.19,Night,0,0.074
4881,2021-07-03,27,335,Food,120,559.9,Night,0,0.015
4882,2021-07-03,12,616,Electronics,560,652.9,Night,0,0.066
4883,2021-07-04,45,203,Vehicles,511,532.86,Day,0,0.254
4884,2021-07-04,29,338,Machinery,300,542.03,Night,0,0.103
4885,2021-07-04,16,56,Machinery,1126,475.5,Night,0,0.038
4886,2021-07-04,26,338,Food,1375,535.3,Day,0,0.163
4887,2021-07-04,5,513,Chemicals,1327,545.94,Night,0,0.051
4888,2021-07-04,1,76,Electronics,666,486.69,Night,0,0.133
4889,2021-07-04,27,275,Chemicals,919,520.26,Day,0,0.124
4890,2021-07-04,23,141,Chemicals,892,448.64,Day,0,0.17
4891,2021-07-04,21,276,Raw Materials,368,450.62,Day,0,0.234
4892,2021-07-04,13,263,Machinery,1083,485.21,Night,0,0.296
4893,2021-07-04,26,79,Textiles,1197,541.36,Day,0,0.233
4894,2021-07-05,46,597,Vehicles,852,489.52,Day,0,0.216
4895,2021-07-05,29,528,Chemicals,526,449.04,Day,0,0.229
4896,2021-07-05,38,193,Raw Materials,131,455.82,Night,0,0.174
4897,2021-07-05,19,90,Vehicles,1041,550.32,Day,0,0.098
4898,2021-07-05,15,420,Vehicles,1187,522.98,Day,0,0.012
4899,2021-07-05,29,140,Vehicles,386,603.44,Day,0,0.19
4900,2021-07-06,36,563,Electronics,423,1819.06,Day,1,0.885
4901,2021-07-06,26,489,Chemicals,1007,518.8,Night,0,0.067
4902,2021-07-06,17,516,Machinery,840,522.19,Day,0,0.0
4903,2021-07-06,41,104,Food,930,477.4,Day,0,0.252
4904,2021-07-06,13,604,Machinery,1079,1171.55,Night,1,0.946
4905,2021-07-06,13,616,Electronics,903,533.2,Day,0,0.223
4906,2021-07-06,22,278,Textiles,1438,577.09,Night,0,0.224
4907,2021-07-07,46,52,Textiles,1129,469.6,Night,0,0.099
4908,2021-07-07,7,140,Machinery,959,519.2,Day,0,0.082
4909,2021-07-07,32,521,Vehicles,166,456.24,Day,0,0.255
4910,2021-07-07,19,396,Raw Materials,746,490.25,Day,0,0.14
4911,2021-07-07,1,42,Electronics,1287,446.27,Day,0,0.135
4912,2021-07-07,34,519,Food,903,394.85,Night,0,0.227
4913,2021-07-07,15,317,Food,599,556.06,Night,0,0.172
4914,2021-07-08,36,619,Electronics,531,447.85,Night,0,0.159
4915,2021-07-08,37,388,Electronics,1172,509.72,Night,0,0.105
4916,2021-07-08,9,555,Vehicles,458,547.47,Night,0,0.02
4917,2021-07-08,6,597,Chemicals,823,1109.35,Day,1,0.899
4918,2021-07-08,19,65,Food,1256,447.82,Day,0,0.187
4919,2021-07-08,38,38,Raw Materials,385,497.12,Day,0,0.126
4920,2021-07-09,25,441,Vehicles,893,583.87,Day,0,0.252
4921,2021-07-09,34,592,Raw Materials,245,589.41,Night,0,0.005
4922,2021-07-09,14,578,Textiles,546,464.27,Night,0,0.086
4923,2021-07-09,43,200,Textiles,304,444.05,Day,0,0.227
4924,2021-07-09,43,210,Vehicles,117,492.84,Night,0,0.226
4925,2021-07-09,16,523,Electronics,1066,595.09,Day,0,0.165
4926,2021-07-09,8,228,Raw Materials,315,592.6,Day,0,0.141
4927,2021-07-09,27,58,Machinery,1019,453.27,Night,0,0.041
4928,2021-07-09,46,573,Raw Materials,168,555.04,Day,0,0.018
4929,2021-07-10,34,455,Raw Materials,996,503.97,Night,0,0.272
4930,2021-07-10,16,14,Machinery,126,539.03,Day,0,0.147
4931,2021-07-10,31,114,Food,1322,396.93,Day,0,0.102
4932,2021-07-10,30,66,Machinery,677,525.18,Day,0,0.124
4933,2021-07-10,17,373,Vehicles,733,484.55,Day,0,0.107
4934,2021-07-10,20,305,Raw Materials,761,564.35,Day,0,0.126
4935,2021-07-10,39,588,Vehicles,330,538.81,Day,0,0.278
4936,2021-07-11,8,323,Machinery,611,460.67,Night,0,0.163
4937,2021-07-11,23,77,Machinery,976,483.33,Night,0,0.195
4938,2021-07-11,4,424,Textiles,1215,570.83,Day,0,0.221
4939,2021-07-11,5,597,Food,988,528.05,Day,0,0.096
4940,2021-07-11,28,53,Vehicles,712,519.83,Day,0,0.27
4941,2021-07-11,25,208,Raw Materials,523,531.39,Day,0,0.187
4942,2021-07-11,24,142,Raw Materials,757,423.91,Night,0,0.102
4943,2021-07-11,21,346,Raw Materials,1186,577.99,Night,0,0.161
4944,2021-07-11,1,208,Food,1486,498.93,Day,0,0.272
4945,2021-07-11,30,91,Electronics,1462,428.68,Night,0,0.215
4946,2021-07-11,45,524,Textiles,1047,488.39,Night,0,0.075
4947,2021-07-11,27,185,Vehicles,1061,582.41,Day,0,0.298
4948,2021-07-12,36,455,Machinery,1178,521.32,Day,0,0.297
4949,2021-07-12,13,126,Chemicals,1271,528.75,Day,0,0.289
4950,2021-07-12,45,229,Textiles,101,496.87,Day,0,0.229
4951,2021-07-12,26,190,Chemicals,1287,502.06,Night,0,0.108
4952,2021-07-12,22,377,Electronics,1204,583.37,Night,0,0.095
4953,2021-07-12,34,245,Food,107,551.96,Day,0,0.008
4954,2021-07-12,11,518,Machinery,1072,531.86,Day,0,0.2
4955,2021-07-12,40,10,Machinery,1286,521.33,Night,0,0.133
4956,2021-07-12,28,516,Vehicles,385,449.62,Night,0,0.044
4957,2021-07-13,24,62,Chemicals,1205,442.13,Night,0,0.288
4958,2021-07-13,14,306,Machinery,203,532.62,Night,0,0.157
4959,2021-07-13,35,180,Electronics,1280,525.12,Day,0,0.156
4960,2021-07-13,42,297,Machinery,1460,547.85,Night,0,0.063
4961,2021-07-13,26,208,Electronics,1234,523.29,Day,0,0.223
4962,2021-07-13,10,527,Chemicals,524,525.82,Day,0,0.122
4963,2021-07-13,39,51,Raw Materials,1467,428.02,Night,0,0.13
4964,2021-07-13,16,261,Raw Materials,1492,1795.28,Day,1,0.718
4965,2021-07-13,45,101,Machinery,581,490.56,Night,0,0.291
4966,2021-07-13,34,281,Raw Materials,751,464.83,Night,0,0.087
4967,2021-07-13,1,547,Machinery,1360,613.42,Night,0,0.049
4968,2021-07-14,23,78,Vehicles,103,441.9,Day,0,0.158
4969,2021-07-14,6,38,Vehicles,949,498.23,Night,0,0.055
4970,2021-07-14,25,7,Machinery,1310,907.12,Night,1,0.779
4971,2021-07-14,43,344,Textiles,1398,442.06,Day,0,0.267
4972,2021-07-14,9,320,Electronics,148,425.88,Night,0,0.188
4973,2021-07-14,35,558,Food,1063,542.74,Night,0,0.273
4974,2021-07-14,28,358,Raw Materials,463,490.84,Day,0,0.082
4975,2021-07-14,14,538,Food,644,1118.83,Day,1,0.72
4976,2021-07-14,1,476,Textiles,1156,424.71,Day,0,0.051
4977,2021-07-14,43,27,Vehicles,162,507.99,Night,0,0.162
4978,2021-07-15,15,204,Machinery,265,467.72,Day,0,0.172
4979,2021-07-15,21,366,Vehicles,235,548.63,Night,0,0.209
4980,2021-07-15,19,593,Chemicals,111,622.21,Day,0,0.054
4981,2021-07-15,43,563,Food,1438,557.13,Day,0,0.204
4982,2021-07-15,9,114,Raw Materials,903,547.05,Night,0,0.036
4983,2021-07-15,11,428,Chemicals,784,596.34,Night,0,0.143
4984,2021-07-15,15,140,Vehicles,1329,478.37,Night,0,0.266
4985,2021-07-16,16,56,Raw Materials,445,440.24,Day,0,0.075
4986,2021-07-16,26,156,Textiles,571,564.06,Day,0,0.085
4987,2021-07-16,4,238,Vehicles,904,493.51,Night,0,0.08
4988,2021-07-16,36,365,Chemicals,560,529.89,Day,0,0.157
4989,2021-07-16,41,261,Food,1239,487.25,Day,0,0.195
4990,2021-07-16,33,327,Food,217,537.5,Day,0,0.082
4991,2021-07-16,43,524,Vehicles,316,486.9,Night,0,0.167
4992,2021-07-16,14,478,Chemicals,314,509.06,Night,0,0.016
4993,2021-07-17,19,264,Textiles,574,435.42,Night,0,0.145
4994,2021-07-17,17,11,Chemicals,624,464.05,Day,0,0.158
4995,2021-07-17,33,284,Food,1480,597.25,Night,0,0.234
4996,2021-07-17,39,388,Machinery,110,460.42,Night,0,0.066
4997,2021-07-17,25,60,Raw Materials,1062,497.36,Night,0,0.163
4998,2021-07-17,13,447,Textiles,1409,549.24,Day,0,0.252
4999,2021-07-17,9,547,Electronics,726,531.11,Night,0,0.121
5000,2021-07-17,9,406,Machinery,1003,544.34,Night,0,0.207
5001,2021-07-18,27,575,Textiles,205,536.09,Night,0,0.12
5002,2021-07-18,34,72,Food,406,571.89,Night,0,0.194
5003,2021-07-18,5,255,Chemicals,1098,485.45,Night,0,0.264
5004,2021-07-18,33,236,Electronics,528,542.44,Day,0,0.229
5005,2021-07-18,23,247,Chemicals,913,580.43,Night,0,0.056
5006,2021-07-18,39,573,Chemicals,694,539.62,Night,0,0.009
5007,2021-07-18,6,261,Raw Materials,723,469.06,Night,0,0.061
5008,2021-07-18,42,461,Electronics,664,509.07,Night,0,0.286
5009,2021-07-18,3,590,Machinery,1193,568.95,Night,0,0.117
5010,2021-07-19,22,589,Machinery,577,534.03,Night,0,0.028
5011,2021-07-19,3,206,Electronics,802,401.58,Night,0,0.271
5012,2021-07-19,38,99,Textiles,141,507.41,Day,0,0.033
5013,2021-07-19,44,509,Machinery,1379,1436.68,Night,1,0.974
5014,2021-07-19,7,515,Vehicles,1029,423.7,Night,0,0.203
5015,2021-07-19,28,591,Machinery,755,504.37,Day,0,0.092
5016,2021-07-19,5,122,Food,1201,505.91,Day,0,0.132
5017,2021-07-19,36,430,Electronics,397,427.24,Night,0,0.165
5018,2021-07-19,5,567,Raw Materials,1301,598.48,Day,0,0.05
5019,2021-07-19,32,576,Vehicles,437,516.11,Night,0,0.187
5020,2021-07-19,26,27,Electronics,812,621.25,Night,0,0.168
5021,2021-07-19,22,377,Machinery,564,587.17,Day,0,0.27
5022,2021-07-20,8,543,Food,1258,561.93,Night,0,0.148
5023,2021-07-20,32,127,Raw Materials,1374,523.35,Night,0,0.254
5024,2021-07-20,18,313,Electronics,221,480.02,Day,0,0.082
5025,2021-07-20,29,379,Electronics,405,511.56,Night,0,0.218
5026,2021-07-20,20,42,Raw Materials,1343,595.58,Night,0,0.175
5027,2021-07-20,34,166,Vehicles,1250,409.1,Day,0,0.092
5028,2021-07-20,30,212,Food,1305,514.63,Night,0,0.173
5029,2021-07-21,39,153,Electronics,1414,541.88,Night,0,0.123
5030,2021-07-21,41,330,Machinery,850,474.54,Night,0,0.251
5031,2021-07-21,36,250,Electronics,222,518.4,Night,0,0.223
5032,2021-07-21,10,364,Raw Materials,980,481.22,Day,0,0.149
5033,2021-07-21,8,572,Chemicals,921,597.11,Night,0,0.279
5034,2021-07-21,45,21,Electronics,423,483.68,Night,0,0.286
5035,2021-07-21,4,48,Electronics,511,534.47,Night,0,0.148
5036,2021-07-21,23,152,Raw Materials,101,457.12,Night,0,0.297
5037,2021-07-21,29,590,Electronics,999,457.4,Night,0,0.123
5038,2021-07-21,19,183,Chemicals,1266,534.13,Night,0,0.275
5039,2021-07-21,45,302,Textiles,1221,473.76,Day,0,0.139
5040,2021-07-22,11,449,Chemicals,812,472.73,Day,0,0.285
5041,2021-07-22,26,238,Food,1145,511.02,Day,0,0.038
5042,2021-07-22,27,56,Machinery,1057,547.64,Night,0,0.154
5043,2021-07-22,42,46,Machinery,1370,582.42,Day,0,0.213
5044,2021-07-22,45,360,Vehicles,478,513.11,Day,0,0.019
5045,2021-07-22,17,31,Chemicals,291,507.5,Night,0,0.017
5046,2021-07-22,46,443,Machinery,991,474.63,Night,0,0.097
5047,2021-07-23,1,333,Vehicles,1400,540.69,Day,0,0.034
5048,2021-07-23,27,579,Chemicals,785,559.12,Night,0,0.05
5049,2021-07-23,33,445,Machinery,1226,495.31,Day,0,0.072
5050,2021-07-23,34,33,Machinery,559,452.64,Night,0,0.067
5051,2021-07-23,29,572,Food,830,505.36,Night,0,0.095
5052,2021-07-23,2,452,Vehicles,812,558.22,Day,0,0.295
5053,2021-07-23,1,373,Textiles,864,560.21,Day,0,0.239
5054,2021-07-23,19,95,Raw Materials,491,506.15,Day,0,0.202
5055,2021-07-23,38,560,Vehicles,454,554.49,Night,0,0.045
5056,2021-07-23,26,253,Machinery,151,1461.54,Night,1,0.8
5057,2021-07-23,23,65,Electronics,1088,534.24,Night,0,0.134
5058,2021-07-24,5,600,Machinery,1166,419.46,Day,0,0.1
5059,2021-07-24,5,177,Raw Materials,505,483.99,Night,0,0.1
5060,2021-07-24,42,21,Textiles,1108,598.73,Day,0,0.048
5061,2021-07-24,13,276,Raw Materials,282,439.67,Night,0,0.045
5062,2021-07-24,45,442,Chemicals,409,543.86,Night,0,0.038
5063,2021-07-24,44,268,Electronics,1485,880.99,Night,1,0.907
5064,2021-07-24,11,597,Electronics,1360,521.8,Night,0,0.082
5065,2021-07-24,36,616,Chemicals,1016,535.64,Night,0,0.229
5066,2021-07-25,42,123,Machinery,1155,377.69,Day,0,0.226
5067,2021-07-25,39,256,Vehicles,129,496.16,Day,0,0.242
5068,2021-07-25,39,13,Raw Materials,1440,493.03,Night,0,0.152
5069,2021-07-25,35,124,Electronics,494,1747.29,Night,1,0.866
5070,2021-07-25,8,50,Machinery,553,573.84,Night,0,0.192
5071,2021-07-25,43,443,Vehicles,477,584.42,Day,0,0.029
5072,2021-07-25,45,425,Machinery,145,467.54,Night,0,0.288
5073,2021-07-25,5,165,Machinery,1017,541.02,Night,0,0.034
5074,2021-07-25,46,356,Machinery,425,428.74,Day,0,0.245
5075,2021-07-25,18,522,Textiles,757,426.39,Night,0,0.259
5076,2021-07-25,10,1,Chemicals,261,441.82,Day,0,0.078
5077,2021-07-25,28,379,Vehicles,824,400.93,Night,0,0.126
5078,2021-07-26,32,525,Chemicals,146,512.95,Day,0,0.172
5079,2021-07-26,23,59,Chemicals,1126,421.32,Night,0,0.03
5080,2021-07-26,18,361,Textiles,889,473.54,Day,0,0.217
5081,2021-07-26,37,331,Raw Materials,366,1818.31,Day,1,0.998
5082,2021-07-26,36,501,Food,292,393.46,Night,0,0.124
5083,2021-07-26,14,583,Raw Materials,843,479.95,Night,0,0.151
5084,2021-07-26,1,331,Textiles,602,521.03,Day,0,0.289
5085,2021-07-26,34,225,Food,1397,540.13,Night,0,0.192
5086,2021-07-27,34,362,Textiles,452,1390.63,Day,1,0.812
5087,2021-07-27,40,201,Food,1460,566.41,Day,0,0.138
5088,2021-07-27,45,168,Chemicals,948,475.44,Day,0,0.025
5089,2021-07-27,12,482,Chemicals,620,528.94,Night,0,0.211
5090,2021-07-27,23,348,Raw Materials,1248,535.2,Night,0,0.234
5091,2021-07-27,3,165,Textiles,136,546.66,Day,0,0.292
5092,2021-07-27,27,134,Food,136,520.84,Night,0,0.116
5093,2021-07-27,37,294,Machinery,557,509.36,Night,0,0.298
5094,2021-07-27,42,289,Textiles,249,1003.45,Day,1,0.985
5095,2021-07-27,45,127,Raw Materials,1457,492.42,Night,0,0.191
5096,2021-07-28,28,499,Machinery,1087,379.16,Night,0,0.041
5097,2021-07-28,4,100,Vehicles,225,476.63,Day,0,0.074
5098,2021-07-28,30,572,Machinery,136,592.02,Day,0,0.193
5099,2021-07-28,29,481,Raw Materials,1371,516.69,Night,0,0.28
5100,2021-07-28,19,146,Food,533,428.6,Day,0,0.282
5101,2021-07-28,9,138,Chemicals,837,535.22,Night,0,0.054
5102,2021-07-28,30,259,Machinery,1481,483.57,Night,0,0.049
5103,2021-07-28,7,534,Chemicals,290,611.19,Night,0,0.13
5104,2021-07-28,3,233,Chemicals,1187,583.65,Night,0,0.248
5105,2021-07-29,35,501,Chemicals,132,492.62,Night,0,0.099
5106,2021-07-29,45,602,Food,1458,444.92,Day,0,0.178
5107,2021-07-29,29,487,Machinery,1280,502.32,Day,0,0.177
5108,2021-07-29,34,349,Chemicals,1421,456.2,Day,0,0.045
5109,2021-07-29,21,318,Electronics,959,494.26,Night,0,0.285
5110,2021-07-29,27,456,Textiles,1460,442.46,Night,0,0.156
5111,2021-07-29,37,530,Chemicals,948,499.51,Night,0,0.172
5112,2021-07-29,40,298,Raw Materials,1299,490.09,Night,0,0.292
5113,2021-07-29,8,574,Vehicles,997,581.41,Night,0,0.189
5114,2021-07-29,6,634,Machinery,537,633.74,Night,0,0.171
5115,2021-07-29,9,411,Textiles,1294,451.88,Day,0,0.288
5116,2021-07-30,32,476,Vehicles,1080,589.65,Day,0,0.189
5117,2021-07-30,9,21,Textiles,1420,571.77,Day,0,0.077
5118,2021-07-30,33,418,Textiles,218,565.39,Night,0,0.096
5119,2021-07-30,21,501,Textiles,796,577.03,Night,0,0.228
5120,2021-07-30,37,408,Electronics,1395,570.49,Night,0,0.201
5121,2021-07-30,1,524,Electronics,643,480.49,Day,0,0.27
5122,2021-07-30,18,161,Machinery,1479,469.99,Day,0,0.088
5123,2021-07-30,45,604,Machinery,815,513.24,Night,0,0.155
5124,2021-07-30,3,354,Machinery,354,482.81,Day,0,0.047
5125,2021-07-30,22,66,Vehicles,544,522.21,Day,0,0.071
5126,2021-07-31,28,475,Vehicles,1016,485.91,Night,0,0.149
5127,2021-07-31,14,257,Machinery,785,1374.78,Day,1,0.703
5128,2021-07-31,46,605,Textiles,288,503.71,Night,0,0.141
5129,2021-07-31,31,77,Raw Materials,1144,599.58,Day,0,0.198
5130,2021-07-31,37,611,Machinery,641,538.14,Day,0,0.118
5131,2021-07-31,46,423,Raw Materials,1469,500.77,Night,0,0.275
5132,2021-07-31,6,471,Raw Materials,448,540.7,Day,0,0.069
5133,2021-08-01,28,513,Raw Materials,203,521.46,Day,0,0.279
5134,2021-08-01,37,381,Food,767,552.66,Day,0,0.218
5135,2021-08-01,25,502,Food,121,446.49,Day,0,0.017
5136,2021-08-01,32,181,Vehicles,1319,527.35,Day,0,0.138
5137,2021-08-01,25,275,Vehicles,1489,543.55,Night,0,0.026
5138,2021-08-01,40,623,Vehicles,929,526.54,Day,0,0.071
5139,2021-08-01,37,405,Raw Materials,1003,469.02,Day,0,0.174
5140,2021-08-01,3,598,Electronics,1389,601.9,Night,0,0.101
5141,2021-08-01,26,223,Electronics,1435,491.23,Day,0,0.035
5142,2021-08-02,23,80,Food,215,513.95,Night,0,0.139
5143,2021-08-02,46,57,Raw Materials,1126,518.23,Night,0,0.23
5144,2021-08-02,13,488,Textiles,951,532.9,Day,0,0.048
5145,2021-08-02,41,168,Textiles,1214,451.95,Night,0,0.1
5146,2021-08-02,20,530,Machinery,282,541.05,Day,0,0.208
5147,2021-08-02,39,394,Food,698,495.88,Day,0,0.143
5148,2021-08-03,43,131,Chemicals,314,459.77,Day,0,0.039
5149,2021-08-03,33,586,Machinery,636,511.23,Day,0,0.227
5150,2021-08-03,35,295,Food,1123,525.78,Day,0,0.208
5151,2021-08-03,39,70,Chemicals,1380,485.74,Night,0,0.239
5152,2021-08-03,6,485,Vehicles,846,493.86,Night,0,0.18
5153,2021-08-03,10,226,Food,365,487.99,Night,0,0.008
5154,2021-08-04,13,6,Raw Materials,402,453.51,Day,0,0.261
5155,2021-08-04,12,623,Raw Materials,582,516.95,Day,0,0.158
5156,2021-08-04,32,107,Vehicles,497,516.63,Night,0,0.272
5157,2021-08-04,42,420,Machinery,420,430.4,Night,0,0.15
5158,2021-08-04,27,284,Food,169,546.96,Night,0,0.045
5159,2021-08-04,34,252,Raw Materials,120,542.24,Day,0,0.106
5160,2021-08-04,44,51,Textiles,1083,486.36,Day,0,0.222
5161,2021-08-04,23,27,Textiles,327,919.48,Night,1,0.971
5162,2021-08-04,36,431,Textiles,1107,468.81,Night,0,0.078
5163,2021-08-05,28,82,Machinery,1188,542.33,Day,0,0.113
5164,2021-08-05,25,303,Raw Materials,776,435.99,Night,0,0.066
5165,2021-08-05,20,455,Food,1275,475.36,Night,0,0.173
5166,2021-08-05,10,160,Chemicals,1128,515.4,Night,0,0.277
5167,2021-08-05,23,1,Chemicals,1093,487.76,Day,0,0.073
5168,2021-08-05,21,52,Chemicals,336,550.04,Night,0,0.003
5169,2021-08-05,41,4,Machinery,367,485.63,Night,0,0.273
5170,2021-08-05,37,438,Textiles,255,492.43,Day,0,0.285
5171,2021-08-05,32,462,Machinery,873,584.19,Day,0,0.095
5172,2021-08-06,39,571,Machinery,710,535.37,Day,0,0.216
5173,2021-08-06,25,447,Chemicals,1357,461.32,Night,0,0.135
5174,2021-08-06,20,519,Vehicles,841,524.0,Night,0,0.073
5175,2021-08-06,41,627,Food,640,591.53,Night,0,0.019
5176,2021-08-06,28,249,Chemicals,794,494.5,Night,0,0.143
5177,2021-08-06,31,285,Machinery,1411,546.68,Day,0,0.155
5178,2021-08-07,24,393,Raw Materials,1371,541.53,Day,0,0.164
5179,2021-08-07,37,532,Food,864,414.4,Night,0,0.292
5180,2021-08-07,9,192,Vehicles,158,504.02,Day,0,0.097
5181,2021-08-07,1,328,Food,332,460.29,Night,0,0.085
5182,2021-08-07,21,581,Textiles,558,545.35,Day,0,0.278
5183,2021-08-07,19,419,Raw Materials,1446,516.46,Day,0,0.057
5184,2021-08-07,15,253,Raw Materials,932,463.31,Day,0,0.061
5185,2021-08-07,13,378,Food,1298,502.8,Night,0,0.243
5186,2021-08-07,33,191,Textiles,926,498.96,Day,0,0.158
5187,2021-08-08,32,334,Textiles,1434,537.36,Night,0,0.143
5188,2021-08-08,13,477,Chemicals,197,477.3,Night,0,0.141
5189,2021-08-08,15,595,Raw Materials,995,563.3,Day,0,0.197
5190,2021-08-08,32,516,Food,122,462.46,Night,0,0.226
5191,2021-08-08,44,300,Food,1455,582.26,Night,0,0.047
5192,2021-08-08,40,28,Electronics,1004,521.66,Day,0,0.213
5193,2021-08-08,45,152,Food,402,458.33,Night,0,0.071
5194,2021-08-08,22,312,Vehicles,819,525.25,Day,0,0.036
5195,2021-08-08,30,453,Chemicals,1296,429.15,Night,0,0.237
5196,2021-08-08,11,285,Textiles,285,480.2,Night,0,0.177
5197,2021-08-09,36,472,Textiles,1474,505.1,Day,0,0.095
5198,2021-08-09,13,564,Food,500,526.52,Day,0,0.102
5199,2021-08-09,41,489,Machinery,1168,527.92,Day,0,0.231
5200,2021-08-09,45,25,Electronics,488,549.77,Night,0,0.123
5201,2021-08-09,27,460,Electronics,363,472.36,Day,0,0.166
5202,2021-08-09,2,188,Raw Materials,1166,493.3,Night,0,0.067
5203,2021-08-09,37,571,Electronics,691,608.58,Day,0,0.025
5204,2021-08-09,31,106,Chemicals,105,482.04,Night,0,0.128
5205,2021-08-09,13,580,Raw Materials,1183,510.25,Day,0,0.078
5206,2021-08-09,33,210,Raw Materials,1156,542.72,Night,0,0.127
5207,2021-08-09,11,204,Machinery,788,504.22,Night,0,0.144
5208,2021-08-09,23,578,Machinery,598,505.25,Night,0,0.226
5209,2021-08-10,19,103,Food,1408,480.99,Day,0,0.039
5210,2021-08-10,1,301,Chemicals,772,473.55,Day,0,0.241
5211,2021-08-10,35,630,Electronics,1386,487.1,Day,0,0.134
5212,2021-08-10,14,351,Textiles,697,490.69,Night,0,0.235
5213,2021-08-10,41,153,Textiles,143,1351.4,Day,1,0.811
5214,2021-08-10,30,311,Electronics,931,623.42,Day,0,0.157
5215,2021-08-10,8,439,Electronics,803,465.14,Day,0,0.027
5216,2021-08-10,42,292,Vehicles,664,461.81,Day,0,0.196
5217,2021-08-11,3,43,Food,1230,461.93,Night,0,0.041
5218,2021-08-11,41,490,Machinery,1268,627.22,Day,0,0.011
5219,2021-08-11,42,394,Textiles,730,464.3,Night,0,0.222
5220,2021-08-11,42,519,Vehicles,561,472.54,Day,0,0.118
5221,2021-08-11,36,223,Food,1097,526.03,Night,0,0.231
5222,2021-08-11,7,497,Textiles,552,535.0,Day,0,0.019
5223,2021-08-12,19,189,Food,1424,437.14,Night,0,0.213
5224,2021-08-12,26,254,Raw Materials,183,454.34,Day,0,0.078
5225,2021-08-12,14,606,Food,1226,577.4,Day,0,0.149
5226,2021-08-12,11,324,Food,120,469.9,Day,0,0.113
5227,2021-08-12,29,53,Chemicals,250,482.03,Night,0,0.291
5228,2021-08-12,26,417,Chemicals,136,510.32,Day,0,0.188
5229,2021-08-12,19,389,Vehicles,469,464.19,Day,0,0.076
5230,2021-08-12,17,419,Chemicals,857,490.74,Night,0,0.034
5231,2021-08-12,23,225,Electronics,360,443.96,Night,0,0.052
5232,2021-08-12,11,599,Machinery,1408,555.29,Night,0,0.093
5233,2021-08-12,18,373,Textiles,222,452.53,Day,0,0.135
5234,2021-08-12,30,238,Electronics,789,473.48,Day,0,0.028
5235,2021-08-13,3,285,Machinery,268,505.81,Day,0,0.026
5236,2021-08-13,27,341,Raw Materials,642,628.01,Day,0,0.031
5237,2021-08-13,12,441,Food,806,483.17,Night,0,0.18
5238,2021-08-13,27,611,Vehicles,855,472.23,Night,0,0.198
5239,2021-08-13,37,118,Vehicles,1048,465.22,Day,0,0.249
5240,2021-08-13,9,22,Raw Materials,1221,494.82,Day,0,0.133
5241,2021-08-13,39,402,Vehicles,437,482.91,Night,0,0.125
5242,2021-08-13,46,498,Vehicles,1484,533.87,Night,0,0.131
5243,2021-08-13,18,4,Machinery,353,510.31,Day,0,0.106
5244,2021-08-14,6,571,Chemicals,981,569.18,Day,0,0.249
5245,2021-08-14,14,547,Electronics,837,467.35,Night,0,0.105
5246,2021-08-14,9,371,Raw Materials,1085,595.46,Day,0,0.11
5247,2021-08-14,35,516,Textiles,660,471.61,Day,0,0.004
5248,2021-08-14,11,483,Chemicals,901,465.99,Day,0,0.092
5249,2021-08-14,45,189,Machinery,1184,572.01,Day,0,0.122
5250,2021-08-14,11,463,Chemicals,416,478.98,Day,0,0.038
5251,2021-08-14,29,440,Food,989,547.01,Night,0,0.153
5252,2021-08-14,8,595,Raw Materials,888,496.61,Night,0,0.134
5253,2021-08-15,30,302,Textiles,692,511.31,Day,0,0.06
5254,2021-08-15,32,355,Chemicals,925,580.16,Night,0,0.078
5255,2021-08-15,39,5,Chemicals,928,427.32,Night,0,0.063
5256,2021-08-15,12,33,Electronics,912,416.31,Day,0,0.214
5257,2021-08-15,14,110,Machinery,1322,1233.06,Night,1,0.904
5258,2021-08-15,15,194,Electronics,1439,511.06,Day,0,0.292
5259,2021-08-15,7,525,Electronics,915,1098.02,Day,1,0.741
5260,2021-08-15,4,123,Textiles,1182,541.68,Day,0,0.221
5261,2021-08-15,40,375,Electronics,325,447.27,Day,0,0.072
5262,2021-08-15,31,558,Food,1092,606.96,Day,0,0.243
5263,2021-08-15,21,594,Electronics,1479,503.12,Day,0,0.254
5264,2021-08-16,46,390,Electronics,693,531.84,Night,0,0.285
5265,2021-08-16,27,179,Food,1112,444.84,Day,0,0.277
5266,2021-08-16,22,108,Raw Materials,972,477.37,Day,0,0.03
5267,2021-08-16,16,346,Machinery,356,1413.72,Day,1,0.844
5268,2021-08-16,40,596,Vehicles,136,538.96,Night,0,0.213
5269,2021-08-16,34,66,Textiles,1352,465.65,Day,0,0.127
5270,2021-08-16,26,429,Electronics,1192,522.07,Night,0,0.166
5271,2021-08-17,26,571,Electronics,695,659.71,Day,0,0.059
5272,2021-08-17,34,465,Food,504,548.16,Day,0,0.059
5273,2021-08-17,1,618,Electronics,206,477.59,Day,0,0.053
5274,2021-08-17,3,494,Vehicles,463,582.23,Day,0,0.281
5275,2021-08-17,32,293,Vehicles,1019,463.72,Night,0,0.185
5276,2021-08-17,5,237,Machinery,567,464.51,Day,0,0.267
5277,2021-08-17,12,157,Chemicals,376,436.09,Day,0,0.231
5278,2021-08-17,17,39,Food,1313,470.89,Day,0,0.203
5279,2021-08-17,36,303,Raw Materials,853,482.22,Night,0,0.121
5280,2021-08-17,20,370,Machinery,1218,573.55,Night,0,0.143
5281,2021-08-17,41,588,Vehicles,652,523.49,Day,0,0.18
5282,2021-08-17,34,248,Raw Materials,817,480.18,Night,0,0.192
5283,2021-08-18,42,18,Raw Materials,788,430.28,Night,0,0.004
5284,2021-08-18,32,476,Textiles,1290,509.79,Day,0,0.056
5285,2021-08-18,29,149,Vehicles,259,527.79,Day,0,0.212
5286,2021-08-18,1,290,Chemicals,584,434.11,Day,0,0.227
5287,2021-08-18,44,431,Food,137,510.33,Night,0,0.027
5288,2021-08-18,40,205,Food,480,1793.52,Day,1,0.75
5289,2021-08-18,12,393,Vehicles,1261,560.62,Day,0,0.039
5290,2021-08-18,25,409,Chemicals,339,660.86,Day,0,0.088
5291,2021-08-19,10,195,Electronics,230,423.53,Day,0,0.238
5292,2021-08-19,19,325,Vehicles,612,1625.69,Night,1,0.881
5293,2021-08-19,41,587,Electronics,1234,2011.31,Night,1,0.927
5294,2021-08-19,22,423,Raw Materials,576,547.42,Night,0,0.047
5295,2021-08-19,27,232,Textiles,855,593.3,Night,0,0.055
5296,2021-08-19,8,246,Chemicals,480,565.78,Day,0,0.292
5297,2021-08-19,25,491,Electronics,912,1101.2,Day,1,0.75
5298,2021-08-19,13,376,Machinery,1008,549.71,Night,0,0.199
5299,2021-08-19,38,45,Machinery,275,447.79,Night,0,0.149
5300,2021-08-19,44,633,Vehicles,1487,526.15,Night,0,0.049
5301,2021-08-20,21,540,Textiles,1378,499.26,Night,0,0.242
5302,2021-08-20,8,411,Electronics,1077,425.79,Day,0,0.095
5303,2021-08-20,8,96,Food,432,500.43,Day,0,0.242
5304,2021-08-20,20,374,Machinery,1000,480.92,Night,0,0.275
5305,2021-08-20,14,455,Vehicles,1062,594.88,Day,0,0.172
5306,2021-08-20,1,420,Textiles,757,439.92,Night,0,0.283
5307,2021-08-21,4,556,Machinery,110,523.93,Night,0,0.294
5308,2021-08-21,6,505,Electronics,1045,1115.74,Night,1,0.895
5309,2021-08-21,3,117,Vehicles,357,440.62,Day,0,0.199
5310,2021-08-21,34,90,Chemicals,160,509.63,Night,0,0.289
5311,2021-08-21,31,602,Food,964,530.24,Night,0,0.2
5312,2021-08-21,42,325,Raw Materials,365,511.3,Night,0,0.217
5313,2021-08-21,46,449,Raw Materials,695,553.02,Day,0,0.081
5314,2021-08-21,45,177,Vehicles,242,508.94,Night,0,0.076
5315,2021-08-21,31,325,Vehicles,910,541.44,Night,0,0.158
5316,2021-08-21,9,235,Vehicles,971,508.36,Day,0,0.265
5317,2021-08-21,9,76,Machinery,1146,509.28,Day,0,0.285
5318,2021-08-22,23,101,Textiles,404,503.33,Night,0,0.276
5319,2021-08-22,28,401,Chemicals,232,533.99,Night,0,0.097
5320,2021-08-22,15,101,Raw Materials,653,440.83,Night,0,0.094
5321,2021-08-22,28,35,Vehicles,689,562.41,Night,0,0.294
5322,2021-08-22,42,107,Vehicles,1480,549.01,Day,0,0.128
5323,2021-08-22,16,108,Machinery,1212,439.94,Day,0,0.161
5324,2021-08-22,37,329,Vehicles,869,460.72,Night,0,0.167
5325,2021-08-22,34,233,Food,318,506.26,Day,0,0.083
5326,2021-08-22,19,501,Raw Materials,1120,460.37,Night,0,0.08
5327,2021-08-22,15,381,Chemicals,984,507.73,Night,0,0.128
5328,2021-08-23,24,160,Raw Materials,594,430.54,Night,0,0.243
5329,2021-08-23,45,496,Electronics,620,581.81,Night,0,0.006
5330,2021-08-23,8,531,Textiles,914,519.52,Night,0,0.209
5331,2021-08-23,18,19,Chemicals,1256,574.65,Night,0,0.106
5332,2021-08-23,39,359,Textiles,413,507.56,Night,0,0.159
5333,2021-08-23,29,157,Machinery,1134,620.19,Night,0,0.182
5334,2021-08-23,41,177,Electronics,972,529.57,Night,0,0.028
5335,2021-08-23,39,355,Electronics,1403,547.85,Night,0,0.146
5336,2021-08-23,42,627,Textiles,1191,451.18,Day,0,0.224
5337,2021-08-23,4,404,Electronics,351,551.35,Day,0,0.281
5338,2021-08-23,22,618,Textiles,404,584.61,Day,0,0.264
5339,2021-08-23,14,248,Chemicals,774,471.4,Day,0,0.247
5340,2021-08-24,14,532,Raw Materials,978,557.92,Night,0,0.052
5341,2021-08-24,30,119,Electronics,488,492.07,Night,0,0.148
5342,2021-08-24,10,207,Vehicles,1107,545.96,Night,0,0.147
5343,2021-08-24,17,185,Vehicles,733,495.75,Day,0,0.01
5344,2021-08-24,39,245,Food,329,492.08,Night,0,0.152
5345,2021-08-24,5,633,Chemicals,801,620.08,Night,0,0.17
5346,2021-08-24,43,338,Raw Materials,1412,550.52,Day,0,0.001
5347,2021-08-24,37,373,Vehicles,1500,445.63,Night,0,0.212
5348,2021-08-24,15,405,Vehicles,473,480.45,Night,0,0.138
5349,2021-08-24,23,465,Chemicals,1166,511.4,Day,0,0.235
5350,2021-08-24,5,131,Electronics,590,477.46,Day,0,0.031
5351,2021-08-25,5,246,Electronics,318,561.37,Day,0,0.229
5352,2021-08-25,3,183,Machinery,1281,510.45,Night,0,0.158
5353,2021-08-25,19,107,Chemicals,385,507.16,Day,0,0.051
5354,2021-08-25,3,572,Raw Materials,610,499.71,Night,0,0.097
5355,2021-08-25,46,486,Raw Materials,1278,489.31,Day,0,0.075
5356,2021-08-25,1,540,Textiles,1000,588.91,Night,0,0.062
5357,2021-08-25,40,174,Chemicals,328,388.59,Day,0,0.042
5358,2021-08-25,42,56,Textiles,1320,554.96,Day,0,0.02
5359,2021-08-25,7,238,Machinery,1212,501.41,Day,0,0.236
5360,2021-08-25,16,554,Chemicals,1009,605.17,Day,0,0.295
5361,2021-08-25,29,237,Electronics,557,538.55,Day,0,0.172
5362,2021-08-26,11,314,Food,731,1506.56,Night,1,0.965
5363,2021-08-26,1,16,Chemicals,829,442.13,Night,0,0.256
5364,2021-08-26,17,566,Vehicles,354,633.17,Day,0,0.008
5365,2021-08-26,36,184,Textiles,759,603.78,Day,0,0.16
5366,2021-08-26,32,493,Food,1155,563.47,Day,0,0.106
5367,2021-08-26,30,72,Machinery,703,578.36,Night,0,0.07
5368,2021-08-26,3,457,Machinery,941,572.91,Day,0,0.268
5369,2021-08-26,4,412,Raw Materials,577,564.22,Day,0,0.216
5370,2021-08-26,45,96,Textiles,780,536.22,Day,0,0.066
5371,2021-08-27,16,502,Vehicles,333,525.67,Day,0,0.146
5372,2021-08-27,40,80,Electronics,540,450.14,Night,0,0.189
5373,2021-08-27,14,29,Electronics,1202,405.92,Night,0,0.086
5374,2021-08-27,24,530,Electronics,1076,464.34,Day,0,0.029
5375,2021-08-27,12,277,Vehicles,711,544.92,Night,0,0.143
5376,2021-08-27,10,369,Electronics,969,548.84,Night,0,0.25
5377,2021-08-27,37,621,Food,548,438.7,Day,0,0.191
5378,2021-08-27,9,25,Chemicals,170,559.27,Night,0,0.143
5379,2021-08-27,43,620,Raw Materials,579,475.98,Day,0,0.276
5380,2021-08-27,35,102,Textiles,638,615.29,Night,0,0.131
5381,2021-08-28,29,552,Raw Materials,1015,1308.89,Day,1,0.717
5382,2021-08-28,41,371,Food,1463,678.38,Day,0,0.145
5383,2021-08-28,18,10,Electronics,339,491.16,Day,0,0.18
5384,2021-08-28,39,249,Electronics,246,436.41,Day,0,0.077
5385,2021-08-28,41,81,Raw Materials,168,440.8,Night,0,0.189
5386,2021-08-28,2,585,Raw Materials,621,586.16,Day,0,0.082
5387,2021-08-28,28,368,Textiles,627,1273.95,Night,1,0.707
5388,2021-08-28,46,423,Raw Materials,834,499.09,Night,0,0.139
5389,2021-08-28,34,217,Vehicles,1196,537.3,Night,0,0.006
5390,2021-08-28,36,595,Raw Materials,677,483.76,Day,0,0.04
5391,2021-08-28,29,433,Electronics,494,437.81,Day,0,0.222
5392,2021-08-29,33,115,Vehicles,318,485.29,Day,0,0.115
5393,2021-08-29,12,382,Textiles,1482,565.36,Day,0,0.092
5394,2021-08-29,7,347,Machinery,244,553.83,Day,0,0.077
5395,2021-08-29,41,444,Machinery,1091,582.62,Night,0,0.263
5396,2021-08-29,7,41,Raw Materials,420,393.21,Day,0,0.036
5397,2021-08-29,30,412,Electronics,432,419.47,Night,0,0.153
5398,2021-08-30,18,389,Food,848,602.27,Night,0,0.193
5399,2021-08-30,39,185,Vehicles,731,547.88,Night,0,0.153
5400,2021-08-30,5,91,Raw Materials,1009,540.04,Day,0,0.082
5401,2021-08-30,44,286,Vehicles,1319,522.44,Night,0,0.224
5402,2021-08-30,21,589,Vehicles,645,499.22,Day,0,0.09
5403,2021-08-30,34,590,Electronics,110,484.49,Night,0,0.228
5404,2021-08-30,35,262,Chemicals,1287,486.57,Night,0,0.225
5405,2021-08-30,36,516,Textiles,137,458.97,Night,0,0.119
5406,2021-08-31,44,489,Raw Materials,621,454.37,Night,0,0.141
5407,2021-08-31,14,464,Food,608,507.1,Day,0,0.03
5408,2021-08-31,35,466,Machinery,359,529.41,Day,0,0.171
5409,2021-08-31,20,453,Raw Materials,1037,430.81,Night,0,0.017
5410,2021-08-31,40,84,Textiles,488,527.84,Day,0,0.049
5411,2021-08-31,17,130,Textiles,1447,475.07,Night,0,0.259
5412,2021-08-31,32,16,Machinery,1016,472.66,Night,0,0.035
5413,2021-08-31,41,384,Vehicles,535,521.38,Night,0,0.247
5414,2021-08-31,27,497,Vehicles,720,439.66,Day,0,0.236
5415,2021-08-31,31,493,Food,169,478.85,Day,0,0.283
5416,2021-08-31,4,139,Vehicles,137,532.9,Night,0,0.108
5417,2021-09-01,17,633,Electronics,1410,562.88,Night,0,0.161
5418,2021-09-01,30,332,Food,897,463.6,Day,0,0.065
5419,2021-09-01,17,274,Food,789,501.49,Night,0,0.117
5420,2021-09-01,44,420,Chemicals,792,427.47,Day,0,0.291
5421,2021-09-01,1,342,Textiles,799,601.57,Day,0,0.048
5422,2021-09-01,31,134,Machinery,896,482.71,Day,0,0.202
5423,2021-09-01,36,510,Vehicles,1237,473.28,Day,0,0.047
5424,2021-09-01,42,437,Electronics,580,476.39,Night,0,0.127
5425,2021-09-02,35,32,Raw Materials,1051,402.01,Day,0,0.052
5426,2021-09-02,39,293,Vehicles,838,1916.09,Day,1,0.881
5427,2021-09-02,26,106,Food,558,397.2,Night,0,0.158
5428,2021-09-02,9,285,Electronics,960,527.86,Night,0,0.169
5429,2021-09-02,5,601,Machinery,495,580.28,Day,0,0.256
5430,2021-09-02,44,483,Food,1343,494.22,Day,0,0.011
5431,2021-09-02,25,621,Food,974,490.5,Day,0,0.153
5432,2021-09-02,14,55,Vehicles,194,941.1,Night,1,0.765
5433,2021-09-02,20,594,Chemicals,527,585.53,Day,0,0.249
5434,2021-09-02,28,588,Raw Materials,670,515.18,Day,0,0.029
5435,2021-09-03,6,389,Textiles,1355,565.52,Night,0,0.254
5436,2021-09-03,27,270,Chemicals,239,566.57,Day,0,0.163
5437,2021-09-03,36,474,Food,990,570.6,Day,0,0.025
5438,2021-09-03,10,29,Raw Materials,572,467.42,Day,0,0.272
5439,2021-09-03,4,377,Machinery,1492,448.04,Night,0,0.172
5440,2021-09-03,19,194,Vehicles,1086,531.07,Day,0,0.259
5441,2021-09-04,19,163,Machinery,596,430.04,Night,0,0.165
5442,2021-09-04,21,55,Electronics,467,510.29,Day,0,0.142
5443,2021-09-04,9,82,Textiles,518,512.05,Night,0,0.285
5444,2021-09-04,22,361,Chemicals,969,463.31,Day,0,0.182
5445,2021-09-04,18,313,Vehicles,1054,598.4,Day,0,0.229
5446,2021-09-04,32,604,Vehicles,1144,641.46,Day,0,0.158
5447,2021-09-04,18,609,Raw Materials,451,610.21,Day,0,0.152
5448,2021-09-04,31,264,Raw Materials,1202,415.1,Night,0,0.185
5449,2021-09-04,4,302,Machinery,877,489.59,Day,0,0.113
5450,2021-09-04,40,391,Chemicals,676,401.83,Night,0,0.095
5451,2021-09-04,15,77,Chemicals,137,487.22,Day,0,0.002
5452,2021-09-05,7,581,Chemicals,1318,575.59,Day,0,0.084
5453,2021-09-05,45,255,Electronics,468,454.43,Night,0,0.087
5454,2021-09-05,26,228,Food,161,530.27,Night,0,0.063
5455,2021-09-05,14,65,Electronics,333,485.95,Day,0,0.133
5456,2021-09-05,15,94,Machinery,217,437.71,Day,0,0.217
5457,2021-09-05,46,68,Food,1261,533.61,Night,0,0.124
5458,2021-09-05,2,512,Electronics,478,610.08,Day,0,0.212
5459,2021-09-05,45,456,Machinery,536,513.0,Day,0,0.198
5460,2021-09-05,6,6,Vehicles,692,567.59,Day,0,0.124
5461,2021-09-05,5,565,Raw Materials,426,602.32,Day,0,0.295
5462,2021-09-05,27,80,Textiles,880,482.3,Day,0,0.254
5463,2021-09-05,38,437,Electronics,450,531.92,Night,0,0.285
5464,2021-09-06,22,556,Raw Materials,666,511.38,Day,0,0.025
5465,2021-09-06,36,32,Food,794,593.33,Day,0,0.277
5466,2021-09-06,46,116,Textiles,1384,530.82,Night,0,0.249
5467,2021-09-06,10,494,Textiles,490,522.78,Night,0,0.278
5468,2021-09-06,32,497,Machinery,201,429.11,Night,0,0.077
5469,2021-09-06,33,341,Chemicals,748,504.95,Night,0,0.054
5470,2021-09-06,26,268,Machinery,1309,525.51,Day,0,0.199
5471,2021-09-07,33,425,Raw Materials,1107,497.79,Day,0,0.155
5472,2021-09-07,32,511,Raw Materials,337,548.89,Day,0,0.167
5473,2021-09-07,7,392,Food,1239,538.4,Day,0,0.236
5474,2021-09-07,22,363,Electronics,1240,510.27,Night,0,0.148
5475,2021-09-07,36,391,Electronics,637,490.72,Night,0,0.272
5476,2021-09-07,18,141,Raw Materials,396,526.31,Night,0,0.148
5477,2021-09-07,41,20,Vehicles,809,510.87,Day,0,0.068
5478,2021-09-07,43,525,Raw Materials,462,478.08,Night,0,0.076
5479,2021-09-07,40,455,Food,392,500.22,Day,0,0.151
5480,2021-09-07,19,154,Machinery,882,554.64,Day,0,0.024
5481,2021-09-07,42,11,Machinery,1195,532.16,Day,0,0.173
5482,2021-09-08,43,232,Machinery,941,524.97,Night,0,0.205
5483,2021-09-08,21,258,Raw Materials,1040,1444.48,Day,1,0.704
5484,2021-09-08,45,469,Raw Materials,327,448.52,Night,0,0.161
5485,2021-09-08,1,6,Machinery,1233,496.82,Night,0,0.109
5486,2021-09-08,28,106,Machinery,1087,562.13,Night,0,0.13
5487,2021-09-08,32,135,Textiles,426,513.95,Day,0,0.09
5488,2021-09-08,8,266,Electronics,1400,494.98,Day,0,0.045
5489,2021-09-09,11,464,Vehicles,844,472.23,Day,0,0.286
5490,2021-09-09,30,288,Textiles,1488,485.48,Day,0,0.051
5491,2021-09-09,3,354,Raw Materials,686,475.58,Night,0,0.177
5492,2021-09-09,35,553,Electronics,461,462.65,Day,0,0.05
5493,2021-09-09,26,133,Textiles,542,431.24,Day,0,0.162
5494,2021-09-09,10,367,Raw Materials,1447,1171.95,Night,1,0.821
5495,2021-09-09,42,173,Vehicles,1438,477.24,Day,0,0.27
5496,2021-09-09,22,634,Textiles,316,541.32,Night,0,0.117
5497,2021-09-10,5,447,Chemicals,1272,438.59,Night,0,0.258
5498,2021-09-10,13,396,Chemicals,836,564.98,Day,0,0.259
5499,2021-09-10,33,500,Chemicals,224,491.58,Day,0,0.108
5500,2021-09-10,36,21,Textiles,649,1233.12,Night,1,0.94
5501,2021-09-10,30,210,Electronics,1197,579.15,Night,0,0.035
5502,2021-09-10,4,53,Machinery,897,465.6,Day,0,0.088
5503,2021-09-10,19,247,Electronics,111,508.13,Day,0,0.094
5504,2021-09-10,42,425,Vehicles,1192,525.46,Day,0,0.256
5505,2021-09-10,41,509,Machinery,665,417.71,Day,0,0.112
5506,2021-09-11,1,292,Machinery,1350,480.85,Night,0,0.191
5507,2021-09-11,21,568,Electronics,638,504.34,Day,0,0.173
5508,2021-09-11,11,467,Food,854,509.13,Night,0,0.056
5509,2021-09-11,44,49,Vehicles,202,501.64,Night,0,0.278
5510,2021-09-11,21,503,Food,1087,492.51,Night,0,0.163
5511,2021-09-11,1,555,Chemicals,1092,512.87,Night,0,0.15
5512,2021-09-11,1,456,Food,744,562.14,Day,0,0.004
5513,2021-09-11,45,144,Electronics,754,547.93,Night,0,0.099
5514,2021-09-11,17,480,Electronics,996,420.99,Day,0,0.142
5515,2021-09-11,23,14,Electronics,526,556.76,Night,0,0.263
5516,2021-09-11,41,274,Textiles,150,501.43,Day,0,0.028
5517,2021-09-11,19,105,Electronics,106,1024.83,Day,1,0.993
5518,2021-09-12,22,439,Chemicals,415,508.08,Day,0,0.21
5519,2021-09-12,10,392,Machinery,563,407.91,Night,0,0.17
5520,2021-09-12,10,379,Raw Materials,517,503.93,Day,0,0.113
5521,2021-09-12,4,376,Chemicals,942,529.93,Night,0,0.249
5522,2021-09-12,8,209,Chemicals,1348,467.05,Night,0,0.185
5523,2021-09-12,9,321,Textiles,554,557.96,Day,0,0.057
5524,2021-09-13,14,438,Vehicles,499,470.65,Night,0,0.092
5525,2021-09-13,21,611,Food,961,1396.73,Night,1,0.796
5526,2021-09-13,7,301,Vehicles,576,501.75,Night,0,0.279
5527,2021-09-13,7,547,Textiles,1227,438.02,Night,0,0.072
5528,2021-09-13,44,48,Chemicals,116,442.21,Day,0,0.243
5529,2021-09-13,14,247,Vehicles,1161,438.32,Day,0,0.171
5530,2021-09-13,1,149,Electronics,1350,489.38,Night,0,0.198
5531,2021-09-13,32,17,Electronics,149,499.9,Night,0,0.275
5532,2021-09-14,28,528,Machinery,182,466.41,Night,0,0.196
5533,2021-09-14,25,44,Machinery,744,446.18,Day,0,0.128
5534,2021-09-14,27,516,Food,520,526.64,Day,0,0.146
5535,2021-09-14,34,60,Chemicals,488,513.99,Day,0,0.028
5536,2021-09-14,38,556,Food,1050,523.18,Day,0,0.189
5537,2021-09-14,30,371,Textiles,911,520.68,Day,0,0.188
5538,2021-09-14,42,424,Machinery,1042,514.32,Day,0,0.296
5539,2021-09-14,12,518,Machinery,1215,1798.26,Day,1,0.97
5540,2021-09-14,33,537,Chemicals,1096,522.86,Day,0,0.093
5541,2021-09-15,11,379,Textiles,1476,515.56,Day,0,0.127
5542,2021-09-15,5,461,Chemicals,1392,563.86,Day,0,0.2
5543,2021-09-15,40,468,Electronics,544,541.72,Night,0,0.079
5544,2021-09-15,1,633,Vehicles,629,568.91,Night,0,0.159
5545,2021-09-15,30,565,Raw Materials,656,586.59,Day,0,0.125
5546,2021-09-15,21,553,Vehicles,1037,491.33,Night,0,0.19
5547,2021-09-15,25,62,Electronics,543,653.03,Day,0,0.127
5548,2021-09-15,28,425,Electronics,755,576.15,Night,0,0.182
5549,2021-09-15,37,488,Chemicals,1411,561.34,Night,0,0.253
5550,2021-09-15,14,456,Vehicles,784,522.53,Day,0,0.252
5551,2021-09-15,29,110,Machinery,1177,500.27,Day,0,0.024
5552,2021-09-15,21,499,Chemicals,1393,512.57,Day,0,0.06
5553,2021-09-16,19,172,Raw Materials,1078,482.76,Day,0,0.144
5554,2021-09-16,39,283,Chemicals,502,458.07,Night,0,0.149
5555,2021-09-16,35,163,Chemicals,179,418.59,Night,0,0.13
5556,2021-09-16,3,541,Raw Materials,128,601.15,Night,0,0.132
5557,2021-09-16,18,411,Electronics,335,471.69,Night,0,0.116
5558,2021-09-16,8,615,Textiles,1456,582.41,Night,0,0.128
5559,2021-09-17,9,324,Vehicles,715,539.67,Night,0,0.121
5560,2021-09-17,12,625,Textiles,1343,579.51,Day,0,0.139
5561,2021-09-17,9,431,Textiles,655,578.2,Night,0,0.297
5562,2021-09-17,17,107,Textiles,435,516.27,Day,0,0.277
5563,2021-09-17,15,571,Vehicles,1200,380.79,Night,0,0.241
5564,2021-09-17,35,621,Chemicals,417,487.45,Night,0,0.264
5565,2021-09-17,28,514,Chemicals,1253,471.66,Night,0,0.068
5566,2021-09-17,26,382,Food,1413,539.67,Night,0,0.168
5567,2021-09-17,20,206,Vehicles,262,474.84,Night,0,0.123
5568,2021-09-17,31,238,Electronics,1426,432.83,Night,0,0.016
5569,2021-09-17,5,153,Machinery,684,1712.2,Night,1,0.723
5570,2021-09-18,3,581,Electronics,196,470.09,Day,0,0.129
5571,2021-09-18,23,608,Food,795,635.48,Night,0,0.016
5572,2021-09-18,31,532,Raw Materials,919,485.74,Night,0,0.221
5573,2021-09-18,32,306,Raw Materials,108,550.63,Day,0,0.039
5574,2021-09-18,43,564,Vehicles,504,490.6,Night,0,0.232
5575,2021-09-18,13,162,Machinery,912,445.35,Day,0,0.266
5576,2021-09-18,3,459,Vehicles,1189,582.34,Day,0,0.121
5577,2021-09-18,5,121,Electronics,537,475.46,Night,0,0.107
5578,2021-09-18,2,417,Chemicals,402,466.54,Night,0,0.298
5579,2021-09-18,17,252,Raw Materials,1278,463.72,Night,0,0.042
5580,2021-09-19,44,365,Raw Materials,755,437.19,Day,0,0.085
5581,2021-09-19,32,270,Electronics,942,584.39,Day,0,0.263
5582,2021-09-19,13,563,Food,835,526.61,Night,0,0.27
5583,2021-09-19,32,325,Electronics,633,509.2,Day,0,0.049
5584,2021-09-19,34,169,Electronics,302,427.67,Day,0,0.282
5585,2021-09-19,15,21,Vehicles,374,448.68,Day,0,0.088
5586,2021-09-19,19,233,Raw Materials,397,479.6,Day,0,0.093
5587,2021-09-19,44,468,Machinery,1417,492.9,Night,0,0.299
5588,2021-09-19,31,466,Food,1403,420.98,Day,0,0.118
5589,2021-09-20,40,493,Raw Materials,1144,532.1,Day,0,0.239
5590,2021-09-20,27,462,Electronics,165,599.36,Day,0,0.133
5591,2021-09-20,19,299,Textiles,1140,548.75,Day,0,0.191
5592,2021-09-20,9,125,Textiles,359,555.41,Day,0,0.152
5593,2021-09-20,39,482,Raw Materials,468,1455.19,Day,1,0.841
5594,2021-09-20,37,582,Food,1182,598.24,Day,0,0.069
5595,2021-09-20,44,360,Food,339,399.07,Night,0,0.061
5596,2021-09-20,17,282,Vehicles,1057,386.35,Day,0,0.154
5597,2021-09-21,27,222,Vehicles,590,465.6,Day,0,0.097
5598,2021-09-21,29,553,Raw Materials,767,495.65,Night,0,0.223
5599,2021-09-21,14,127,Textiles,434,517.13,Day,0,0.118
5600,2021-09-21,41,156,Vehicles,1146,507.45,Day,0,0.077
5601,2021-09-21,32,567,Raw Materials,1051,503.51,Day,0,0.111
5602,2021-09-21,2,455,Textiles,859,471.92,Day,0,0.216
5603,2021-09-22,26,134,Vehicles,545,516.13,Night,0,0.214
5604,2021-09-22,13,134,Food,1027,540.67,Night,0,0.287
5605,2021-09-22,32,621,Food,1105,596.52,Day,0,0.223
5606,2021-09-22,42,248,Textiles,1159,522.5,Night,0,0.199
5607,2021-09-22,11,196,Raw Materials,499,424.26,Night,0,0.09
5608,2021-09-22,18,275,Raw Materials,1490,584.9,Day,0,0.164
5609,2021-09-22,15,520,Machinery,1264,521.27,Night,0,0.223
5610,2021-09-22,2,104,Raw Materials,820,522.98,Night,0,0.181
5611,2021-09-22,37,322,Machinery,681,426.98,Day,0,0.298
5612,2021-09-22,7,370,Vehicles,558,530.55,Night,0,0.061
5613,2021-09-22,42,457,Electronics,1462,519.58,Day,0,0.269
5614,2021-09-23,40,434,Raw Materials,1051,552.21,Day,0,0.189
5615,2021-09-23,10,116,Raw Materials,141,506.87,Day,0,0.092
5616,2021-09-23,40,577,Raw Materials,1168,494.38,Night,0,0.227
5617,2021-09-23,30,58,Food,347,422.99,Day,0,0.269
5618,2021-09-23,4,432,Electronics,1357,430.35,Day,0,0.099
5619,2021-09-23,14,508,Textiles,526,533.11,Night,0,0.272
5620,2021-09-24,11,510,Vehicles,888,558.6,Night,0,0.054
5621,2021-09-24,33,626,Food,498,597.98,Night,0,0.201
5622,2021-09-24,14,552,Chemicals,1444,1432.55,Night,1,0.881
5623,2021-09-24,7,318,Food,1439,449.6,Night,0,0.178
5624,2021-09-24,37,385,Food,1489,444.95,Night,0,0.292
5625,2021-09-24,42,394,Vehicles,638,1355.24,Day,1,0.98
5626,2021-09-24,10,505,Vehicles,252,448.35,Night,0,0.135
5627,2021-09-24,15,424,Electronics,1425,468.77,Night,0,0.162
5628,2021-09-24,23,91,Raw Materials,162,506.34,Day,0,0.027
5629,2021-09-24,35,445,Chemicals,138,423.5,Night,0,0.249
5630,2021-09-24,24,425,Electronics,1368,514.11,Night,0,0.121
5631,2021-09-25,44,386,Electronics,781,543.19,Day,0,0.0
5632,2021-09-25,6,2,Machinery,1439,526.19,Day,0,0.136
5633,2021-09-25,45,312,Food,958,558.27,Night,0,0.118
5634,2021-09-25,30,198,Textiles,1416,430.03,Day,0,0.292
5635,2021-09-25,6,61,Electronics,987,431.73,Night,0,0.241
5636,2021-09-25,10,248,Electronics,1353,516.98,Day,0,0.267
5637,2021-09-25,28,191,Food,1093,444.15,Day,0,0.251
5638,2021-09-25,22,226,Chemicals,125,423.15,Night,0,0.233
5639,2021-09-25,19,169,Machinery,1181,598.37,Day,0,0.174
5640,2021-09-26,37,387,Food,215,544.55,Day,0,0.258
5641,2021-09-26,4,443,Electronics,913,474.56,Night,0,0.138
5642,2021-09-26,22,591,Food,342,503.4,Day,0,0.197
5643,2021-09-26,37,481,Textiles,982,489.8,Night,0,0.086
5644,2021-09-26,29,34,Vehicles,199,473.39,Night,0,0.081
5645,2021-09-26,27,71,Chemicals,1339,1654.14,Day,1,0.847
5646,2021-09-27,20,481,Raw Materials,1253,461.76,Night,0,0.272
5647,2021-09-27,10,263,Machinery,813,413.58,Day,0,0.161
5648,2021-09-27,28,182,Food,1128,399.2,Night,0,0.209
5649,2021-09-27,1,37,Electronics,764,488.06,Night,0,0.106
5650,2021-09-27,8,200,Machinery,1026,600.97,Day,0,0.218
5651,2021-09-27,6,68,Machinery,1013,504.14,Night,0,0.005
5652,2021-09-27,11,548,Food,930,473.07,Day,0,0.183
5653,2021-09-27,8,246,Electronics,960,519.39,Night,0,0.192
5654,2021-09-27,43,222,Food,1267,502.75,Day,0,0.071
5655,2021-09-27,35,88,Electronics,1438,509.97,Day,0,0.218
5656,2021-09-28,16,391,Electronics,664,493.6,Day,0,0.178
5657,2021-09-28,20,443,Food,1325,497.39,Night,0,0.164
5658,2021-09-28,22,101,Textiles,622,583.26,Day,0,0.148
5659,2021-09-28,37,96,Textiles,428,409.64,Day,0,0.006
5660,2021-09-28,33,437,Vehicles,965,558.38,Day,0,0.157
5661,2021-09-28,19,316,Machinery,1408,453.12,Day,0,0.143
5662,2021-09-28,30,156,Chemicals,104,524.4,Night,0,0.26
5663,2021-09-28,4,571,Food,1162,538.95,Day,0,0.3
5664,2021-09-28,1,262,Machinery,1307,467.24,Night,0,0.097
5665,2021-09-28,31,181,Electronics,168,500.69,Night,0,0.224
5666,2021-09-28,34,424,Machinery,811,552.86,Day,0,0.183
5667,2021-09-29,10,318,Vehicles,1058,453.44,Night,0,0.081
5668,2021-09-29,23,519,Chemicals,843,545.82,Day,0,0.172
5669,2021-09-29,6,11,Raw Materials,926,506.16,Day,0,0.04
5670,2021-09-29,10,454,Vehicles,1069,547.86,Night,0,0.098
5671,2021-09-29,20,170,Textiles,452,499.32,Night,0,0.111
5672,2021-09-29,13,285,Textiles,472,579.15,Night,0,0.157
5673,2021-09-29,1,121,Food,1427,547.63,Day,0,0.234
5674,2021-09-30,24,106,Textiles,1217,461.57,Day,0,0.109
5675,2021-09-30,24,255,Chemicals,1063,482.56,Day,0,0.148
5676,2021-09-30,8,474,Chemicals,754,554.04,Night,0,0.294
5677,2021-09-30,15,151,Chemicals,614,482.32,Night,0,0.105
5678,2021-09-30,31,590,Food,995,510.44,Night,0,0.002
5679,2021-09-30,13,229,Electronics,125,464.69,Night,0,0.231
5680,2021-09-30,34,46,Raw Materials,1161,524.69,Night,0,0.268
5681,2021-09-30,3,488,Textiles,876,545.23,Day,0,0.225
5682,2021-09-30,37,194,Electronics,976,565.15,Night,0,0.047
5683,2021-09-30,41,370,Vehicles,545,449.18,Night,0,0.162
5684,2021-09-30,44,140,Chemicals,515,529.13,Night,0,0.199
5685,2021-10-01,30,383,Electronics,272,442.74,Day,0,0.135
5686,2021-10-01,2,221,Raw Materials,295,579.57,Night,0,0.262
5687,2021-10-01,29,489,Raw Materials,877,549.92,Night,0,0.126
5688,2021-10-01,32,92,Machinery,1308,466.85,Day,0,0.142
5689,2021-10-01,34,32,Chemicals,1136,545.41,Night,0,0.299
5690,2021-10-01,12,154,Vehicles,1352,618.02,Day,0,0.248
5691,2021-10-01,29,373,Raw Materials,1421,436.52,Day,0,0.086
5692,2021-10-01,8,163,Machinery,416,494.65,Night,0,0.046
5693,2021-10-01,35,211,Raw Materials,935,540.76,Night,0,0.039
5694,2021-10-02,44,396,Chemicals,1160,448.22,Day,0,0.023
5695,2021-10-02,44,386,Vehicles,985,427.07,Day,0,0.18
5696,2021-10-02,22,77,Machinery,1447,470.82,Day,0,0.06
5697,2021-10-02,10,632,Electronics,880,576.76,Day,0,0.113
5698,2021-10-02,20,190,Textiles,864,543.57,Night,0,0.238
5699,2021-10-02,7,59,Machinery,1433,515.07,Day,0,0.1
5700,2021-10-02,42,426,Food,1383,1501.46,Day,1,0.884
5701,2021-10-02,5,144,Food,444,442.16,Day,0,0.238
5702,2021-10-02,1,562,Raw Materials,163,499.89,Night,0,0.028
5703,2021-10-02,1,472,Food,1320,512.76,Day,0,0.12
5704,2021-10-03,27,524,Textiles,1431,413.35,Day,0,0.168
5705,2021-10-03,33,294,Raw Materials,657,532.72,Night,0,0.034
5706,2021-10-03,13,178,Raw Materials,1112,583.06,Night,0,0.256
5707,2021-10-03,14,573,Raw Materials,248,524.96,Day,0,0.016
5708,2021-10-03,20,239,Vehicles,592,1395.33,Night,1,0.841
5709,2021-10-03,32,338,Textiles,635,542.24,Night,0,0.288
5710,2021-10-03,5,539,Food,1047,582.87,Night,0,0.027
5711,2021-10-04,15,108,Chemicals,891,450.81,Day,0,0.002
5712,2021-10-04,4,135,Electronics,372,560.14,Day,0,0.158
5713,2021-10-04,29,18,Chemicals,600,538.89,Night,0,0.163
5714,2021-10-04,6,82,Textiles,441,1044.3,Night,1,0.957
5715,2021-10-04,8,391,Chemicals,1028,531.93,Night,0,0.17
5716,2021-10-04,1,589,Chemicals,298,560.05,Night,0,0.006
5717,2021-10-04,5,471,Raw Materials,763,561.7,Day,0,0.047
5718,2021-10-04,35,19,Chemicals,1456,521.92,Day,0,0.01
5719,2021-10-04,2,580,Raw Materials,1322,531.37,Day,0,0.083
5720,2021-10-04,40,397,Raw Materials,583,526.42,Day,0,0.011
5721,2021-10-04,30,508,Machinery,420,597.83,Day,0,0.209
5722,2021-10-05,36,8,Vehicles,519,505.99,Night,0,0.266
5723,2021-10-05,23,235,Chemicals,842,636.5,Day,0,0.126
5724,2021-10-05,21,70,Food,1280,529.87,Day,0,0.282
5725,2021-10-05,32,251,Food,1463,602.38,Day,0,0.062
5726,2021-10-05,43,129,Textiles,910,536.62,Day,0,0.017
5727,2021-10-05,38,154,Electronics,1078,466.2,Night,0,0.17
5728,2021-10-05,44,430,Food,589,563.79,Night,0,0.015
5729,2021-10-05,25,231,Machinery,669,530.25,Night,0,0.262
5730,2021-10-05,2,12,Raw Materials,1231,569.66,Day,0,0.118
5731,2021-10-05,44,387,Food,189,526.29,Night,0,0.195
5732,2021-10-06,26,372,Raw Materials,136,536.27,Day,0,0.077
5733,2021-10-06,41,380,Textiles,1483,483.24,Night,0,0.223
5734,2021-10-06,42,166,Electronics,1128,382.5,Day,0,0.194
5735,2021-10-06,39,22,Chemicals,446,542.16,Day,0,0.18
5736,2021-10-06,36,619,Machinery,132,522.84,Day,0,0.034
5737,2021-10-06,32,358,Machinery,803,623.58,Day,0,0.048
5738,2021-10-06,30,485,Raw Materials,142,602.96,Night,0,0.028
5739,2021-10-06,26,164,Vehicles,1405,570.86,Day,0,0.059
5740,2021-10-07,44,442,Machinery,1201,467.38,Night,0,0.261
5741,2021-10-07,36,512,Electronics,391,530.59,Day,0,0.167
5742,2021-10-07,32,83,Raw Materials,565,483.81,Day,0,0.202
5743,2021-10-07,15,292,Machinery,704,545.41,Night,0,0.289
5744,2021-10-07,31,118,Food,790,522.33,Night,0,0.259
5745,2021-10-07,24,595,Food,131,1880.97,Night,1,0.969
5746,2021-10-07,28,597,Food,1063,497.84,Night,0,0.095
5747,2021-10-07,17,139,Vehicles,384,461.2,Night,0,0.011
5748,2021-10-07,40,26,Food,762,475.14,Day,0,0.156
5749,2021-10-07,17,441,Machinery,184,1264.88,Night,1,0.848
5750,2021-10-08,28,14,Chemicals,843,533.52,Day,0,0.097
5751,2021-10-08,13,83,Food,291,468.4,Day,0,0.008
5752,2021-10-08,37,355,Electronics,1107,512.68,Night,0,0.204
5753,2021-10-08,7,398,Machinery,1357,601.36,Day,0,0.049
5754,2021-10-08,8,457,Textiles,518,526.83,Day,0,0.254
5755,2021-10-08,26,634,Electronics,1212,578.37,Day,0,0.293
5756,2021-10-08,28,112,Raw Materials,224,563.28,Day,0,0.283
5757,2021-10-08,19,396,Vehicles,937,625.16,Night,0,0.139
5758,2021-10-08,23,392,Food,197,309.64,Day,0,0.277
5759,2021-10-08,4,80,Chemicals,1274,471.37,Night,0,0.005
5760,2021-10-08,38,593,Textiles,984,514.39,Day,0,0.043
5761,2021-10-08,23,343,Food,588,415.94,Day,0,0.1
5762,2021-10-09,16,191,Food,1255,477.36,Night,0,0.229
5763,2021-10-09,8,577,Raw Materials,814,575.47,Day,0,0.231
5764,2021-10-09,3,347,Electronics,986,608.31,Day,0,0.267
5765,2021-10-09,43,555,Raw Materials,208,538.88,Day,0,0.031
5766,2021-10-09,28,487,Raw Materials,922,620.19,Night,0,0.209
5767,2021-10-09,5,596,Vehicles,135,484.93,Day,0,0.174
5768,2021-10-10,39,363,Food,727,583.54,Night,0,0.212
5769,2021-10-10,2,447,Food,606,426.69,Day,0,0.166
5770,2021-10-10,20,252,Raw Materials,1397,519.79,Day,0,0.24
5771,2021-10-10,27,508,Textiles,744,466.65,Night,0,0.113
5772,2021-10-10,27,233,Vehicles,1074,496.08,Day,0,0.289
5773,2021-10-10,15,501,Chemicals,1485,559.26,Day,0,0.296
5774,2021-10-11,27,416,Vehicles,323,455.37,Night,0,0.08
5775,2021-10-11,44,240,Chemicals,143,538.5,Night,0,0.069
5776,2021-10-11,37,520,Machinery,1220,468.32,Night,0,0.19
5777,2021-10-11,28,35,Raw Materials,1384,528.3,Night,0,0.048
5778,2021-10-11,18,191,Machinery,592,509.57,Day,0,0.219
5779,2021-10-11,14,474,Textiles,192,629.88,Day,0,0.079
5780,2021-10-11,19,77,Food,1480,563.75,Day,0,0.036
5781,2021-10-11,28,576,Machinery,354,606.03,Day,0,0.115
5782,2021-10-12,2,456,Food,1044,551.98,Day,0,0.266
5783,2021-10-12,15,353,Electronics,674,519.02,Night,0,0.28
5784,2021-10-12,20,463,Electronics,1435,478.43,Day,0,0.119
5785,2021-10-12,35,335,Machinery,924,1481.34,Day,1,0.894
5786,2021-10-12,39,275,Textiles,498,1427.96,Day,1,0.9
5787,2021-10-12,31,520,Machinery,864,521.86,Day,0,0.014
5788,2021-10-12,44,271,Textiles,1500,514.4,Day,0,0.225
5789,2021-10-13,9,289,Machinery,478,422.94,Night,0,0.14
5790,2021-10-13,17,387,Raw Materials,1216,483.62,Day,0,0.229
5791,2021-10-13,28,207,Food,1255,537.49,Day,0,0.135
5792,2021-10-13,9,156,Textiles,114,514.76,Day,0,0.002
5793,2021-10-13,15,4,Food,1262,523.13,Day,0,0.124
5794,2021-10-13,38,190,Chemicals,1248,504.31,Night,0,0.122
5795,2021-10-13,7,209,Vehicles,1072,461.07,Day,0,0.146
5796,2021-10-13,45,572,Textiles,253,437.18,Day,0,0.269
5797,2021-10-13,43,594,Food,1131,520.64,Day,0,0.06
5798,2021-10-13,32,65,Electronics,1434,503.57,Night,0,0.151
5799,2021-10-13,5,485,Machinery,127,533.92,Night,0,0.004
5800,2021-10-14,27,257,Electronics,793,569.89,Day,0,0.074
5801,2021-10-14,6,428,Textiles,252,523.42,Night,0,0.183
5802,2021-10-14,15,617,Vehicles,1261,577.89,Night,0,0.227
5803,2021-10-14,4,570,Raw Materials,476,545.68,Day,0,0.082
5804,2021-10-14,37,357,Textiles,748,436.55,Day,0,0.232
5805,2021-10-14,38,529,Chemicals,457,528.9,Day,0,0.154
5806,2021-10-14,7,88,Machinery,1476,507.74,Night,0,0.234
5807,2021-10-15,15,54,Machinery,1231,574.37,Night,0,0.147
5808,2021-10-15,6,284,Raw Materials,408,528.81,Day,0,0.299
5809,2021-10-15,17,302,Electronics,424,563.08,Night,0,0.038
5810,2021-10-15,36,458,Textiles,775,514.46,Night,0,0.064
5811,2021-10-15,29,558,Vehicles,243,485.7,Night,0,0.239
5812,2021-10-15,30,418,Vehicles,951,524.52,Day,0,0.056
5813,2021-10-15,42,340,Vehicles,591,456.46,Day,0,0.128
5814,2021-10-16,31,299,Vehicles,945,556.32,Day,0,0.075
5815,2021-10-16,15,426,Vehicles,599,476.94,Night,0,0.111
5816,2021-10-16,6,520,Food,553,449.34,Night,0,0.136
5817,2021-10-16,46,508,Textiles,382,481.89,Night,0,0.07
5818,2021-10-16,5,549,Machinery,697,495.2,Day,0,0.263
5819,2021-10-16,11,195,Electronics,677,1318.14,Night,1,0.954
5820,2021-10-16,32,64,Electronics,1081,541.93,Day,0,0.052
5821,2021-10-16,22,602,Machinery,322,505.16,Day,0,0.123
5822,2021-10-16,11,604,Electronics,556,398.81,Night,0,0.152
5823,2021-10-16,2,312,Machinery,623,541.63,Day,0,0.247
5824,2021-10-16,1,525,Food,753,518.58,Night,0,0.005
5825,2021-10-16,27,105,Electronics,1115,551.36,Night,0,0.237
5826,2021-10-17,6,241,Textiles,722,1348.06,Day,1,0.938
5827,2021-10-17,38,298,Food,187,616.89,Day,0,0.109
5828,2021-10-17,21,487,Textiles,874,554.07,Night,0,0.045
5829,2021-10-17,5,12,Vehicles,106,495.19,Night,0,0.101
5830,2021-10-17,21,491,Textiles,1381,470.34,Day,0,0.251
5831,2021-10-17,8,53,Electronics,158,482.86,Night,0,0.122
5832,2021-10-17,44,69,Chemicals,262,366.17,Night,0,0.122
5833,2021-10-17,45,169,Food,867,447.25,Night,0,0.153
5834,2021-10-17,19,219,Raw Materials,892,554.05,Day,0,0.293
5835,2021-10-17,22,470,Raw Materials,841,492.83,Night,0,0.057
5836,2021-10-17,12,428,Food,498,594.7,Day,0,0.157
5837,2021-10-18,41,318,Textiles,919,496.49,Night,0,0.256
5838,2021-10-18,44,119,Raw Materials,755,500.59,Night,0,0.011
5839,2021-10-18,7,297,Chemicals,958,634.3,Day,0,0.078
5840,2021-10-18,7,142,Electronics,1254,482.65,Night,0,0.26
5841,2021-10-18,40,58,Chemicals,1441,497.8,Day,0,0.18
5842,2021-10-18,45,299,Chemicals,243,425.44,Night,0,0.025
5843,2021-10-18,13,282,Food,1000,453.55,Night,0,0.143
5844,2021-10-19,26,397,Chemicals,611,468.62,Night,0,0.192
5845,2021-10-19,27,357,Raw Materials,1179,566.35,Night,0,0.204
5846,2021-10-19,7,54,Electronics,583,488.4,Night,0,0.137
5847,2021-10-19,25,499,Raw Materials,1287,471.53,Night,0,0.216
5848,2021-10-19,9,278,Machinery,546,443.98,Night,0,0.177
5849,2021-10-19,31,322,Raw Materials,1024,495.41,Night,0,0.251
5850,2021-10-19,20,343,Vehicles,148,487.33,Night,0,0.161
5851,2021-10-19,40,285,Chemicals,1246,564.66,Night,0,0.176
5852,2021-10-20,37,286,Chemicals,1482,493.55,Day,0,0.146
5853,2021-10-20,35,534,Raw Materials,1136,467.93,Night,0,0.002
5854,2021-10-20,31,531,Chemicals,1256,495.84,Night,0,0.296
5855,2021-10-20,20,126,Food,1296,586.28,Day,0,0.183
5856,2021-10-20,44,289,Food,1055,522.73,Night,0,0.137
5857,2021-10-20,29,142,Food,658,478.78,Night,0,0.019
5858,2021-10-20,39,343,Machinery,1429,532.36,Night,0,0.143
5859,2021-10-20,4,468,Electronics,1356,511.91,Night,0,0.239
5860,2021-10-20,16,460,Textiles,163,531.74,Day,0,0.124
5861,2021-10-21,39,118,Textiles,1435,467.51,Day,0,0.0
5862,2021-10-21,31,367,Electronics,491,468.96,Day,0,0.202
5863,2021-10-21,14,616,Food,906,587.51,Day,0,0.299
5864,2021-10-21,31,312,Raw Materials,601,500.95,Night,0,0.295
5865,2021-10-21,31,69,Chemicals,932,453.8,Night,0,0.158
5866,2021-10-21,5,414,Raw Materials,563,538.09,Day,0,0.118
5867,2021-10-21,35,123,Electronics,505,548.22,Day,0,0.205
5868,2021-10-21,40,529,Food,155,557.61,Night,0,0.121
5869,2021-10-21,24,284,Machinery,162,506.71,Night,0,0.289
5870,2021-10-21,16,263,Food,311,467.0,Night,0,0.196
5871,2021-10-22,11,50,Raw Materials,256,472.17,Day,0,0.269
5872,2021-10-22,33,168,Electronics,1480,422.88,Day,0,0.247
5873,2021-10-22,23,253,Food,153,491.37,Night,0,0.186
5874,2021-10-22,39,41,Electronics,1331,544.79,Day,0,0.066
5875,2021-10-22,6,324,Raw Materials,715,561.81,Day,0,0.278
5876,2021-10-22,41,468,Textiles,646,500.76,Night,0,0.044
5877,2021-10-22,28,530,Raw Materials,290,486.46,Night,0,0.275
5878,2021-10-22,37,203,Chemicals,589,487.1,Day,0,0.131
5879,2021-10-22,40,319,Electronics,291,471.96,Day,0,0.118
5880,2021-10-23,6,425,Textiles,845,499.13,Day,0,0.124
5881,2021-10-23,5,15,Electronics,1194,484.6,Day,0,0.297
5882,2021-10-23,16,185,Food,387,551.24,Night,0,0.19
5883,2021-10-23,28,379,Food,979,509.72,Night,0,0.018
5884,2021-10-23,35,288,Machinery,1483,482.27,Night,0,0.078
5885,2021-10-23,44,54,Raw Materials,1332,584.74,Day,0,0.212
5886,2021-10-23,33,617,Food,1491,514.04,Day,0,0.1
5887,2021-10-23,14,348,Raw Materials,468,460.08,Night,0,0.038
5888,2021-10-23,35,433,Machinery,1146,575.29,Day,0,0.228
5889,2021-10-24,33,291,Raw Materials,782,534.99,Night,0,0.232
5890,2021-10-24,30,280,Textiles,749,1498.62,Day,1,0.861
5891,2021-10-24,9,267,Raw Materials,808,500.21,Day,0,0.214
5892,2021-10-24,5,135,Machinery,1363,1387.09,Day,1,0.829
5893,2021-10-24,7,358,Chemicals,1409,471.06,Night,0,0.07
5894,2021-10-24,21,548,Machinery,733,536.09,Night,0,0.229
5895,2021-10-24,17,278,Textiles,133,1412.68,Day,1,0.749
5896,2021-10-24,14,111,Electronics,1067,460.95,Night,0,0.073
5897,2021-10-24,22,194,Raw Materials,177,497.5,Day,0,0.19
5898,2021-10-24,12,163,Chemicals,151,524.68,Night,0,0.204
5899,2021-10-24,46,377,Vehicles,883,538.92,Night,0,0.149
5900,2021-10-24,25,354,Textiles,549,409.91,Night,0,0.243
5901,2021-10-25,16,617,Chemicals,246,589.11,Night,0,0.162
5902,2021-10-25,33,362,Textiles,1000,524.09,Night,0,0.056
5903,2021-10-25,34,16,Machinery,468,480.71,Night,0,0.134
5904,2021-10-25,13,13,Textiles,1333,413.11,Day,0,0.244
5905,2021-10-25,41,603,Machinery,1400,524.87,Night,0,0.088
5906,2021-10-25,27,162,Vehicles,872,494.54,Night,0,0.001
5907,2021-10-25,14,161,Electronics,1194,513.33,Night,0,0.136
5908,2021-10-25,22,55,Vehicles,370,1116.23,Day,1,0.994
5909,2021-10-25,9,47,Machinery,1298,584.65,Night,0,0.062
5910,2021-10-25,2,409,Textiles,614,449.6,Night,0,0.148
5911,2021-10-26,11,43,Food,1388,536.54,Day,0,0.004
5912,2021-10-26,31,242,Textiles,1090,440.46,Day,0,0.162
5913,2021-10-26,40,1,Electronics,470,524.15,Day,0,0.273
5914,2021-10-26,40,74,Textiles,1390,504.35,Night,0,0.038
5915,2021-10-26,28,85,Machinery,1456,452.2,Night,0,0.147
5916,2021-10-26,37,226,Chemicals,1007,531.06,Night,0,0.11
5917,2021-10-26,45,26,Electronics,494,496.22,Day,0,0.024
5918,2021-10-26,34,227,Electronics,776,521.38,Day,0,0.171
5919,2021-10-26,3,61,Food,242,510.1,Night,0,0.209
5920,2021-10-26,14,39,Electronics,707,443.62,Night,0,0.257
5921,2021-10-27,7,408,Chemicals,534,610.88,Night,0,0.222
5922,2021-10-27,18,486,Electronics,879,1616.87,Day,1,0.829
5923,2021-10-27,42,243,Machinery,1182,436.12,Night,0,0.037
5924,2021-10-27,8,41,Machinery,429,483.63,Day,0,0.008
5925,2021-10-27,43,264,Textiles,1191,492.32,Night,0,0.137
5926,2021-10-27,23,401,Machinery,1406,426.63,Night,0,0.129
5927,2021-10-27,22,553,Machinery,846,516.7,Night,0,0.219
5928,2021-10-28,41,473,Vehicles,1306,504.97,Night,0,0.276
5929,2021-10-28,32,618,Raw Materials,142,564.14,Day,0,0.175
5930,2021-10-28,41,223,Textiles,678,425.82,Night,0,0.256
5931,2021-10-28,21,167,Raw Materials,188,454.81,Day,0,0.058
5932,2021-10-28,14,26,Textiles,1215,483.57,Night,0,0.236
5933,2021-10-28,3,3,Chemicals,904,561.43,Day,0,0.134
5934,2021-10-28,13,631,Raw Materials,695,508.07,Night,0,0.027
5935,2021-10-28,28,216,Food,265,599.11,Day,0,0.296
5936,2021-10-28,13,54,Raw Materials,814,564.74,Day,0,0.027
5937,2021-10-29,12,398,Vehicles,608,551.79,Day,0,0.235
5938,2021-10-29,17,567,Textiles,1155,486.99,Day,0,0.264
5939,2021-10-29,6,110,Raw Materials,852,461.23,Day,0,0.069
5940,2021-10-29,26,327,Machinery,359,509.53,Night,0,0.04
5941,2021-10-29,7,415,Electronics,1256,495.67,Day,0,0.198
5942,2021-10-29,30,426,Chemicals,852,507.83,Night,0,0.1
5943,2021-10-29,27,496,Raw Materials,1438,502.9,Day,0,0.002
5944,2021-10-29,26,547,Textiles,1420,539.87,Night,0,0.126
5945,2021-10-29,20,104,Machinery,581,452.73,Night,0,0.165
5946,2021-10-29,22,197,Food,480,540.55,Night,0,0.095
5947,2021-10-29,29,389,Vehicles,1087,526.99,Night,0,0.112
5948,2021-10-29,25,396,Chemicals,429,484.73,Day,0,0.195
5949,2021-10-30,31,31,Food,1485,499.76,Day,0,0.194
5950,2021-10-30,4,451,Food,1419,420.18,Day,0,0.029
5951,2021-10-30,40,390,Chemicals,557,542.83,Day,0,0.045
5952,2021-10-30,46,606,Electronics,287,528.02,Night,0,0.289
5953,2021-10-30,39,353,Chemicals,1134,511.82,Day,0,0.227
5954,2021-10-30,44,594,Machinery,479,505.31,Day,0,0.229
5955,2021-10-30,6,329,Machinery,209,458.52,Night,0,0.291
5956,2021-10-30,37,548,Food,271,444.71,Day,0,0.065
5957,2021-10-30,13,281,Machinery,611,491.54,Day,0,0.28
5958,2021-10-30,32,454,Food,1097,577.48,Day,0,0.271
5959,2021-10-30,17,97,Machinery,893,548.36,Night,0,0.087
5960,2021-10-31,40,417,Machinery,717,566.72,Night,0,0.192
5961,2021-10-31,9,401,Vehicles,718,499.88,Day,0,0.192
5962,2021-10-31,38,344,Machinery,1476,519.05,Day,0,0.213
5963,2021-10-31,3,570,Food,642,493.11,Night,0,0.143
5964,2021-10-31,14,229,Raw Materials,483,506.48,Day,0,0.029
5965,2021-10-31,43,574,Machinery,924,517.14,Night,0,0.187
5966,2021-11-01,17,268,Machinery,798,509.13,Night,0,0.255
5967,2021-11-01,9,311,Raw Materials,1351,444.31,Night,0,0.034
5968,2021-11-01,38,183,Machinery,859,552.12,Day,0,0.031
5969,2021-11-01,24,148,Food,633,486.97,Night,0,0.098
5970,2021-11-01,41,24,Raw Materials,1000,477.86,Night,0,0.1
5971,2021-11-01,34,45,Machinery,959,477.04,Night,0,0.068
5972,2021-11-01,43,256,Chemicals,1034,565.96,Day,0,0.149
5973,2021-11-01,16,202,Textiles,686,436.57,Night,0,0.038
5974,2021-11-01,17,372,Food,1208,498.34,Day,0,0.116
5975,2021-11-01,1,194,Raw Materials,608,472.27,Night,0,0.106
5976,2021-11-01,27,110,Electronics,311,547.09,Night,0,0.174
5977,2021-11-01,7,34,Food,1479,528.22,Day,0,0.198
5978,2021-11-02,41,174,Raw Materials,741,401.58,Day,0,0.085
5979,2021-11-02,46,9,Chemicals,1039,471.0,Day,0,0.147
5980,2021-11-02,7,330,Vehicles,1127,516.22,Night,0,0.058
5981,2021-11-02,39,5,Vehicles,1023,489.01,Day,0,0.076
5982,2021-11-02,34,3,Electronics,1201,571.27,Day,0,0.048
5983,2021-11-02,37,46,Food,298,419.36,Night,0,0.225
5984,2021-11-03,10,579,Machinery,961,487.48,Day,0,0.038
5985,2021-11-03,27,327,Chemicals,1174,548.5,Night,0,0.115
5986,2021-11-03,27,183,Electronics,127,497.44,Night,0,0.11
5987,2021-11-03,35,27,Raw Materials,1176,1198.19,Day,1,0.7
5988,2021-11-03,13,468,Textiles,913,453.33,Day,0,0.221
5989,2021-11-03,41,165,Electronics,490,515.43,Day,0,0.163
5990,2021-11-04,28,585,Chemicals,519,533.15,Day,0,0.177
5991,2021-11-04,25,401,Electronics,850,510.61,Day,0,0.02
5992,2021-11-04,38,575,Machinery,105,562.14,Day,0,0.204
5993,2021-11-04,9,466,Textiles,1458,565.84,Day,0,0.255
5994,2021-11-04,10,573,Chemicals,780,608.98,Night,0,0.256
5995,2021-11-04,20,598,Vehicles,899,556.42,Day,0,0.246
5996,2021-11-04,32,276,Food,1347,580.61,Night,0,0.183
5997,2021-11-04,15,246,Food,1174,458.97,Night,0,0.268
5998,2021-11-04,42,227,Machinery,1441,506.22,Night,0,0.155
5999,2021-11-04,39,100,Electronics,1457,453.14,Night,0,0.167
6000,2021-11-04,24,213,Vehicles,1403,493.77,Day,0,0.123
6001,2021-11-04,18,600,Raw Materials,1485,610.09,Day,0,0.129
6002,2021-11-05,21,161,Chemicals,1050,409.08,Day,0,0.275
6003,2021-11-05,40,99,Food,639,501.12,Night,0,0.286
6004,2021-11-05,8,485,Textiles,672,505.82,Day,0,0.155
6005,2021-11-05,35,496,Textiles,627,507.8,Night,0,0.126
6006,2021-11-05,36,530,Food,1206,506.56,Night,0,0.294
6007,2021-11-05,32,190,Raw Materials,214,431.79,Day,0,0.241
6008,2021-11-05,6,584,Food,530,498.29,Night,0,0.197
6009,2021-11-05,21,458,Vehicles,400,461.86,Night,0,0.298
6010,2021-11-05,45,383,Textiles,150,430.34,Night,0,0.164
6011,2021-11-05,28,615,Electronics,312,497.68,Day,0,0.234
6012,2021-11-06,10,280,Food,1371,586.19,Day,0,0.205
6013,2021-11-06,31,39,Chemicals,806,563.87,Day,0,0.195
6014,2021-11-06,9,316,Raw Materials,970,565.63,Night,0,0.282
6015,2021-11-06,31,497,Raw Materials,688,460.89,Day,0,0.073
6016,2021-11-06,4,545,Food,1000,520.87,Day,0,0.161
6017,2021-11-06,2,633,Raw Materials,1481,616.11,Day,0,0.075
6018,2021-11-06,42,472,Vehicles,1482,529.88,Night,0,0.004
6019,2021-11-06,17,138,Vehicles,415,498.17,Day,0,0.169
6020,2021-11-06,23,468,Chemicals,986,520.86,Day,0,0.232
6021,2021-11-07,12,514,Machinery,804,553.95,Night,0,0.042
6022,2021-11-07,33,424,Machinery,1207,502.47,Night,0,0.217
6023,2021-11-07,28,394,Textiles,1076,438.44,Night,0,0.292
6024,2021-11-07,31,115,Electronics,205,487.28,Day,0,0.103
6025,2021-11-07,17,415,Food,610,502.96,Night,0,0.041
6026,2021-11-07,17,521,Food,1032,1802.4,Night,1,0.907
6027,2021-11-07,20,381,Food,1464,517.25,Day,0,0.012
6028,2021-11-07,39,343,Raw Materials,234,471.14,Day,0,0.177
6029,2021-11-07,42,124,Textiles,1420,407.4,Day,0,0.104
6030,2021-11-07,37,287,Chemicals,1277,554.26,Day,0,0.031
6031,2021-11-07,13,253,Food,256,461.21,Day,0,0.267
6032,2021-11-07,6,83,Raw Materials,321,456.28,Day,0,0.113
6033,2021-11-08,30,302,Machinery,205,544.59,Day,0,0.26
6034,2021-11-08,34,340,Machinery,303,463.77,Day,0,0.067
6035,2021-11-08,27,588,Machinery,617,558.28,Night,0,0.233
6036,2021-11-08,25,530,Vehicles,1135,521.6,Day,0,0.117
6037,2021-11-08,6,540,Raw Materials,1040,429.67,Night,0,0.202
6038,2021-11-08,35,300,Electronics,1366,603.37,Day,0,0.095
6039,2021-11-08,5,458,Vehicles,156,530.25,Day,0,0.298
6040,2021-11-08,2,380,Vehicles,1103,479.29,Night,0,0.042
6041,2021-11-08,41,545,Food,1372,463.32,Night,0,0.127
6042,2021-11-08,21,384,Vehicles,449,572.85,Day,0,0.027
6043,2021-11-08,3,508,Machinery,529,561.53,Day,0,0.105
6044,2021-11-09,7,176,Raw Materials,635,539.44,Day,0,0.215
6045,2021-11-09,13,181,Vehicles,1157,577.62,Night,0,0.096
6046,2021-11-09,32,80,Raw Materials,884,534.45,Day,0,0.243
6047,2021-11-09,30,277,Food,310,551.29,Day,0,0.246
6048,2021-11-09,13,138,Vehicles,212,460.5,Night,0,0.03
6049,2021-11-09,17,35,Textiles,252,546.04,Day,0,0.256
6050,2021-11-09,25,238,Food,525,528.24,Night,0,0.204
6051,2021-11-09,1,186,Chemicals,603,483.71,Night,0,0.121
6052,2021-11-10,38,561,Electronics,450,462.11,Night,0,0.028
6053,2021-11-10,6,276,Food,295,440.69,Day,0,0.277
6054,2021-11-10,24,45,Vehicles,1449,507.54,Night,0,0.109
6055,2021-11-10,25,53,Raw Materials,603,466.26,Day,0,0.051
6056,2021-11-10,3,328,Raw Materials,585,1489.74,Night,1,0.723
6057,2021-11-10,8,232,Electronics,645,478.76,Day,0,0.142
6058,2021-11-10,41,170,Food,205,540.85,Day,0,0.011
6059,2021-11-11,27,576,Chemicals,784,503.71,Day,0,0.111
6060,2021-11-11,36,65,Textiles,633,531.53,Day,0,0.184
6061,2021-11-11,29,305,Textiles,1247,615.25,Night,0,0.146
6062,2021-11-11,14,208,Machinery,1377,548.44,Day,0,0.291
6063,2021-11-11,26,398,Textiles,1479,512.58,Day,0,0.273
6064,2021-11-11,2,106,Raw Materials,744,1404.96,Night,1,0.952
6065,2021-11-11,23,331,Vehicles,914,466.82,Day,0,0.149
6066,2021-11-11,46,137,Chemicals,446,601.57,Day,0,0.013
6067,2021-11-12,2,63,Chemicals,231,399.41,Night,0,0.256
6068,2021-11-12,31,104,Machinery,595,463.85,Day,0,0.024
6069,2021-11-12,43,94,Vehicles,401,553.53,Night,0,0.119
6070,2021-11-12,9,148,Chemicals,1234,394.39,Day,0,0.257
6071,2021-11-12,8,277,Vehicles,369,437.71,Day,0,0.044
6072,2021-11-12,39,160,Food,591,951.68,Day,1,0.739
6073,2021-11-12,45,58,Electronics,297,509.46,Day,0,0.051
6074,2021-11-13,44,165,Vehicles,582,539.0,Night,0,0.192
6075,2021-11-13,32,581,Vehicles,577,490.79,Day,0,0.292
6076,2021-11-13,8,497,Chemicals,1305,582.82,Night,0,0.221
6077,2021-11-13,34,282,Vehicles,1099,526.98,Night,0,0.161
6078,2021-11-13,39,466,Textiles,843,458.25,Night,0,0.021
6079,2021-11-13,18,4,Electronics,1414,443.17,Day,0,0.269
6080,2021-11-13,16,386,Chemicals,1093,527.67,Day,0,0.273
6081,2021-11-13,22,434,Raw Materials,435,448.97,Night,0,0.234
6082,2021-11-13,28,192,Food,757,536.92,Day,0,0.201
6083,2021-11-13,37,482,Raw Materials,1031,528.74,Night,0,0.09
6084,2021-11-13,33,160,Food,985,583.16,Day,0,0.048
6085,2021-11-14,11,543,Chemicals,1169,532.59,Day,0,0.278
6086,2021-11-14,12,168,Food,1331,492.08,Day,0,0.115
6087,2021-11-14,32,29,Raw Materials,186,547.35,Night,0,0.09
6088,2021-11-14,11,319,Chemicals,479,455.26,Night,0,0.046
6089,2021-11-14,24,398,Vehicles,153,401.33,Night,0,0.173
6090,2021-11-14,15,357,Food,949,499.61,Day,0,0.208
6091,2021-11-14,40,194,Vehicles,1040,491.35,Day,0,0.103
6092,2021-11-15,15,213,Textiles,1418,558.05,Night,0,0.11
6093,2021-11-15,40,82,Food,596,500.15,Day,0,0.102
6094,2021-11-15,31,371,Electronics,1141,445.81,Night,0,0.056
6095,2021-11-15,31,133,Chemicals,1494,1351.88,Day,1,0.967
6096,2021-11-15,36,447,Textiles,710,506.02,Night,0,0.137
6097,2021-11-15,30,359,Vehicles,1369,577.86,Day,0,0.286
6098,2021-11-15,25,372,Textiles,1406,561.68,Day,0,0.171
6099,2021-11-15,43,143,Raw Materials,1452,522.81,Night,0,0.203
6100,2021-11-15,24,271,Raw Materials,326,510.84,Day,0,0.019
6101,2021-11-15,24,364,Chemicals,1438,504.79,Night,0,0.122
6102,2021-11-15,27,520,Raw Materials,1425,539.97,Day,0,0.248
6103,2021-11-15,4,321,Food,1090,547.96,Night,0,0.051
6104,2021-11-16,21,204,Electronics,980,527.18,Day,0,0.255
6105,2021-11-16,15,144,Vehicles,237,478.38,Night,0,0.209
6106,2021-11-16,14,490,Food,405,540.71,Day,0,0.213
6107,2021-11-16,13,123,Textiles,233,444.35,Day,0,0.074
6108,2021-11-16,2,634,Chemicals,259,604.41,Night,0,0.056
6109,2021-11-16,24,168,Food,1301,449.79,Night,0,0.13
6110,2021-11-16,42,391,Food,434,512.52,Night,0,0.188
6111,2021-11-16,15,38,Vehicles,161,986.59,Night,1,0.711
6112,2021-11-17,19,297,Food,902,518.8,Day,0,0.089
6113,2021-11-17,9,108,Vehicles,1142,425.12,Day,0,0.008
6114,2021-11-17,17,599,Raw Materials,211,533.94,Day,0,0.234
6115,2021-11-17,4,450,Vehicles,493,477.93,Day,0,0.275
6116,2021-11-17,12,32,Textiles,1330,421.45,Night,0,0.214
6117,2021-11-17,27,297,Food,275,1722.01,Day,1,0.906
6118,2021-11-17,14,77,Raw Materials,812,515.39,Day,0,0.003
6119,2021-11-18,24,535,Textiles,748,571.94,Night,0,0.133
6120,2021-11-18,23,119,Electronics,642,504.8,Night,0,0.104
6121,2021-11-18,5,341,Electronics,1260,489.06,Night,0,0.137
6122,2021-11-18,4,160,Food,571,530.84,Day,0,0.034
6123,2021-11-18,22,126,Electronics,989,542.03,Day,0,0.077
6124,2021-11-18,24,632,Food,329,1293.18,Day,1,0.957
6125,2021-11-19,1,261,Chemicals,750,497.58,Night,0,0.149
6126,2021-11-19,32,77,Chemicals,114,523.49,Day,0,0.097
6127,2021-11-19,3,559,Food,462,517.33,Night,0,0.216
6128,2021-11-19,3,625,Vehicles,1314,543.34,Night,0,0.23
6129,2021-11-19,15,241,Electronics,303,445.46,Night,0,0.196
6130,2021-11-19,37,244,Raw Materials,1309,419.65,Day,0,0.283
6131,2021-11-19,46,276,Electronics,1318,470.01,Day,0,0.216
6132,2021-11-19,40,463,Raw Materials,1302,474.39,Day,0,0.21
6133,2021-11-20,42,190,Raw Materials,726,480.99,Night,0,0.271
6134,2021-11-20,40,154,Food,1402,450.48,Night,0,0.212
6135,2021-11-20,3,153,Machinery,633,455.91,Night,0,0.213
6136,2021-11-20,41,610,Raw Materials,995,477.02,Night,0,0.165
6137,2021-11-20,6,39,Electronics,450,415.94,Night,0,0.14
6138,2021-11-20,18,194,Vehicles,972,470.56,Day,0,0.149
6139,2021-11-20,34,240,Machinery,1039,1553.36,Night,1,0.74
6140,2021-11-20,4,516,Vehicles,834,516.73,Day,0,0.208
6141,2021-11-20,15,196,Food,1030,489.96,Day,0,0.075
6142,2021-11-20,28,395,Raw Materials,893,507.79,Day,0,0.005
6143,2021-11-20,29,155,Vehicles,339,474.71,Night,0,0.12
6144,2021-11-20,44,576,Textiles,966,472.63,Night,0,0.293
6145,2021-11-21,2,568,Electronics,1479,533.07,Night,0,0.197
6146,2021-11-21,43,489,Machinery,543,509.99,Night,0,0.006
6147,2021-11-21,34,428,Raw Materials,523,524.52,Day,0,0.104
6148,2021-11-21,26,401,Vehicles,1110,574.61,Night,0,0.238
6149,2021-11-21,22,363,Textiles,1422,531.99,Day,0,0.015
6150,2021-11-21,39,55,Electronics,952,504.14,Day,0,0.056
6151,2021-11-21,4,605,Food,859,625.82,Day,0,0.023
6152,2021-11-21,37,295,Raw Materials,359,431.69,Day,0,0.125
6153,2021-11-21,26,50,Electronics,468,431.13,Night,0,0.291
6154,2021-11-21,29,409,Textiles,340,467.67,Day,0,0.151
6155,2021-11-21,20,626,Machinery,1110,467.84,Day,0,0.251
6156,2021-11-21,6,461,Food,1254,500.19,Night,0,0.209
6157,2021-11-22,31,446,Food,860,585.53,Night,0,0.012
6158,2021-11-22,13,506,Vehicles,507,511.53,Night,0,0.032
6159,2021-11-22,29,363,Chemicals,1371,490.16,Day,0,0.168
6160,2021-11-22,3,203,Chemicals,969,594.46,Day,0,0.167
6161,2021-11-22,29,369,Machinery,852,565.64,Night,0,0.023
6162,2021-11-22,21,255,Vehicles,1111,443.8,Night,0,0.18
6163,2021-11-23,32,2,Chemicals,216,490.0,Day,0,0.008
6164,2021-11-23,32,553,Raw Materials,104,539.07,Day,0,0.075
6165,2021-11-23,10,6,Raw Materials,590,498.55,Day,0,0.003
6166,2021-11-23,44,630,Textiles,1050,548.79,Day,0,0.211
6167,2021-11-23,35,363,Machinery,916,517.74,Day,0,0.078
6168,2021-11-23,18,614,Food,557,531.55,Day,0,0.087
6169,2021-11-23,43,409,Machinery,1424,563.2,Day,0,0.207
6170,2021-11-24,9,442,Electronics,797,577.24,Day,0,0.194
6171,2021-11-24,3,174,Electronics,468,453.51,Night,0,0.107
6172,2021-11-24,22,599,Electronics,1186,528.74,Day,0,0.115
6173,2021-11-24,33,411,Raw Materials,1379,484.97,Night,0,0.175
6174,2021-11-24,18,361,Textiles,229,486.38,Day,0,0.053
6175,2021-11-24,35,302,Machinery,272,504.32,Night,0,0.22
6176,2021-11-24,15,452,Machinery,1419,477.81,Day,0,0.186
6177,2021-11-24,4,525,Machinery,795,517.31,Night,0,0.133
6178,2021-11-24,14,108,Vehicles,622,576.48,Day,0,0.172
6179,2021-11-25,11,293,Vehicles,1097,439.32,Day,0,0.061
6180,2021-11-25,26,81,Electronics,426,474.79,Night,0,0.244
6181,2021-11-25,32,413,Raw Materials,1171,572.24,Day,0,0.113
6182,2021-11-25,28,325,Textiles,1487,499.64,Night,0,0.093
6183,2021-11-25,24,432,Textiles,367,499.97,Night,0,0.075
6184,2021-11-25,41,43,Vehicles,703,452.89,Night,0,0.005
6185,2021-11-26,37,564,Chemicals,1179,545.09,Night,0,0.294
6186,2021-11-26,25,618,Textiles,345,508.73,Day,0,0.088
6187,2021-11-26,34,401,Chemicals,1339,499.56,Day,0,0.055
6188,2021-11-26,36,229,Food,1457,430.77,Day,0,0.007
6189,2021-11-26,2,478,Textiles,186,531.81,Day,0,0.155
6190,2021-11-26,2,78,Electronics,1155,422.0,Night,0,0.191
6191,2021-11-26,15,245,Raw Materials,752,569.6,Night,0,0.298
6192,2021-11-27,17,356,Raw Materials,278,527.41,Night,0,0.06
6193,2021-11-27,32,574,Food,1432,432.6,Day,0,0.265
6194,2021-11-27,2,469,Chemicals,1177,513.01,Night,0,0.014
6195,2021-11-27,13,610,Raw Materials,1478,604.26,Night,0,0.153
6196,2021-11-27,29,458,Food,101,1321.68,Night,1,0.992
6197,2021-11-27,21,496,Vehicles,222,464.52,Night,0,0.065
6198,2021-11-27,25,70,Chemicals,618,459.27,Night,0,0.025
6199,2021-11-27,23,96,Vehicles,558,519.48,Night,0,0.019
6200,2021-11-27,18,521,Vehicles,641,544.69,Day,0,0.125
6201,2021-11-27,35,351,Machinery,1180,540.31,Day,0,0.149
6202,2021-11-27,13,62,Electronics,633,534.77,Night,0,0.117
6203,2021-11-28,32,262,Textiles,873,484.64,Day,0,0.248
6204,2021-11-28,38,159,Machinery,1485,594.64,Night,0,0.061
6205,2021-11-28,44,338,Raw Materials,358,464.41,Night,0,0.167
6206,2021-11-28,31,491,Food,633,1220.56,Night,1,0.982
6207,2021-11-28,31,125,Food,334,535.57,Night,0,0.002
6208,2021-11-28,9,545,Machinery,829,494.89,Day,0,0.193
6209,2021-11-29,22,186,Vehicles,870,451.25,Day,0,0.228
6210,2021-11-29,22,265,Chemicals,724,519.96,Day,0,0.291
6211,2021-11-29,37,253,Food,1370,487.77,Night,0,0.189
6212,2021-11-29,11,186,Raw Materials,1284,536.15,Day,0,0.01
6213,2021-11-29,17,267,Raw Materials,914,445.65,Night,0,0.183
6214,2021-11-29,46,12,Textiles,1441,579.42,Day,0,0.232
6215,2021-11-29,39,169,Electronics,658,522.43,Night,0,0.217
6216,2021-11-29,34,462,Raw Materials,823,475.65,Day,0,0.155
6217,2021-11-29,18,273,Electronics,369,546.57,Day,0,0.27
6218,2021-11-30,36,326,Food,461,439.4,Night,0,0.018
6219,2021-11-30,40,266,Food,968,464.34,Day,0,0.188
6220,2021-11-30,46,572,Textiles,1024,524.33,Day,0,0.267
6221,2021-11-30,17,179,Chemicals,729,437.62,Night,0,0.134
6222,2021-11-30,30,199,Raw Materials,1199,527.65,Night,0,0.267
6223,2021-11-30,8,414,Electronics,1101,541.32,Day,0,0.07
6224,2021-11-30,34,508,Electronics,697,1873.59,Day,1,0.765
6225,2021-12-01,37,121,Machinery,950,544.63,Night,0,0.093
6226,2021-12-01,44,407,Machinery,905,438.31,Night,0,0.221
6227,2021-12-01,33,142,Food,1051,443.74,Day,0,0.077
6228,2021-12-01,26,566,Machinery,186,491.92,Night,0,0.137
6229,2021-12-01,26,454,Vehicles,648,453.3,Day,0,0.042
6230,2021-12-01,30,550,Vehicles,453,515.81,Night,0,0.095
6231,2021-12-02,39,515,Electronics,1370,541.22,Day,0,0.132
6232,2021-12-02,17,350,Chemicals,685,584.69,Night,0,0.262
6233,2021-12-02,7,68,Food,1160,598.57,Night,0,0.167
6234,2021-12-02,37,342,Machinery,288,501.29,Day,0,0.29
6235,2021-12-02,29,27,Machinery,1066,421.62,Night,0,0.248
6236,2021-12-02,8,215,Raw Materials,901,407.34,Day,0,0.089
6237,2021-12-02,16,567,Chemicals,919,554.31,Day,0,0.002
6238,2021-12-03,24,251,Vehicles,458,494.28,Day,0,0.027
6239,2021-12-03,7,165,Food,926,417.08,Night,0,0.088
6240,2021-12-03,38,620,Raw Materials,1269,552.81,Night,0,0.227
6241,2021-12-03,31,44,Electronics,1083,561.23,Day,0,0.038
6242,2021-12-03,36,201,Electronics,237,510.19,Day,0,0.24
6243,2021-12-03,14,338,Food,895,543.12,Night,0,0.262
6244,2021-12-03,40,523,Machinery,1125,413.95,Day,0,0.126
6245,2021-12-04,20,320,Textiles,1139,518.69,Night,0,0.286
6246,2021-12-04,9,423,Raw Materials,495,493.45,Night,0,0.19
6247,2021-12-04,25,24,Chemicals,1288,482.13,Night,0,0.227
6248,2021-12-04,6,629,Food,1015,603.74,Day,0,0.064
6249,2021-12-04,41,350,Machinery,1333,485.76,Day,0,0.173
6250,2021-12-04,14,515,Chemicals,343,441.0,Night,0,0.279
6251,2021-12-04,14,524,Vehicles,1312,491.41,Day,0,0.292
6252,2021-12-04,3,108,Electronics,1464,476.62,Night,0,0.203
6253,2021-12-04,24,358,Machinery,972,561.44,Night,0,0.217
6254,2021-12-04,25,526,Chemicals,178,543.81,Day,0,0.29
6255,2021-12-04,2,7,Vehicles,653,533.79,Night,0,0.21
6256,2021-12-04,13,122,Chemicals,592,444.9,Night,0,0.275
6257,2021-12-05,17,201,Electronics,320,620.86,Day,0,0.1
6258,2021-12-05,41,134,Raw Materials,1499,603.2,Day,0,0.221
6259,2021-12-05,7,611,Raw Materials,1372,531.76,Night,0,0.07
6260,2021-12-05,19,68,Vehicles,952,480.11,Night,0,0.21
6261,2021-12-05,9,19,Textiles,719,460.14,Night,0,0.27
6262,2021-12-05,2,77,Raw Materials,1164,1540.19,Night,1,0.802
6263,2021-12-05,43,222,Electronics,1378,485.46,Night,0,0.19
6264,2021-12-05,13,274,Chemicals,358,528.5,Night,0,0.255
6265,2021-12-05,27,35,Food,502,462.68,Day,0,0.237
6266,2021-12-06,15,184,Machinery,453,565.61,Night,0,0.203
6267,2021-12-06,36,560,Raw Materials,715,584.65,Day,0,0.083
6268,2021-12-06,45,339,Food,299,495.66,Night,0,0.171
6269,2021-12-06,14,167,Electronics,781,547.47,Night,0,0.238
6270,2021-12-06,19,103,Vehicles,1258,461.09,Day,0,0.06
6271,2021-12-06,7,2,Textiles,1418,515.82,Day,0,0.231
6272,2021-12-06,32,452,Textiles,1488,507.74,Day,0,0.047
6273,2021-12-06,33,341,Textiles,187,494.15,Night,0,0.043
6274,2021-12-07,3,528,Food,1205,682.57,Day,0,0.097
6275,2021-12-07,33,205,Chemicals,1079,584.29,Day,0,0.025
6276,2021-12-07,4,378,Textiles,1415,519.94,Night,0,0.156
6277,2021-12-07,14,64,Food,1165,436.77,Night,0,0.077
6278,2021-12-07,2,607,Vehicles,1439,544.81,Night,0,0.082
6279,2021-12-07,21,59,Textiles,306,502.3,Day,0,0.148
6280,2021-12-08,1,39,Textiles,832,590.24,Night,0,0.197
6281,2021-12-08,9,197,Textiles,312,566.82,Night,0,0.098
6282,2021-12-08,21,335,Vehicles,1271,529.05,Day,0,0.097
6283,2021-12-08,24,442,Food,650,536.84,Day,0,0.229
6284,2021-12-08,37,556,Electronics,228,533.17,Night,0,0.018
6285,2021-12-08,13,133,Food,398,473.46,Day,0,0.033
6286,2021-12-09,20,528,Chemicals,613,496.98,Day,0,0.011
6287,2021-12-09,26,352,Vehicles,942,526.02,Day,0,0.236
6288,2021-12-09,46,578,Textiles,280,486.85,Night,0,0.254
6289,2021-12-09,4,2,Electronics,437,493.99,Day,0,0.037
6290,2021-12-09,30,594,Food,855,498.7,Night,0,0.117
6291,2021-12-09,30,252,Chemicals,1223,517.67,Day,0,0.116
6292,2021-12-10,7,301,Food,676,431.15,Day,0,0.051
6293,2021-12-10,33,24,Food,1456,489.38,Night,0,0.154
6294,2021-12-10,37,14,Vehicles,1356,481.47,Night,0,0.184
6295,2021-12-10,18,166,Machinery,1212,511.97,Day,0,0.148
6296,2021-12-10,6,27,Chemicals,1056,523.77,Night,0,0.277
6297,2021-12-10,4,382,Food,1043,567.14,Day,0,0.225
6298,2021-12-10,6,383,Food,286,460.03,Night,0,0.178
6299,2021-12-10,46,377,Textiles,968,502.19,Day,0,0.029
6300,2021-12-11,9,565,Chemicals,641,594.22,Night,0,0.144
6301,2021-12-11,42,176,Vehicles,431,520.73,Day,0,0.279
6302,2021-12-11,12,394,Raw Materials,317,503.26,Night,0,0.073
6303,2021-12-11,17,150,Food,1380,475.75,Day,0,0.296
6304,2021-12-11,16,110,Food,877,541.8,Night,0,0.112
6305,2021-12-11,4,224,Chemicals,674,1172.52,Day,1,0.72
6306,2021-12-11,28,310,Chemicals,271,476.51,Night,0,0.139
6307,2021-12-12,33,29,Food,1459,528.2,Night,0,0.144
6308,2021-12-12,31,25,Machinery,208,484.14,Day,0,0.169
6309,2021-12-12,26,485,Vehicles,476,464.06,Night,0,0.234
6310,2021-12-12,5,66,Food,131,555.67,Day,0,0.207
6311,2021-12-12,19,633,Machinery,443,495.46,Night,0,0.169
6312,2021-12-12,33,27,Machinery,331,426.41,Day,0,0.185
6313,2021-12-12,19,512,Electronics,1447,551.24,Night,0,0.014
6314,2021-12-12,5,148,Raw Materials,116,477.58,Night,0,0.043
6315,2021-12-12,45,379,Chemicals,1429,507.1,Day,0,0.026
6316,2021-12-13,15,218,Machinery,252,484.15,Day,0,0.122
6317,2021-12-13,40,483,Vehicles,729,540.85,Night,0,0.146
6318,2021-12-13,8,619,Electronics,325,494.77,Night,0,0.148
6319,2021-12-13,30,132,Textiles,222,549.58,Day,0,0.111
6320,2021-12-13,34,411,Chemicals,923,490.27,Day,0,0.063
6321,2021-12-13,12,310,Raw Materials,1143,373.66,Night,0,0.222
6322,2021-12-13,14,457,Raw Materials,675,473.18,Day,0,0.165
6323,2021-12-13,23,27,Food,1423,480.56,Day,0,0.292
6324,2021-12-14,32,542,Vehicles,728,466.5,Night,0,0.018
6325,2021-12-14,32,267,Chemicals,665,501.68,Night,0,0.061
6326,2021-12-14,25,439,Food,733,548.94,Day,0,0.119
6327,2021-12-14,30,120,Textiles,1173,525.28,Day,0,0.147
6328,2021-12-14,29,226,Raw Materials,1012,523.14,Night,0,0.176
6329,2021-12-14,29,531,Food,356,491.55,Night,0,0.193
6330,2021-12-14,41,105,Food,950,508.37,Day,0,0.256
6331,2021-12-14,8,219,Food,1385,521.71,Night,0,0.131
6332,2021-12-14,30,31,Textiles,224,424.28,Night,0,0.133
6333,2021-12-14,4,317,Food,531,521.4,Night,0,0.031
6334,2021-12-14,17,107,Machinery,452,498.04,Day,0,0.176
6335,2021-12-14,7,188,Machinery,1017,487.19,Night,0,0.103
6336,2021-12-15,41,167,Raw Materials,314,447.19,Night,0,0.087
6337,2021-12-15,35,364,Food,419,541.95,Night,0,0.228
6338,2021-12-15,18,222,Food,416,481.99,Night,0,0.041
6339,2021-12-15,10,25,Chemicals,205,494.29,Day,0,0.171
6340,2021-12-15,3,469,Machinery,797,516.52,Day,0,0.019
6341,2021-12-15,44,110,Textiles,1044,428.53,Night,0,0.07
6342,2021-12-15,11,383,Electronics,1274,549.37,Day,0,0.048
6343,2021-12-15,8,587,Machinery,1374,540.37,Night,0,0.0
6344,2021-12-15,23,43,Textiles,895,523.49,Night,0,0.034
6345,2021-12-15,22,554,Food,1471,504.96,Night,0,0.272
6346,2021-12-15,5,106,Raw Materials,168,526.64,Day,0,0.203
6347,2021-12-16,35,584,Machinery,927,520.41,Night,0,0.124
6348,2021-12-16,16,191,Raw Materials,842,457.96,Day,0,0.289
6349,2021-12-16,30,323,Textiles,870,432.45,Day,0,0.122
6350,2021-12-16,22,536,Food,579,535.39,Night,0,0.081
6351,2021-12-16,14,277,Chemicals,167,492.92,Day,0,0.024
6352,2021-12-16,44,47,Machinery,444,481.05,Night,0,0.168
6353,2021-12-17,40,612,Textiles,1260,539.78,Night,0,0.049
6354,2021-12-17,26,34,Machinery,902,557.56,Day,0,0.207
6355,2021-12-17,31,543,Chemicals,1129,535.9,Night,0,0.019
6356,2021-12-17,14,34,Chemicals,1288,438.1,Night,0,0.062
6357,2021-12-17,15,373,Chemicals,530,460.61,Day,0,0.239
6358,2021-12-17,2,408,Vehicles,483,524.21,Day,0,0.165
6359,2021-12-17,40,409,Machinery,170,489.07,Night,0,0.051
6360,2021-12-17,7,406,Food,1392,535.13,Night,0,0.14
6361,2021-12-18,13,603,Electronics,370,597.24,Night,0,0.023
6362,2021-12-18,25,628,Food,1069,609.43,Day,0,0.022
6363,2021-12-18,10,626,Vehicles,1428,504.69,Night,0,0.176
6364,2021-12-18,3,272,Machinery,1052,482.75,Day,0,0.05
6365,2021-12-18,43,425,Electronics,776,538.59,Night,0,0.25
6366,2021-12-18,16,462,Raw Materials,661,516.64,Day,0,0.081
6367,2021-12-18,21,407,Food,1200,519.87,Day,0,0.026
6368,2021-12-19,3,415,Raw Materials,904,400.18,Night,0,0.053
6369,2021-12-19,12,414,Textiles,245,497.37,Night,0,0.101
6370,2021-12-19,12,356,Vehicles,1030,497.74,Day,0,0.29
6371,2021-12-19,5,416,Chemicals,398,571.05,Night,0,0.104
6372,2021-12-19,35,264,Textiles,1007,585.64,Day,0,0.258
6373,2021-12-19,25,89,Machinery,866,484.3,Night,0,0.259
6374,2021-12-19,24,534,Machinery,986,1453.4,Day,1,0.765
6375,2021-12-19,43,290,Textiles,511,498.85,Day,0,0.065
6376,2021-12-19,41,116,Raw Materials,1399,407.02,Night,0,0.256
6377,2021-12-19,27,535,Machinery,1419,1364.59,Night,1,0.825
6378,2021-12-20,4,26,Chemicals,393,490.21,Day,0,0.109
6379,2021-12-20,40,207,Vehicles,132,479.14,Night,0,0.168
6380,2021-12-20,16,228,Raw Materials,278,599.08,Night,0,0.205
6381,2021-12-20,14,484,Machinery,461,432.91,Night,0,0.189
6382,2021-12-20,44,418,Raw Materials,1268,503.66,Night,0,0.047
6383,2021-12-20,27,129,Vehicles,604,583.35,Day,0,0.153
6384,2021-12-20,10,317,Vehicles,1065,496.02,Day,0,0.275
6385,2021-12-21,40,354,Vehicles,1466,494.94,Day,0,0.177
6386,2021-12-21,33,32,Food,139,507.46,Day,0,0.069
6387,2021-12-21,12,449,Food,718,501.22,Day,0,0.181
6388,2021-12-21,9,400,Chemicals,374,521.43,Night,0,0.213
6389,2021-12-21,31,184,Chemicals,308,555.04,Day,0,0.096
6390,2021-12-21,7,402,Raw Materials,480,350.68,Day,0,0.272
6391,2021-12-22,24,99,Vehicles,1462,431.79,Day,0,0.234
6392,2021-12-22,28,5,Chemicals,706,555.76,Night,0,0.235
6393,2021-12-22,7,231,Textiles,970,445.96,Day,0,0.285
6394,2021-12-22,30,332,Vehicles,1277,564.08,Day,0,0.223
6395,2021-12-22,31,68,Textiles,275,529.21,Day,0,0.136
6396,2021-12-22,13,588,Textiles,278,626.49,Day,0,0.292
6397,2021-12-22,22,374,Raw Materials,941,562.96,Day,0,0.257
6398,2021-12-22,22,65,Machinery,961,474.27,Night,0,0.108
6399,2021-12-23,40,595,Textiles,876,580.57,Day,0,0.018
6400,2021-12-23,12,142,Machinery,662,499.08,Day,0,0.172
6401,2021-12-23,37,356,Raw Materials,692,514.53,Day,0,0.059
6402,2021-12-23,44,258,Food,1343,590.49,Day,0,0.125
6403,2021-12-23,28,203,Machinery,1058,488.96,Day,0,0.044
6404,2021-12-23,10,102,Vehicles,717,514.43,Day,0,0.194
6405,2021-12-23,46,605,Chemicals,1151,591.64,Night,0,0.173
6406,2021-12-23,15,264,Chemicals,312,547.27,Night,0,0.03
6407,2021-12-23,43,181,Textiles,584,483.86,Night,0,0.062
6408,2021-12-23,11,486,Electronics,711,468.76,Day,0,0.221
6409,2021-12-24,6,223,Vehicles,973,496.24,Night,0,0.299
6410,2021-12-24,5,451,Textiles,1479,379.16,Day,0,0.29
6411,2021-12-24,25,236,Raw Materials,813,514.34,Day,0,0.261
6412,2021-12-24,14,249,Food,719,586.75,Day,0,0.24
6413,2021-12-24,35,586,Vehicles,1480,564.65,Day,0,0.171
6414,2021-12-24,42,607,Food,1228,559.69,Night,0,0.052
6415,2021-12-24,33,311,Machinery,342,487.16,Night,0,0.294
6416,2021-12-24,37,527,Machinery,460,457.88,Day,0,0.088
6417,2021-12-25,13,110,Food,609,483.44,Night,0,0.276
6418,2021-12-25,28,114,Machinery,1054,462.34,Day,0,0.255
6419,2021-12-25,6,442,Machinery,122,495.63,Day,0,0.006
6420,2021-12-25,43,243,Machinery,260,528.67,Night,0,0.21
6421,2021-12-25,31,5,Textiles,867,588.87,Night,0,0.136
6422,2021-12-25,34,610,Raw Materials,100,503.48,Night,0,0.116
6423,2021-12-25,29,144,Machinery,388,521.0,Night,0,0.051
6424,2021-12-25,13,67,Vehicles,872,469.34,Day,0,0.166
6425,2021-12-25,41,464,Vehicles,1243,475.75,Night,0,0.004
6426,2021-12-25,8,623,Vehicles,844,562.4,Day,0,0.263
6427,2021-12-26,22,335,Food,900,549.12,Day,0,0.07
6428,2021-12-26,18,51,Textiles,1054,456.5,Day,0,0.114
6429,2021-12-26,22,289,Machinery,956,536.18,Night,0,0.027
6430,2021-12-26,9,365,Textiles,822,448.05,Day,0,0.123
6431,2021-12-26,4,224,Vehicles,759,556.37,Night,0,0.035
6432,2021-12-26,14,153,Machinery,1148,564.14,Night,0,0.247
6433,2021-12-26,20,208,Textiles,1499,480.93,Night,0,0.182
6434,2021-12-26,30,420,Textiles,841,456.12,Day,0,0.118
6435,2021-12-26,43,590,Chemicals,784,509.65,Day,0,0.146
6436,2021-12-27,13,432,Chemicals,1129,431.18,Night,0,0.023
6437,2021-12-27,8,448,Raw Materials,534,549.49,Night,0,0.104
6438,2021-12-27,13,621,Food,197,503.39,Night,0,0.17
6439,2021-12-27,40,345,Textiles,639,473.5,Day,0,0.182
6440,2021-12-27,30,155,Food,1385,497.56,Night,0,0.134
6441,2021-12-27,14,632,Chemicals,274,493.82,Night,0,0.048
6442,2021-12-27,5,365,Food,167,556.49,Night,0,0.139
6443,2021-12-27,25,151,Chemicals,1226,547.89,Night,0,0.093
6444,2021-12-27,24,163,Vehicles,1052,477.48,Night,0,0.237
6445,2021-12-28,24,258,Machinery,878,589.15,Night,0,0.289
6446,2021-12-28,43,453,Food,257,452.99,Night,0,0.0
6447,2021-12-28,2,405,Raw Materials,301,469.39,Night,0,0.248
6448,2021-12-28,15,288,Electronics,842,477.78,Night,0,0.082
6449,2021-12-28,46,65,Electronics,1151,509.03,Night,0,0.043
6450,2021-12-28,21,91,Textiles,158,1481.53,Day,1,0.807
6451,2021-12-28,5,96,Machinery,625,574.51,Night,0,0.185
6452,2021-12-29,46,356,Food,359,441.14,Night,0,0.151
6453,2021-12-29,45,633,Food,1355,590.09,Day,0,0.231
6454,2021-12-29,21,386,Food,379,482.33,Night,0,0.07
6455,2021-12-29,14,252,Vehicles,948,1461.29,Night,1,0.868
6456,2021-12-29,4,573,Food,282,586.94,Day,0,0.035
6457,2021-12-29,4,416,Vehicles,638,512.19,Night,0,0.223
6458,2021-12-30,19,122,Vehicles,1091,480.43,Night,0,0.188
6459,2021-12-30,13,209,Vehicles,1434,523.25,Night,0,0.287
6460,2021-12-30,46,465,Textiles,411,586.84,Day,0,0.03
6461,2021-12-30,35,164,Raw Materials,884,446.19,Day,0,0.171
6462,2021-12-30,15,69,Machinery,1400,405.03,Night,0,0.034
6463,2021-12-30,6,28,Chemicals,582,557.63,Day,0,0.299
6464,2021-12-30,44,492,Raw Materials,1483,484.83,Day,0,0.252
6465,2021-12-31,23,461,Chemicals,832,467.21,Night,0,0.021
6466,2021-12-31,42,194,Food,1024,508.89,Night,0,0.157
6467,2021-12-31,16,607,Chemicals,727,544.45,Night,0,0.211
6468,2021-12-31,40,148,Chemicals,244,426.61,Day,0,0.104
6469,2021-12-31,5,268,Electronics,1343,580.69,Night,0,0.187
6470,2021-12-31,24,491,Textiles,870,533.9,Day,0,0.184
6471,2021-12-31,16,591,Electronics,884,563.94,Day,0,0.276
6472,2021-12-31,12,456,Food,543,458.9,Night,0,0.089
6473,2021-12-31,43,54,Vehicles,714,455.92,Day,0,0.211
6474,2021-12-31,16,571,Textiles,806,502.08,Night,0,0.222
6475,2021-12-31,2,76,Vehicles,329,579.36,Day,0,0.277
6476,2021-12-31,44,373,Food,731,485.01,Night,0,0.093
6477,2022-01-01,10,5,Food,216,430.62,Night,0,0.165
6478,2022-01-01,30,15,Vehicles,375,571.9,Day,0,0.217
6479,2022-01-01,29,468,Textiles,1353,558.44,Night,0,0.269
6480,2022-01-01,39,543,Textiles,252,1862.79,Day,1,0.753
6481,2022-01-01,45,281,Vehicles,206,517.56,Day,0,0.02
6482,2022-01-01,10,612,Chemicals,1319,586.77,Night,0,0.25
6483,2022-01-01,21,366,Chemicals,983,515.27,Day,0,0.229
6484,2022-01-01,28,217,Vehicles,147,535.3,Day,0,0.048
6485,2022-01-01,7,479,Machinery,994,545.2,Night,0,0.272
6486,2022-01-01,32,293,Chemicals,302,453.16,Night,0,0.064
6487,2022-01-02,37,356,Vehicles,1375,634.96,Day,0,0.119
6488,2022-01-02,5,594,Textiles,767,495.05,Day,0,0.01
6489,2022-01-02,37,312,Electronics,711,389.89,Night,0,0.128
6490,2022-01-02,13,463,Food,954,514.13,Day,0,0.231
6491,2022-01-02,23,557,Food,1119,465.83,Night,0,0.097
6492,2022-01-02,32,498,Food,340,539.43,Day,0,0.258
6493,2022-01-02,4,406,Textiles,1290,475.7,Night,0,0.03
6494,2022-01-02,38,6,Textiles,381,502.41,Night,0,0.253
6495,2022-01-03,33,468,Food,439,471.67,Day,0,0.185
6496,2022-01-03,3,559,Raw Materials,713,554.16,Day,0,0.122
6497,2022-01-03,1,400,Textiles,475,495.87,Day,0,0.125
6498,2022-01-03,30,339,Raw Materials,1389,528.28,Day,0,0.008
6499,2022-01-03,40,162,Food,457,562.91,Day,0,0.168
6500,2022-01-03,12,595,Food,882,581.35,Night,0,0.264
6501,2022-01-03,9,505,Chemicals,763,530.49,Night,0,0.153
6502,2022-01-03,17,605,Vehicles,287,513.09,Night,0,0.029
6503,2022-01-03,44,612,Food,857,519.4,Night,0,0.295
6504,2022-01-04,15,233,Textiles,1453,452.35,Night,0,0.183
6505,2022-01-04,39,629,Machinery,1309,464.2,Day,0,0.194
6506,2022-01-04,39,348,Chemicals,1226,614.55,Day,0,0.196
6507,2022-01-04,21,82,Electronics,1270,499.29,Day,0,0.2
6508,2022-01-04,37,469,Raw Materials,229,482.42,Day,0,0.086
6509,2022-01-04,39,434,Chemicals,967,548.47,Day,0,0.029
6510,2022-01-04,4,323,Food,1477,469.91,Day,0,0.097
6511,2022-01-04,25,105,Vehicles,651,588.61,Night,0,0.147
6512,2022-01-05,34,213,Vehicles,695,548.51,Night,0,0.221
6513,2022-01-05,11,92,Vehicles,713,546.43,Day,0,0.244
6514,2022-01-05,33,192,Food,655,563.5,Night,0,0.25
6515,2022-01-05,36,454,Food,773,555.31,Day,0,0.298
6516,2022-01-05,8,621,Textiles,519,539.03,Day,0,0.25
6517,2022-01-05,30,3,Raw Materials,1286,1904.84,Night,1,0.821
6518,2022-01-05,43,434,Electronics,532,494.86,Night,0,0.245
6519,2022-01-05,11,555,Raw Materials,1239,558.77,Night,0,0.233
6520,2022-01-05,24,603,Textiles,427,615.69,Night,0,0.221
6521,2022-01-05,45,420,Chemicals,951,447.84,Day,0,0.117
6522,2022-01-05,44,258,Machinery,142,462.12,Day,0,0.194
6523,2022-01-05,32,435,Electronics,122,532.44,Day,0,0.197
6524,2022-01-06,40,266,Textiles,885,534.88,Night,0,0.1
6525,2022-01-06,31,211,Textiles,635,559.19,Night,0,0.198
6526,2022-01-06,13,210,Food,1261,467.89,Night,0,0.208
6527,2022-01-06,18,607,Chemicals,1207,522.68,Day,0,0.261
6528,2022-01-06,8,575,Vehicles,1456,431.96,Day,0,0.212
6529,2022-01-06,6,123,Chemicals,1069,425.9,Day,0,0.063
6530,2022-01-07,18,241,Food,266,441.91,Day,0,0.133
6531,2022-01-07,43,477,Chemicals,1102,427.13,Day,0,0.074
6532,2022-01-07,33,497,Raw Materials,1149,520.1,Day,0,0.058
6533,2022-01-07,12,177,Raw Materials,1139,539.39,Day,0,0.085
6534,2022-01-07,19,245,Electronics,1336,501.8,Night,0,0.233
6535,2022-01-07,36,101,Food,1300,476.87,Night,0,0.24
6536,2022-01-08,43,349,Electronics,1394,540.65,Day,0,0.088
6537,2022-01-08,9,282,Machinery,189,493.44,Day,0,0.249
6538,2022-01-08,15,98,Machinery,1108,442.25,Day,0,0.063
6539,2022-01-08,3,230,Raw Materials,799,517.03,Day,0,0.212
6540,2022-01-08,41,94,Chemicals,556,430.36,Night,0,0.104
6541,2022-01-08,8,239,Textiles,434,505.12,Night,0,0.1
6542,2022-01-08,10,628,Textiles,956,508.45,Night,0,0.3
6543,2022-01-09,12,84,Machinery,1025,525.11,Day,0,0.154
6544,2022-01-09,7,136,Electronics,1036,501.17,Night,0,0.197
6545,2022-01-09,28,292,Vehicles,536,443.58,Night,0,0.227
6546,2022-01-09,16,341,Vehicles,305,569.17,Day,0,0.081
6547,2022-01-09,39,387,Electronics,1308,544.78,Night,0,0.158
6548,2022-01-09,33,600,Food,656,573.9,Night,0,0.216
6549,2022-01-09,18,609,Chemicals,820,497.97,Night,0,0.229
6550,2022-01-09,19,502,Raw Materials,727,592.2,Night,0,0.204
6551,2022-01-09,29,370,Chemicals,1265,511.76,Night,0,0.115
6552,2022-01-10,19,309,Food,961,510.69,Night,0,0.109
6553,2022-01-10,20,530,Raw Materials,698,508.49,Day,0,0.266
6554,2022-01-10,33,547,Food,876,499.15,Night,0,0.005
6555,2022-01-10,36,626,Electronics,612,528.35,Day,0,0.088
6556,2022-01-10,5,244,Chemicals,994,544.04,Day,0,0.185
6557,2022-01-10,32,349,Textiles,548,471.51,Night,0,0.3
6558,2022-01-11,29,125,Food,410,456.69,Night,0,0.035
6559,2022-01-11,21,2,Raw Materials,1179,489.57,Day,0,0.086
6560,2022-01-11,9,185,Raw Materials,1032,467.07,Day,0,0.013
6561,2022-01-11,20,71,Food,543,494.73,Night,0,0.257
6562,2022-01-11,16,166,Textiles,1337,495.62,Day,0,0.188
6563,2022-01-11,32,467,Chemicals,863,601.42,Day,0,0.275
6564,2022-01-11,13,472,Food,1497,637.54,Night,0,0.268
6565,2022-01-11,12,426,Chemicals,279,471.37,Day,0,0.23
6566,2022-01-11,7,63,Raw Materials,1139,491.32,Night,0,0.207
6567,2022-01-11,34,96,Electronics,1332,494.56,Day,0,0.245
6568,2022-01-11,46,574,Food,376,497.96,Day,0,0.001
6569,2022-01-12,13,206,Food,485,515.14,Night,0,0.203
6570,2022-01-12,46,102,Chemicals,1380,969.05,Night,1,0.978
6571,2022-01-12,37,221,Food,403,506.1,Day,0,0.232
6572,2022-01-12,3,26,Vehicles,1041,536.16,Day,0,0.113
6573,2022-01-12,15,137,Vehicles,565,553.65,Night,0,0.149
6574,2022-01-12,11,314,Machinery,1129,516.43,Night,0,0.172
6575,2022-01-12,2,498,Chemicals,271,534.8,Day,0,0.243
6576,2022-01-12,38,443,Electronics,400,483.37,Day,0,0.033
6577,2022-01-13,43,184,Raw Materials,433,525.08,Night,0,0.053
6578,2022-01-13,3,452,Textiles,1293,511.14,Night,0,0.023
6579,2022-01-13,10,554,Electronics,284,584.97,Day,0,0.173
6580,2022-01-13,7,437,Food,215,473.18,Night,0,0.264
6581,2022-01-13,4,54,Food,707,580.29,Night,0,0.117
6582,2022-01-13,8,130,Electronics,896,488.17,Day,0,0.253
6583,2022-01-13,24,95,Electronics,139,512.56,Day,0,0.105
6584,2022-01-13,20,245,Vehicles,584,603.13,Night,0,0.257
6585,2022-01-13,29,94,Raw Materials,849,400.55,Night,0,0.014
6586,2022-01-13,12,110,Textiles,259,495.9,Day,0,0.058
6587,2022-01-14,31,138,Raw Materials,331,546.5,Night,0,0.009
6588,2022-01-14,14,89,Chemicals,879,536.39,Day,0,0.132
6589,2022-01-14,24,38,Raw Materials,1030,467.81,Night,0,0.203
6590,2022-01-14,11,157,Food,676,448.96,Day,0,0.24
6591,2022-01-14,22,286,Machinery,555,526.98,Night,0,0.111
6592,2022-01-14,39,55,Machinery,792,451.0,Day,0,0.3
6593,2022-01-14,19,163,Machinery,426,532.02,Day,0,0.26
6594,2022-01-15,9,172,Vehicles,1086,498.21,Night,0,0.148
6595,2022-01-15,42,451,Food,828,554.45,Day,0,0.043
6596,2022-01-15,11,45,Textiles,974,492.98,Night,0,0.296
6597,2022-01-15,24,296,Textiles,207,474.92,Night,0,0.253
6598,2022-01-15,42,408,Vehicles,1424,542.34,Day,0,0.255
6599,2022-01-15,33,498,Electronics,322,490.68,Day,0,0.103
6600,2022-01-15,37,618,Chemicals,288,521.54,Night,0,0.223
6601,2022-01-15,44,326,Raw Materials,475,1559.73,Night,1,0.764
6602,2022-01-15,41,477,Vehicles,1174,535.92,Day,0,0.164
6603,2022-01-15,34,525,Food,1179,510.68,Day,0,0.151
6604,2022-01-15,15,438,Food,638,455.78,Night,0,0.134
6605,2022-01-16,40,460,Food,372,470.79,Night,0,0.174
6606,2022-01-16,4,311,Machinery,1185,558.13,Day,0,0.143
6607,2022-01-16,26,528,Textiles,1113,558.89,Night,0,0.208
6608,2022-01-16,29,536,Raw Materials,1085,492.18,Night,0,0.229
6609,2022-01-16,15,59,Food,1185,605.52,Day,0,0.157
6610,2022-01-16,39,268,Electronics,320,498.04,Night,0,0.269
6611,2022-01-16,15,163,Machinery,1087,562.67,Night,0,0.178
6612,2022-01-16,30,345,Chemicals,999,557.83,Day,0,0.006
6613,2022-01-16,1,151,Raw Materials,1354,479.22,Night,0,0.23
6614,2022-01-16,32,360,Electronics,850,483.37,Night,0,0.054
6615,2022-01-16,37,252,Electronics,553,499.82,Night,0,0.242
6616,2022-01-16,18,111,Chemicals,1255,489.02,Night,0,0.197
6617,2022-01-17,43,59,Machinery,1109,443.67,Day,0,0.234
6618,2022-01-17,15,158,Electronics,245,596.74,Night,0,0.137
6619,2022-01-17,13,35,Vehicles,1092,562.06,Day,0,0.124
6620,2022-01-17,30,606,Textiles,1052,550.12,Day,0,0.209
6621,2022-01-17,31,222,Machinery,1269,545.22,Day,0,0.147
6622,2022-01-17,27,49,Electronics,133,448.6,Day,0,0.191
6623,2022-01-18,29,482,Electronics,103,457.27,Night,0,0.065
6624,2022-01-18,24,408,Vehicles,246,468.99,Night,0,0.113
6625,2022-01-18,1,540,Raw Materials,599,527.83,Night,0,0.249
6626,2022-01-18,7,7,Raw Materials,387,485.14,Day,0,0.035
6627,2022-01-18,45,406,Raw Materials,1357,534.74,Day,0,0.037
6628,2022-01-18,5,560,Vehicles,875,540.63,Day,0,0.237
6629,2022-01-18,38,115,Raw Materials,882,540.81,Day,0,0.143
6630,2022-01-18,5,41,Food,1357,479.62,Day,0,0.024
6631,2022-01-18,28,235,Textiles,406,514.68,Day,0,0.077
6632,2022-01-18,9,605,Textiles,1392,485.79,Night,0,0.13
6633,2022-01-18,10,112,Raw Materials,1092,597.87,Day,0,0.076
6634,2022-01-19,39,400,Food,173,500.35,Night,0,0.212
6635,2022-01-19,11,86,Food,639,494.92,Day,0,0.284
6636,2022-01-19,40,337,Chemicals,702,497.26,Day,0,0.076
6637,2022-01-19,9,429,Chemicals,867,527.89,Day,0,0.096
6638,2022-01-19,33,454,Electronics,497,529.73,Night,0,0.046
6639,2022-01-19,26,93,Textiles,1405,535.67,Day,0,0.125
6640,2022-01-19,28,474,Food,1160,543.58,Night,0,0.053
6641,2022-01-19,32,568,Machinery,499,524.25,Day,0,0.09
6642,2022-01-20,15,33,Machinery,901,480.31,Night,0,0.227
6643,2022-01-20,28,179,Electronics,1395,552.24,Night,0,0.13
6644,2022-01-20,42,320,Vehicles,185,579.1,Day,0,0.214
6645,2022-01-20,8,425,Raw Materials,1319,489.02,Night,0,0.096
6646,2022-01-20,33,272,Machinery,804,547.84,Night,0,0.215
6647,2022-01-20,8,252,Electronics,805,523.2,Night,0,0.175
6648,2022-01-20,41,179,Raw Materials,540,512.28,Night,0,0.235
6649,2022-01-20,12,480,Machinery,756,498.45,Night,0,0.038
6650,2022-01-20,20,609,Machinery,725,604.95,Night,0,0.083
6651,2022-01-21,13,31,Chemicals,1417,542.73,Day,0,0.098
6652,2022-01-21,37,301,Chemicals,1234,534.2,Night,0,0.052
6653,2022-01-21,14,140,Food,781,497.39,Day,0,0.154
6654,2022-01-21,11,136,Raw Materials,847,463.77,Night,0,0.201
6655,2022-01-21,20,620,Vehicles,110,664.36,Day,0,0.184
6656,2022-01-21,1,116,Chemicals,1401,489.48,Day,0,0.119
6657,2022-01-22,40,80,Vehicles,1035,481.09,Night,0,0.263
6658,2022-01-22,8,81,Vehicles,1182,499.74,Night,0,0.114
6659,2022-01-22,10,217,Food,598,496.44,Day,0,0.107
6660,2022-01-22,30,415,Electronics,1281,494.02,Night,0,0.113
6661,2022-01-22,39,460,Electronics,855,570.2,Night,0,0.236
6662,2022-01-22,9,124,Electronics,178,427.54,Night,0,0.181
6663,2022-01-22,6,64,Vehicles,1284,1185.53,Day,1,0.846
6664,2022-01-22,9,15,Food,913,464.65,Night,0,0.044
6665,2022-01-22,42,423,Textiles,117,531.22,Day,0,0.059
6666,2022-01-22,11,404,Machinery,563,448.13,Night,0,0.03
6667,2022-01-22,20,253,Vehicles,225,477.57,Day,0,0.259
6668,2022-01-22,31,81,Electronics,645,506.88,Night,0,0.289
6669,2022-01-23,19,138,Electronics,870,454.71,Day,0,0.267
6670,2022-01-23,19,204,Raw Materials,1136,442.58,Day,0,0.019
6671,2022-01-23,32,308,Vehicles,1206,516.5,Day,0,0.262
6672,2022-01-23,23,546,Vehicles,1071,434.35,Night,0,0.167
6673,2022-01-23,38,300,Food,373,531.75,Night,0,0.247
6674,2022-01-23,42,313,Raw Materials,1343,394.65,Night,0,0.169
6675,2022-01-23,38,557,Chemicals,689,1448.32,Day,1,0.784
6676,2022-01-23,8,22,Electronics,714,568.16,Day,0,0.183
6677,2022-01-23,8,113,Machinery,1178,477.74,Night,0,0.222
6678,2022-01-24,3,355,Vehicles,1369,548.85,Night,0,0.115
6679,2022-01-24,9,442,Raw Materials,540,519.08,Day,0,0.279
6680,2022-01-24,1,34,Vehicles,809,550.63,Day,0,0.283
6681,2022-01-24,39,343,Raw Materials,1409,465.05,Day,0,0.247
6682,2022-01-24,43,224,Chemicals,834,570.62,Day,0,0.109
6683,2022-01-24,32,33,Chemicals,294,498.28,Day,0,0.037
6684,2022-01-24,16,212,Textiles,501,476.94,Night,0,0.267
6685,2022-01-24,37,181,Food,277,460.54,Day,0,0.166
6686,2022-01-24,36,488,Machinery,240,556.14,Day,0,0.285
6687,2022-01-24,39,221,Vehicles,1470,447.32,Night,0,0.274
6688,2022-01-24,18,552,Food,987,530.76,Day,0,0.273
6689,2022-01-25,40,435,Chemicals,1478,526.4,Night,0,0.23
6690,2022-01-25,1,614,Textiles,961,436.94,Day,0,0.198
6691,2022-01-25,46,488,Chemicals,1465,484.27,Night,0,0.067
6692,2022-01-25,43,451,Electronics,1308,460.21,Day,0,0.283
6693,2022-01-25,23,37,Machinery,1361,431.89,Night,0,0.299
6694,2022-01-25,35,322,Textiles,775,461.91,Night,0,0.083
6695,2022-01-25,6,431,Raw Materials,1271,514.99,Night,0,0.026
6696,2022-01-26,41,555,Food,158,536.67,Night,0,0.225
6697,2022-01-26,9,102,Machinery,1444,531.37,Day,0,0.123
6698,2022-01-26,11,237,Vehicles,350,431.6,Night,0,0.26
6699,2022-01-26,10,609,Machinery,825,509.86,Day,0,0.251
6700,2022-01-26,16,636,Electronics,1427,550.49,Night,0,0.153
6701,2022-01-26,44,330,Food,507,553.66,Night,0,0.101
6702,2022-01-26,44,462,Machinery,695,511.4,Night,0,0.267
6703,2022-01-26,27,355,Textiles,530,547.69,Day,0,0.266
6704,2022-01-26,15,249,Chemicals,181,523.66,Night,0,0.22
6705,2022-01-27,45,518,Machinery,214,479.19,Night,0,0.26
6706,2022-01-27,2,468,Machinery,973,1321.91,Night,1,0.892
6707,2022-01-27,23,20,Vehicles,403,382.17,Night,0,0.185
6708,2022-01-27,24,355,Chemicals,889,567.84,Day,0,0.076
6709,2022-01-27,18,110,Electronics,469,483.91,Night,0,0.078
6710,2022-01-27,37,447,Textiles,530,491.83,Night,0,0.236
6711,2022-01-27,25,52,Electronics,237,1196.37,Day,1,0.732
6712,2022-01-27,41,222,Textiles,541,487.34,Day,0,0.175
6713,2022-01-27,42,149,Electronics,1259,550.12,Night,0,0.168
6714,2022-01-28,7,626,Textiles,363,560.01,Night,0,0.1
6715,2022-01-28,7,538,Machinery,841,459.12,Day,0,0.01
6716,2022-01-28,34,442,Vehicles,754,534.73,Night,0,0.038
6717,2022-01-28,9,314,Food,363,489.35,Day,0,0.032
6718,2022-01-28,26,447,Raw Materials,264,444.02,Night,0,0.147
6719,2022-01-28,5,212,Raw Materials,1358,528.57,Day,0,0.074
6720,2022-01-28,16,334,Vehicles,1101,462.93,Day,0,0.128
6721,2022-01-28,12,353,Textiles,605,551.42,Night,0,0.028
6722,2022-01-28,34,131,Machinery,968,483.34,Night,0,0.101
6723,2022-01-28,25,220,Machinery,447,439.38,Day,0,0.208
6724,2022-01-28,27,177,Raw Materials,499,524.37,Day,0,0.07
6725,2022-01-28,22,25,Chemicals,680,432.08,Day,0,0.178
6726,2022-01-29,41,518,Food,1013,549.35,Night,0,0.223
6727,2022-01-29,28,323,Vehicles,618,484.36,Night,0,0.257
6728,2022-01-29,32,223,Electronics,360,513.58,Day,0,0.272
6729,2022-01-29,33,557,Machinery,672,575.95,Night,0,0.065
6730,2022-01-29,5,349,Chemicals,735,425.05,Day,0,0.114
6731,2022-01-29,4,559,Food,956,443.38,Night,0,0.066
6732,2022-01-29,32,273,Machinery,1107,444.46,Night,0,0.092
6733,2022-01-29,11,348,Vehicles,1162,580.69,Day,0,0.075
6734,2022-01-29,6,27,Food,1039,398.1,Night,0,0.041
6735,2022-01-29,40,457,Raw Materials,883,438.23,Night,0,0.232
6736,2022-01-29,27,511,Raw Materials,583,581.61,Day,0,0.07
6737,2022-01-29,25,452,Machinery,624,500.99,Night,0,0.269
6738,2022-01-30,36,258,Textiles,1060,534.59,Day,0,0.225
6739,2022-01-30,8,533,Vehicles,212,556.2,Day,0,0.083
6740,2022-01-30,40,252,Vehicles,1146,489.59,Night,0,0.221
6741,2022-01-30,8,498,Vehicles,376,554.72,Day,0,0.199
6742,2022-01-30,28,407,Food,992,407.38,Night,0,0.029
6743,2022-01-30,33,274,Textiles,1140,411.88,Night,0,0.158
6744,2022-01-30,33,312,Raw Materials,1125,518.11,Night,0,0.218
6745,2022-01-30,40,365,Vehicles,1289,478.4,Night,0,0.026
6746,2022-01-30,39,301,Electronics,1425,514.52,Night,0,0.016
6747,2022-01-30,25,604,Raw Materials,561,496.31,Day,0,0.006
6748,2022-01-30,42,210,Raw Materials,1110,465.39,Day,0,0.289
6749,2022-01-31,34,436,Chemicals,136,531.18,Night,0,0.243
6750,2022-01-31,4,234,Food,386,519.87,Day,0,0.029
6751,2022-01-31,11,41,Machinery,865,592.79,Night,0,0.101
6752,2022-01-31,37,290,Machinery,995,354.78,Night,0,0.214
6753,2022-01-31,41,584,Raw Materials,244,576.7,Night,0,0.283
6754,2022-01-31,44,581,Raw Materials,1309,527.92,Day,0,0.09
6755,2022-01-31,21,211,Textiles,1009,486.49,Night,0,0.135
6756,2022-01-31,32,386,Electronics,1403,539.61,Day,0,0.059
6757,2022-01-31,20,329,Raw Materials,239,582.33,Night,0,0.036
6758,2022-02-01,13,525,Vehicles,722,505.11,Day,0,0.25
6759,2022-02-01,37,601,Chemicals,235,574.98,Night,0,0.156
6760,2022-02-01,22,591,Food,197,653.58,Day,0,0.009
6761,2022-02-01,12,287,Vehicles,1023,571.61,Day,0,0.265
6762,2022-02-01,32,255,Electronics,518,532.5,Day,0,0.19
6763,2022-02-01,20,65,Vehicles,1000,537.77,Night,0,0.261
6764,2022-02-01,26,167,Raw Materials,1083,552.98,Day,0,0.141
6765,2022-02-01,43,302,Vehicles,1348,520.7,Day,0,0.041
6766,2022-02-01,18,555,Electronics,797,545.27,Day,0,0.271
6767,2022-02-01,22,21,Vehicles,1262,477.14,Night,0,0.206
6768,2022-02-01,43,282,Raw Materials,264,504.63,Night,0,0.126
6769,2022-02-02,41,327,Textiles,911,468.97,Day,0,0.145
6770,2022-02-02,28,325,Raw Materials,1139,553.51,Night,0,0.251
6771,2022-02-02,14,453,Vehicles,1018,427.78,Night,0,0.037
6772,2022-02-02,5,590,Raw Materials,1442,558.75,Day,0,0.236
6773,2022-02-02,32,389,Electronics,1463,608.75,Night,0,0.0
6774,2022-02-02,11,450,Raw Materials,429,392.6,Night,0,0.092
6775,2022-02-02,12,454,Chemicals,100,497.11,Night,0,0.149
6776,2022-02-02,41,41,Raw Materials,687,476.98,Night,0,0.285
6777,2022-02-02,37,315,Vehicles,1206,456.32,Day,0,0.091
6778,2022-02-02,42,524,Vehicles,656,533.12,Night,0,0.058
6779,2022-02-02,12,8,Vehicles,1290,541.82,Day,0,0.121
6780,2022-02-03,2,212,Food,862,546.21,Night,0,0.221
6781,2022-02-03,32,545,Raw Materials,687,487.83,Night,0,0.266
6782,2022-02-03,14,5,Food,957,572.84,Day,0,0.005
6783,2022-02-03,33,115,Chemicals,407,565.02,Day,0,0.078
6784,2022-02-03,9,168,Machinery,726,620.21,Night,0,0.208
6785,2022-02-03,24,4,Raw Materials,745,437.24,Night,0,0.07
6786,2022-02-03,19,584,Vehicles,968,594.48,Day,0,0.044
6787,2022-02-03,43,260,Machinery,977,642.16,Night,0,0.204
6788,2022-02-03,33,61,Electronics,224,1188.3,Night,1,0.858
6789,2022-02-04,46,541,Food,331,465.76,Night,0,0.181
6790,2022-02-04,25,628,Textiles,600,471.48,Night,0,0.227
6791,2022-02-04,41,230,Chemicals,1135,528.4,Day,0,0.129
6792,2022-02-04,33,216,Textiles,1289,553.66,Night,0,0.045
6793,2022-02-04,33,126,Chemicals,1241,542.34,Night,0,0.273
6794,2022-02-04,25,357,Vehicles,390,475.36,Day,0,0.011
6795,2022-02-04,41,618,Machinery,1212,564.57,Day,0,0.04
6796,2022-02-04,38,619,Machinery,1157,526.71,Day,0,0.274
6797,2022-02-04,26,32,Chemicals,692,551.81,Day,0,0.217
6798,2022-02-04,4,555,Machinery,415,621.39,Night,0,0.046
6799,2022-02-04,43,445,Textiles,280,542.85,Day,0,0.222
6800,2022-02-04,29,552,Machinery,1473,506.64,Night,0,0.21
6801,2022-02-05,5,546,Textiles,192,489.71,Day,0,0.129
6802,2022-02-05,37,583,Chemicals,167,572.85,Day,0,0.208
6803,2022-02-05,18,44,Chemicals,624,503.63,Night,0,0.072
6804,2022-02-05,18,570,Machinery,484,536.37,Night,0,0.033
6805,2022-02-05,35,281,Textiles,1198,557.56,Day,0,0.042
6806,2022-02-05,20,22,Chemicals,846,417.74,Night,0,0.055
6807,2022-02-05,30,413,Textiles,1227,476.93,Day,0,0.198
6808,2022-02-05,34,331,Electronics,1052,596.21,Day,0,0.279
6809,2022-02-05,46,307,Textiles,1427,510.41,Day,0,0.238
6810,2022-02-06,38,603,Machinery,1264,481.4,Night,0,0.209
6811,2022-02-06,18,321,Food,232,560.54,Day,0,0.227
6812,2022-02-06,15,354,Food,659,448.91,Night,0,0.086
6813,2022-02-06,21,241,Raw Materials,701,465.97,Night,0,0.146
6814,2022-02-06,37,620,Machinery,391,484.35,Night,0,0.042
6815,2022-02-06,28,315,Vehicles,1482,653.81,Night,0,0.071
6816,2022-02-07,1,152,Electronics,378,569.84,Night,0,0.109
6817,2022-02-07,4,488,Raw Materials,1352,405.82,Night,0,0.169
6818,2022-02-07,35,40,Electronics,616,509.07,Night,0,0.261
6819,2022-02-07,25,609,Electronics,990,441.32,Day,0,0.287
6820,2022-02-07,3,510,Raw Materials,113,484.87,Night,0,0.121
6821,2022-02-07,40,83,Food,1184,529.41,Night,0,0.26
6822,2022-02-08,11,148,Food,752,468.19,Night,0,0.131
6823,2022-02-08,12,218,Chemicals,296,469.91,Day,0,0.093
6824,2022-02-08,6,195,Vehicles,274,617.22,Night,0,0.121
6825,2022-02-08,39,204,Electronics,588,470.51,Day,0,0.176
6826,2022-02-08,3,494,Food,1450,503.94,Day,0,0.131
6827,2022-02-08,24,67,Raw Materials,983,517.13,Day,0,0.195
6828,2022-02-08,5,144,Food,184,459.94,Night,0,0.151
6829,2022-02-08,8,66,Raw Materials,490,565.98,Night,0,0.18
6830,2022-02-08,34,149,Food,743,500.74,Day,0,0.132
6831,2022-02-08,34,597,Chemicals,1134,1266.26,Night,1,0.866
6832,2022-02-08,4,370,Electronics,1129,460.98,Day,0,0.096
6833,2022-02-09,4,574,Vehicles,318,500.38,Day,0,0.079
6834,2022-02-09,35,363,Food,639,485.36,Night,0,0.165
6835,2022-02-09,36,279,Electronics,1316,554.58,Night,0,0.128
6836,2022-02-09,20,471,Textiles,482,465.08,Day,0,0.192
6837,2022-02-09,4,382,Textiles,1036,484.62,Night,0,0.114
6838,2022-02-09,15,29,Raw Materials,860,554.38,Day,0,0.002
6839,2022-02-09,42,317,Vehicles,901,540.98,Night,0,0.042
6840,2022-02-09,44,227,Electronics,954,468.64,Night,0,0.112
6841,2022-02-09,25,444,Raw Materials,837,1558.01,Day,1,0.808
6842,2022-02-09,24,469,Food,1092,511.74,Night,0,0.172
6843,2022-02-09,31,587,Textiles,297,570.44,Day,0,0.139
6844,2022-02-09,37,608,Vehicles,490,508.78,Day,0,0.046
6845,2022-02-10,37,397,Textiles,355,560.25,Day,0,0.082
6846,2022-02-10,5,316,Food,1483,537.86,Day,0,0.051
6847,2022-02-10,7,77,Chemicals,994,456.86,Day,0,0.145
6848,2022-02-10,13,566,Raw Materials,548,459.42,Day,0,0.237
6849,2022-02-10,1,627,Electronics,638,509.8,Day,0,0.276
6850,2022-02-10,1,213,Machinery,544,528.15,Night,0,0.221
6851,2022-02-10,12,528,Food,1396,538.61,Night,0,0.289
6852,2022-02-10,36,403,Raw Materials,1188,1618.17,Night,1,0.8
6853,2022-02-10,36,42,Electronics,837,551.08,Day,0,0.264
6854,2022-02-10,14,558,Food,1060,494.97,Day,0,0.26
6855,2022-02-10,4,95,Food,552,430.3,Night,0,0.292
6856,2022-02-11,35,110,Machinery,1029,362.77,Day,0,0.273
6857,2022-02-11,18,635,Raw Materials,677,635.24,Day,0,0.034
6858,2022-02-11,43,117,Food,975,393.93,Night,0,0.267
6859,2022-02-11,43,609,Food,326,502.81,Night,0,0.122
6860,2022-02-11,24,425,Machinery,900,512.72,Day,0,0.166
6861,2022-02-11,19,322,Chemicals,1398,499.93,Night,0,0.149
6862,2022-02-11,28,370,Textiles,1327,1437.72,Night,1,0.783
6863,2022-02-11,9,239,Raw Materials,976,539.14,Day,0,0.153
6864,2022-02-11,20,629,Textiles,1427,582.83,Day,0,0.094
6865,2022-02-12,36,530,Machinery,546,490.4,Day,0,0.112
6866,2022-02-12,14,206,Vehicles,838,455.02,Day,0,0.06
6867,2022-02-12,44,202,Machinery,332,546.09,Night,0,0.049
6868,2022-02-12,33,297,Chemicals,708,398.95,Night,0,0.293
6869,2022-02-12,37,197,Chemicals,459,491.21,Night,0,0.033
6870,2022-02-12,25,78,Textiles,428,562.54,Night,0,0.104
6871,2022-02-12,35,350,Vehicles,503,552.36,Night,0,0.209
6872,2022-02-13,32,312,Textiles,1016,573.52,Day,0,0.082
6873,2022-02-13,29,200,Chemicals,1276,490.58,Night,0,0.122
6874,2022-02-13,29,497,Machinery,355,496.94,Day,0,0.073
6875,2022-02-13,19,269,Food,354,526.74,Day,0,0.1
6876,2022-02-13,5,600,Food,313,534.97,Day,0,0.039
6877,2022-02-13,28,243,Textiles,614,637.68,Night,0,0.026
6878,2022-02-13,29,50,Food,1342,513.41,Night,0,0.091
6879,2022-02-13,21,218,Machinery,815,522.06,Day,0,0.114
6880,2022-02-13,7,283,Vehicles,323,498.09,Night,0,0.284
6881,2022-02-13,5,360,Chemicals,484,395.85,Night,0,0.002
6882,2022-02-13,40,91,Food,246,504.72,Day,0,0.152
6883,2022-02-14,40,6,Electronics,1275,439.91,Night,0,0.09
6884,2022-02-14,23,105,Textiles,834,544.65,Night,0,0.175
6885,2022-02-14,45,368,Textiles,487,398.54,Night,0,0.011
6886,2022-02-14,30,180,Machinery,259,467.97,Night,0,0.155
6887,2022-02-14,35,264,Textiles,1162,552.94,Day,0,0.159
6888,2022-02-14,30,174,Vehicles,147,472.77,Day,0,0.181
6889,2022-02-15,2,320,Food,613,487.84,Night,0,0.113
6890,2022-02-15,1,268,Vehicles,354,532.78,Night,0,0.184
6891,2022-02-15,33,86,Chemicals,532,528.91,Night,0,0.113
6892,2022-02-15,46,143,Chemicals,440,492.07,Night,0,0.149
6893,2022-02-15,28,628,Electronics,636,538.43,Night,0,0.267
6894,2022-02-15,22,600,Food,1050,507.67,Day,0,0.063
6895,2022-02-15,10,169,Raw Materials,1445,532.74,Night,0,0.29
6896,2022-02-15,23,215,Chemicals,725,484.48,Night,0,0.029
6897,2022-02-15,44,356,Food,397,433.12,Night,0,0.215
6898,2022-02-16,36,470,Machinery,622,536.53,Day,0,0.21
6899,2022-02-16,6,265,Electronics,892,495.5,Day,0,0.256
6900,2022-02-16,45,205,Food,959,594.41,Night,0,0.015
6901,2022-02-16,42,161,Food,454,467.79,Night,0,0.226
6902,2022-02-16,37,188,Chemicals,1166,511.17,Day,0,0.108
6903,2022-02-16,30,624,Textiles,1423,448.52,Day,0,0.263
6904,2022-02-16,36,579,Chemicals,767,465.73,Day,0,0.145
6905,2022-02-16,32,330,Textiles,654,480.52,Day,0,0.094
6906,2022-02-16,11,528,Machinery,513,464.05,Night,0,0.128
6907,2022-02-16,27,434,Raw Materials,1029,1197.99,Night,1,0.888
6908,2022-02-17,15,529,Food,530,502.77,Night,0,0.204
6909,2022-02-17,17,183,Food,688,499.52,Day,0,0.087
6910,2022-02-17,22,465,Textiles,1137,471.54,Night,0,0.189
6911,2022-02-17,40,436,Textiles,360,468.31,Day,0,0.011
6912,2022-02-17,13,350,Raw Materials,795,553.35,Day,0,0.019
6913,2022-02-17,5,502,Vehicles,686,524.31,Day,0,0.282
6914,2022-02-17,28,546,Vehicles,623,488.86,Day,0,0.289
6915,2022-02-18,21,426,Electronics,1217,1445.04,Day,1,0.706
6916,2022-02-18,12,106,Chemicals,1292,541.27,Day,0,0.109
6917,2022-02-18,12,99,Textiles,1148,500.28,Night,0,0.273
6918,2022-02-18,7,269,Chemicals,938,555.87,Day,0,0.188
6919,2022-02-18,27,131,Food,640,458.3,Day,0,0.194
6920,2022-02-18,18,330,Raw Materials,1365,619.46,Day,0,0.163
6921,2022-02-18,29,506,Raw Materials,260,483.06,Day,0,0.03
6922,2022-02-18,12,433,Chemicals,500,436.32,Night,0,0.212
6923,2022-02-18,26,195,Food,650,433.56,Night,0,0.215
6924,2022-02-19,37,193,Electronics,798,538.67,Day,0,0.17
6925,2022-02-19,16,181,Vehicles,1222,542.84,Day,0,0.136
6926,2022-02-19,36,481,Vehicles,431,519.49,Night,0,0.002
6927,2022-02-19,12,221,Machinery,682,586.82,Night,0,0.187
6928,2022-02-19,40,547,Textiles,1343,532.58,Night,0,0.18
6929,2022-02-19,24,13,Vehicles,1248,387.7,Night,0,0.171
6930,2022-02-19,39,580,Vehicles,1174,576.06,Day,0,0.3
6931,2022-02-19,42,127,Textiles,1496,446.05,Night,0,0.289
6932,2022-02-19,6,613,Electronics,390,539.55,Day,0,0.109
6933,2022-02-19,8,507,Textiles,911,594.13,Night,0,0.063
6934,2022-02-19,14,208,Machinery,170,450.04,Day,0,0.233
6935,2022-02-19,38,620,Machinery,989,433.12,Night,0,0.111
6936,2022-02-20,18,218,Electronics,888,516.3,Day,0,0.02
6937,2022-02-20,46,415,Raw Materials,272,468.42,Night,0,0.062
6938,2022-02-20,40,413,Vehicles,694,566.0,Night,0,0.023
6939,2022-02-20,22,363,Machinery,235,437.3,Night,0,0.299
6940,2022-02-20,10,473,Textiles,948,1372.92,Night,1,0.864
6941,2022-02-20,38,339,Textiles,1024,388.43,Night,0,0.09
6942,2022-02-20,17,165,Electronics,636,407.95,Day,0,0.231
6943,2022-02-20,11,104,Food,1222,463.28,Day,0,0.228
6944,2022-02-20,40,525,Textiles,191,520.71,Day,0,0.014
6945,2022-02-20,37,634,Food,354,537.18,Day,0,0.001
6946,2022-02-21,4,572,Electronics,1462,491.05,Night,0,0.073
6947,2022-02-21,18,491,Vehicles,430,575.74,Night,0,0.235
6948,2022-02-21,17,74,Chemicals,943,486.96,Day,0,0.041
6949,2022-02-21,45,274,Vehicles,1277,517.96,Day,0,0.18
6950,2022-02-21,26,14,Chemicals,619,1592.3,Night,1,0.836
6951,2022-02-21,46,284,Food,1477,523.86,Day,0,0.22
6952,2022-02-21,26,541,Raw Materials,1381,602.42,Night,0,0.238
6953,2022-02-21,28,516,Electronics,1264,584.36,Day,0,0.046
6954,2022-02-21,25,400,Food,426,553.73,Day,0,0.161
6955,2022-02-21,39,500,Chemicals,116,427.67,Day,0,0.005
6956,2022-02-21,28,253,Raw Materials,307,450.93,Night,0,0.206
6957,2022-02-21,40,80,Machinery,799,472.38,Day,0,0.041
6958,2022-02-22,23,209,Machinery,1325,493.07,Day,0,0.159
6959,2022-02-22,4,316,Machinery,1080,580.14,Day,0,0.11
6960,2022-02-22,30,89,Chemicals,172,459.97,Night,0,0.097
6961,2022-02-22,16,233,Electronics,508,544.59,Day,0,0.173
6962,2022-02-22,27,279,Raw Materials,614,500.0,Night,0,0.02
6963,2022-02-22,16,72,Food,287,443.38,Day,0,0.296
6964,2022-02-22,45,309,Chemicals,944,479.25,Day,0,0.059
6965,2022-02-22,24,310,Electronics,1314,567.94,Day,0,0.193
6966,2022-02-22,42,319,Chemicals,255,460.98,Day,0,0.114
6967,2022-02-22,22,201,Machinery,1116,556.44,Night,0,0.272
6968,2022-02-22,13,337,Vehicles,717,540.14,Day,0,0.055
6969,2022-02-22,41,139,Chemicals,765,461.68,Day,0,0.096
6970,2022-02-23,46,610,Raw Materials,1354,438.75,Night,0,0.214
6971,2022-02-23,39,417,Machinery,1034,484.42,Night,0,0.104
6972,2022-02-23,8,623,Electronics,1499,568.4,Night,0,0.002
6973,2022-02-23,28,296,Chemicals,501,628.39,Day,0,0.023
6974,2022-02-23,18,42,Food,635,446.78,Day,0,0.151
6975,2022-02-23,1,464,Electronics,319,480.14,Night,0,0.288
6976,2022-02-23,42,276,Food,309,521.61,Day,0,0.203
6977,2022-02-24,25,620,Chemicals,946,562.41,Night,0,0.219
6978,2022-02-24,12,416,Vehicles,741,496.24,Night,0,0.061
6979,2022-02-24,32,429,Textiles,987,471.13,Night,0,0.257
6980,2022-02-24,12,396,Vehicles,498,1625.51,Night,1,0.907
6981,2022-02-24,14,226,Machinery,1359,532.71,Day,0,0.165
6982,2022-02-24,9,97,Electronics,450,410.87,Night,0,0.125
6983,2022-02-24,31,124,Electronics,707,522.57,Night,0,0.162
6984,2022-02-25,20,471,Machinery,352,467.41,Night,0,0.222
6985,2022-02-25,14,558,Textiles,768,1438.09,Night,1,0.964
6986,2022-02-25,11,514,Textiles,741,503.24,Night,0,0.021
6987,2022-02-25,6,12,Machinery,243,463.42,Night,0,0.264
6988,2022-02-25,11,346,Textiles,1326,1337.03,Night,1,0.8
6989,2022-02-25,3,434,Chemicals,212,549.97,Day,0,0.221
6990,2022-02-26,5,81,Electronics,381,405.54,Day,0,0.007
6991,2022-02-26,42,143,Raw Materials,1181,408.91,Day,0,0.25
6992,2022-02-26,45,100,Textiles,1382,409.21,Day,0,0.286
6993,2022-02-26,30,157,Chemicals,193,513.81,Day,0,0.045
6994,2022-02-26,15,591,Electronics,316,479.43,Night,0,0.287
6995,2022-02-26,41,635,Raw Materials,1061,556.93,Night,0,0.137
6996,2022-02-26,11,450,Machinery,996,486.77,Night,0,0.246
6997,2022-02-26,16,401,Vehicles,1229,505.88,Day,0,0.115
6998,2022-02-26,27,337,Food,623,488.7,Day,0,0.239
6999,2022-02-27,22,471,Chemicals,148,1453.53,Night,1,0.793
7000,2022-02-27,44,571,Raw Materials,1259,508.33,Night,0,0.037
7001,2022-02-27,33,450,Electronics,454,545.61,Day,0,0.003
7002,2022-02-27,1,531,Chemicals,1424,483.74,Night,0,0.036
7003,2022-02-27,19,87,Raw Materials,254,471.03,Day,0,0.075
7004,2022-02-27,13,22,Electronics,1030,427.07,Night,0,0.084
7005,2022-02-27,22,55,Food,589,510.74,Night,0,0.252
7006,2022-02-27,11,585,Chemicals,1165,509.3,Day,0,0.285
7007,2022-02-27,17,115,Electronics,1480,470.65,Night,0,0.123
7008,2022-02-28,18,60,Raw Materials,334,509.49,Night,0,0.196
7009,2022-02-28,28,239,Chemicals,1136,570.28,Day,0,0.221
7010,2022-02-28,31,302,Electronics,597,553.53,Day,0,0.278
7011,2022-02-28,12,425,Textiles,648,532.36,Night,0,0.263
7012,2022-02-28,35,216,Electronics,983,539.34,Night,0,0.148
7013,2022-02-28,5,122,Food,669,481.49,Night,0,0.242
7014,2022-02-28,7,195,Vehicles,1369,460.5,Day,0,0.271
7015,2022-03-01,4,183,Food,1167,526.01,Day,0,0.102
7016,2022-03-01,8,101,Textiles,266,375.9,Night,0,0.248
7017,2022-03-01,4,97,Machinery,193,546.66,Night,0,0.267
7018,2022-03-01,41,607,Textiles,433,574.24,Night,0,0.004
7019,2022-03-01,18,50,Raw Materials,387,485.16,Day,0,0.024
7020,2022-03-01,32,392,Electronics,392,462.82,Night,0,0.119
7021,2022-03-01,38,185,Textiles,1396,452.99,Night,0,0.231
7022,2022-03-01,30,92,Raw Materials,1360,504.34,Day,0,0.286
7023,2022-03-01,15,315,Vehicles,1008,510.41,Night,0,0.195
7024,2022-03-01,46,262,Chemicals,103,447.89,Night,0,0.166
7025,2022-03-01,12,530,Electronics,541,527.19,Day,0,0.153
7026,2022-03-01,20,95,Vehicles,579,1570.03,Night,1,0.793
7027,2022-03-02,30,546,Chemicals,771,499.27,Night,0,0.251
7028,2022-03-02,2,22,Textiles,1024,492.89,Day,0,0.216
7029,2022-03-02,39,232,Food,836,553.12,Day,0,0.027
7030,2022-03-02,6,203,Chemicals,153,516.74,Day,0,0.117
7031,2022-03-02,25,73,Electronics,892,489.75,Night,0,0.121
7032,2022-03-02,18,424,Raw Materials,1202,485.2,Night,0,0.041
7033,2022-03-02,42,32,Chemicals,1187,465.79,Night,0,0.021
7034,2022-03-02,7,548,Textiles,905,580.95,Night,0,0.068
7035,2022-03-02,18,261,Electronics,768,490.49,Night,0,0.15
7036,2022-03-02,30,176,Raw Materials,555,524.45,Day,0,0.123
7037,2022-03-03,42,414,Electronics,1293,514.05,Day,0,0.082
7038,2022-03-03,44,302,Machinery,422,508.35,Day,0,0.02
7039,2022-03-03,40,30,Machinery,214,475.9,Day,0,0.158
7040,2022-03-03,25,249,Chemicals,304,463.25,Night,0,0.238
7041,2022-03-03,36,590,Raw Materials,808,490.08,Day,0,0.225
7042,2022-03-03,4,313,Electronics,849,510.15,Night,0,0.027
7043,2022-03-03,11,427,Machinery,809,425.33,Night,0,0.204
7044,2022-03-04,26,400,Machinery,294,574.24,Night,0,0.232
7045,2022-03-04,8,86,Chemicals,179,509.62,Day,0,0.197
7046,2022-03-04,45,346,Raw Materials,852,509.96,Day,0,0.147
7047,2022-03-04,38,191,Chemicals,840,478.83,Night,0,0.126
7048,2022-03-04,23,29,Chemicals,811,456.09,Day,0,0.182
7049,2022-03-04,41,526,Textiles,196,521.66,Night,0,0.202
7050,2022-03-04,43,529,Raw Materials,120,452.52,Day,0,0.061
7051,2022-03-04,10,165,Textiles,865,517.42,Night,0,0.207
7052,2022-03-05,46,247,Textiles,1214,609.66,Day,0,0.065
7053,2022-03-05,37,15,Electronics,197,485.5,Night,0,0.103
7054,2022-03-05,20,581,Electronics,722,1616.84,Day,1,0.8
7055,2022-03-05,1,152,Machinery,1222,426.85,Night,0,0.179
7056,2022-03-05,40,333,Chemicals,1497,527.44,Day,0,0.221
7057,2022-03-05,37,8,Machinery,495,408.96,Night,0,0.229
7058,2022-03-06,34,198,Food,1186,559.68,Night,0,0.056
7059,2022-03-06,9,419,Electronics,945,494.01,Night,0,0.29
7060,2022-03-06,5,467,Food,479,453.25,Night,0,0.215
7061,2022-03-06,44,585,Vehicles,468,485.29,Night,0,0.082
7062,2022-03-06,35,629,Textiles,1214,458.5,Night,0,0.201
7063,2022-03-06,17,99,Food,771,541.37,Day,0,0.142
7064,2022-03-07,3,547,Food,792,1180.8,Night,1,0.78
7065,2022-03-07,35,83,Machinery,1157,571.54,Night,0,0.03
7066,2022-03-07,37,116,Textiles,1044,482.77,Day,0,0.276
7067,2022-03-07,46,83,Chemicals,144,516.85,Night,0,0.197
7068,2022-03-07,35,318,Textiles,457,536.27,Day,0,0.229
7069,2022-03-07,5,319,Food,899,546.69,Day,0,0.218
7070,2022-03-07,23,451,Chemicals,940,565.26,Day,0,0.144
7071,2022-03-07,15,239,Textiles,1453,486.71,Day,0,0.089
7072,2022-03-08,42,513,Raw Materials,609,480.35,Night,0,0.054
7073,2022-03-08,5,44,Food,1331,458.31,Night,0,0.241
7074,2022-03-08,43,193,Raw Materials,1067,536.65,Day,0,0.001
7075,2022-03-08,40,78,Machinery,1013,439.6,Night,0,0.112
7076,2022-03-08,6,41,Vehicles,819,528.39,Day,0,0.291
7077,2022-03-08,21,495,Chemicals,241,652.19,Night,0,0.01
7078,2022-03-08,34,27,Machinery,1309,559.14,Night,0,0.103
7079,2022-03-08,2,25,Raw Materials,625,493.36,Day,0,0.253
7080,2022-03-08,25,244,Food,1019,546.33,Day,0,0.149
7081,2022-03-09,10,192,Chemicals,332,441.73,Day,0,0.276
7082,2022-03-09,14,578,Food,497,545.42,Day,0,0.035
7083,2022-03-09,15,490,Vehicles,159,567.67,Night,0,0.202
7084,2022-03-09,14,157,Textiles,1344,484.8,Night,0,0.233
7085,2022-03-09,15,477,Food,961,438.02,Night,0,0.113
7086,2022-03-09,35,333,Raw Materials,481,515.52,Day,0,0.29
7087,2022-03-09,19,518,Chemicals,957,469.33,Night,0,0.165
7088,2022-03-09,3,499,Food,1075,453.42,Night,0,0.281
7089,2022-03-09,28,353,Vehicles,999,461.53,Night,0,0.026
7090,2022-03-10,38,184,Chemicals,1018,474.26,Night,0,0.08
7091,2022-03-10,35,131,Electronics,916,469.22,Night,0,0.293
7092,2022-03-10,14,335,Electronics,1227,550.61,Day,0,0.159
7093,2022-03-10,16,266,Food,682,461.5,Day,0,0.09
7094,2022-03-10,27,202,Vehicles,258,487.25,Night,0,0.299
7095,2022-03-10,13,69,Raw Materials,466,385.22,Night,0,0.291
7096,2022-03-10,27,553,Machinery,1467,541.49,Night,0,0.085
7097,2022-03-10,12,10,Vehicles,162,443.71,Night,0,0.29
7098,2022-03-10,26,180,Raw Materials,242,420.44,Day,0,0.079
7099,2022-03-10,27,339,Textiles,928,577.8,Day,0,0.026
7100,2022-03-10,5,301,Vehicles,578,451.71,Day,0,0.038
7101,2022-03-11,33,496,Textiles,980,488.83,Day,0,0.276
7102,2022-03-11,17,448,Raw Materials,208,453.8,Night,0,0.031
7103,2022-03-11,1,359,Textiles,949,495.09,Day,0,0.206
7104,2022-03-11,24,169,Machinery,731,504.17,Day,0,0.04
7105,2022-03-11,25,384,Chemicals,1447,580.31,Night,0,0.168
7106,2022-03-11,13,325,Machinery,1212,493.47,Day,0,0.002
7107,2022-03-11,12,163,Vehicles,354,550.13,Night,0,0.018
7108,2022-03-11,6,285,Electronics,1192,561.41,Day,0,0.292
7109,2022-03-11,21,341,Machinery,1095,509.38,Night,0,0.168
7110,2022-03-11,15,621,Chemicals,360,600.1,Day,0,0.212
7111,2022-03-12,36,247,Machinery,1288,569.02,Night,0,0.075
7112,2022-03-12,38,526,Textiles,656,362.62,Day,0,0.155
7113,2022-03-12,32,212,Textiles,1028,569.73,Day,0,0.128
7114,2022-03-12,31,110,Machinery,209,463.89,Day,0,0.078
7115,2022-03-12,20,402,Food,1254,920.91,Night,1,0.82
7116,2022-03-12,2,588,Machinery,1174,508.01,Night,0,0.016
7117,2022-03-13,10,436,Machinery,779,440.09,Night,0,0.166
7118,2022-03-13,12,275,Raw Materials,715,512.16,Night,0,0.288
7119,2022-03-13,16,85,Vehicles,1185,466.11,Day,0,0.013
7120,2022-03-13,12,470,Textiles,603,418.77,Night,0,0.248
7121,2022-03-13,38,529,Vehicles,263,506.44,Day,0,0.022
7122,2022-03-13,42,99,Vehicles,1139,507.9,Day,0,0.063
7123,2022-03-13,33,286,Food,695,566.8,Day,0,0.05
7124,2022-03-13,15,501,Electronics,1200,444.91,Day,0,0.136
7125,2022-03-13,31,381,Textiles,210,512.94,Day,0,0.218
7126,2022-03-14,31,248,Raw Materials,1050,483.52,Night,0,0.086
7127,2022-03-14,11,437,Food,1189,494.37,Night,0,0.023
7128,2022-03-14,4,214,Chemicals,575,557.94,Day,0,0.199
7129,2022-03-14,23,264,Machinery,990,573.74,Day,0,0.107
7130,2022-03-14,22,551,Electronics,1371,524.56,Day,0,0.223
7131,2022-03-14,22,617,Textiles,404,538.17,Night,0,0.204
7132,2022-03-15,10,365,Textiles,1127,532.35,Night,0,0.059
7133,2022-03-15,40,173,Electronics,1077,465.45,Day,0,0.233
7134,2022-03-15,22,479,Vehicles,944,504.26,Day,0,0.018
7135,2022-03-15,32,635,Raw Materials,714,538.97,Day,0,0.221
7136,2022-03-15,31,334,Electronics,311,587.23,Night,0,0.033
7137,2022-03-15,45,426,Chemicals,339,483.8,Night,0,0.241
7138,2022-03-16,39,440,Textiles,672,485.0,Day,0,0.158
7139,2022-03-16,24,526,Vehicles,303,1772.21,Day,1,0.866
7140,2022-03-16,23,516,Chemicals,874,421.52,Night,0,0.056
7141,2022-03-16,31,359,Raw Materials,483,498.43,Day,0,0.092
7142,2022-03-16,8,7,Chemicals,1225,508.05,Day,0,0.244
7143,2022-03-16,34,561,Machinery,610,486.03,Day,0,0.233
7144,2022-03-16,41,315,Electronics,875,526.53,Night,0,0.247
7145,2022-03-16,38,636,Vehicles,1499,492.6,Day,0,0.189
7146,2022-03-17,15,246,Machinery,393,459.17,Night,0,0.1
7147,2022-03-17,2,177,Electronics,347,612.14,Day,0,0.206
7148,2022-03-17,1,42,Chemicals,361,398.81,Day,0,0.108
7149,2022-03-17,9,171,Textiles,1301,516.53,Day,0,0.23
7150,2022-03-17,34,585,Food,969,615.7,Day,0,0.255
7151,2022-03-17,8,16,Food,1062,526.44,Day,0,0.247
7152,2022-03-17,37,629,Raw Materials,349,499.65,Day,0,0.057
7153,2022-03-17,3,402,Food,219,494.34,Night,0,0.151
7154,2022-03-18,46,440,Chemicals,1052,452.35,Day,0,0.059
7155,2022-03-18,28,21,Raw Materials,813,578.84,Day,0,0.102
7156,2022-03-18,26,205,Vehicles,1048,554.79,Day,0,0.285
7157,2022-03-18,45,358,Raw Materials,663,570.31,Day,0,0.183
7158,2022-03-18,17,322,Food,881,471.28,Night,0,0.114
7159,2022-03-18,26,261,Textiles,345,498.32,Night,0,0.005
7160,2022-03-18,1,113,Raw Materials,1008,580.6,Day,0,0.134
7161,2022-03-18,18,501,Electronics,1072,516.06,Day,0,0.054
7162,2022-03-18,21,556,Chemicals,1084,628.69,Day,0,0.231
7163,2022-03-19,42,145,Vehicles,581,492.36,Day,0,0.036
7164,2022-03-19,32,415,Machinery,1203,527.0,Night,0,0.3
7165,2022-03-19,28,81,Vehicles,1434,523.84,Day,0,0.026
7166,2022-03-19,8,543,Chemicals,1419,532.94,Night,0,0.15
7167,2022-03-19,16,221,Food,1140,512.27,Day,0,0.118
7168,2022-03-19,38,399,Electronics,755,485.3,Day,0,0.104
7169,2022-03-19,23,539,Vehicles,138,474.68,Day,0,0.138
7170,2022-03-20,45,218,Textiles,557,508.9,Day,0,0.165
7171,2022-03-20,13,503,Vehicles,1200,510.34,Day,0,0.191
7172,2022-03-20,2,108,Vehicles,1209,542.43,Day,0,0.152
7173,2022-03-20,46,306,Textiles,732,524.81,Day,0,0.222
7174,2022-03-20,21,465,Electronics,1062,546.49,Day,0,0.288
7175,2022-03-20,29,256,Raw Materials,1097,516.47,Day,0,0.058
7176,2022-03-21,23,302,Electronics,476,485.35,Night,0,0.07
7177,2022-03-21,41,39,Machinery,437,457.5,Day,0,0.255
7178,2022-03-21,39,621,Machinery,145,472.09,Day,0,0.152
7179,2022-03-21,40,398,Textiles,836,430.88,Day,0,0.246
7180,2022-03-21,36,192,Raw Materials,278,560.03,Day,0,0.296
7181,2022-03-21,21,515,Food,549,1200.21,Night,1,0.767
7182,2022-03-22,45,387,Electronics,636,573.47,Day,0,0.295
7183,2022-03-22,9,514,Textiles,293,452.65,Night,0,0.096
7184,2022-03-22,26,559,Chemicals,612,520.86,Night,0,0.198
7185,2022-03-22,38,392,Vehicles,1500,511.19,Night,0,0.23
7186,2022-03-22,37,157,Raw Materials,802,501.32,Night,0,0.072
7187,2022-03-22,1,203,Textiles,220,466.24,Night,0,0.11
7188,2022-03-22,41,252,Vehicles,693,438.04,Night,0,0.216
7189,2022-03-23,3,520,Raw Materials,576,484.28,Night,0,0.276
7190,2022-03-23,39,191,Vehicles,435,544.72,Night,0,0.254
7191,2022-03-23,29,519,Food,196,416.46,Day,0,0.056
7192,2022-03-23,33,81,Machinery,1456,516.73,Day,0,0.27
7193,2022-03-23,32,463,Electronics,113,513.88,Day,0,0.275
7194,2022-03-23,15,448,Machinery,736,527.54,Day,0,0.227
7195,2022-03-23,17,109,Vehicles,1356,535.24,Night,0,0.005
7196,2022-03-23,4,29,Raw Materials,284,514.72,Day,0,0.018
7197,2022-03-23,44,173,Food,1221,1010.93,Day,1,0.946
7198,2022-03-23,16,585,Electronics,827,507.7,Day,0,0.168
7199,2022-03-23,5,595,Machinery,1107,574.84,Day,0,0.134
7200,2022-03-23,27,296,Machinery,254,493.28,Night,0,0.276
7201,2022-03-24,28,575,Food,1401,450.04,Day,0,0.119
7202,2022-03-24,22,636,Food,1098,501.04,Night,0,0.279
7203,2022-03-24,41,605,Food,1155,373.38,Day,0,0.056
7204,2022-03-24,44,624,Raw Materials,1146,567.28,Day,0,0.067
7205,2022-03-24,34,135,Food,964,541.75,Night,0,0.234
7206,2022-03-24,25,557,Chemicals,872,579.33,Day,0,0.205
7207,2022-03-24,38,122,Vehicles,1275,548.35,Night,0,0.293
7208,2022-03-24,29,28,Vehicles,871,415.62,Night,0,0.276
7209,2022-03-25,19,552,Food,1322,460.54,Night,0,0.273
7210,2022-03-25,30,503,Machinery,538,531.97,Night,0,0.238
7211,2022-03-25,41,520,Electronics,1046,473.27,Day,0,0.04
7212,2022-03-25,42,255,Chemicals,558,576.59,Night,0,0.084
7213,2022-03-25,19,96,Machinery,1121,461.42,Day,0,0.016
7214,2022-03-25,16,558,Food,924,1561.15,Night,1,0.808
7215,2022-03-25,6,471,Chemicals,236,510.25,Day,0,0.239
7216,2022-03-25,44,574,Raw Materials,1387,533.67,Day,0,0.266
7217,2022-03-25,11,161,Food,1123,427.19,Night,0,0.157
7218,2022-03-25,14,511,Machinery,1325,568.96,Day,0,0.218
7219,2022-03-25,45,616,Machinery,360,552.1,Day,0,0.222
7220,2022-03-25,15,314,Textiles,261,571.53,Night,0,0.148
7221,2022-03-26,30,4,Textiles,913,477.7,Night,0,0.231
7222,2022-03-26,19,625,Raw Materials,1299,532.48,Night,0,0.077
7223,2022-03-26,28,383,Textiles,613,605.14,Day,0,0.234
7224,2022-03-26,26,467,Food,122,580.9,Day,0,0.114
7225,2022-03-26,36,505,Electronics,605,523.71,Day,0,0.119
7226,2022-03-26,29,64,Vehicles,1369,534.02,Day,0,0.14
7227,2022-03-26,30,114,Food,783,490.84,Day,0,0.215
7228,2022-03-26,3,488,Textiles,1345,454.93,Day,0,0.2
7229,2022-03-26,2,154,Electronics,596,553.74,Day,0,0.01
7230,2022-03-26,3,196,Machinery,323,530.68,Night,0,0.19
7231,2022-03-26,31,244,Electronics,1088,550.37,Night,0,0.122
7232,2022-03-26,23,373,Food,275,470.39,Night,0,0.055
7233,2022-03-27,14,349,Textiles,253,377.27,Night,0,0.186
7234,2022-03-27,23,421,Chemicals,148,571.72,Night,0,0.115
7235,2022-03-27,15,525,Vehicles,730,454.79,Night,0,0.281
7236,2022-03-27,17,214,Chemicals,749,508.06,Night,0,0.0
7237,2022-03-27,37,90,Food,573,439.95,Night,0,0.195
7238,2022-03-27,40,438,Machinery,1138,537.18,Night,0,0.247
7239,2022-03-27,14,272,Food,800,587.45,Day,0,0.281
7240,2022-03-28,38,67,Chemicals,808,585.68,Night,0,0.171
7241,2022-03-28,43,272,Food,255,526.48,Day,0,0.114
7242,2022-03-28,14,613,Textiles,627,491.74,Day,0,0.121
7243,2022-03-28,7,210,Machinery,275,553.97,Day,0,0.031
7244,2022-03-28,12,440,Raw Materials,582,518.39,Night,0,0.08
7245,2022-03-28,31,27,Textiles,424,473.32,Day,0,0.029
7246,2022-03-28,25,217,Textiles,1484,494.28,Day,0,0.045
7247,2022-03-28,16,401,Food,1293,540.41,Day,0,0.108
7248,2022-03-29,8,114,Vehicles,700,499.35,Day,0,0.223
7249,2022-03-29,9,524,Electronics,154,416.39,Day,0,0.034
7250,2022-03-29,14,175,Food,337,535.02,Night,0,0.171
7251,2022-03-29,32,461,Electronics,1496,504.42,Night,0,0.243
7252,2022-03-29,7,484,Textiles,405,456.9,Day,0,0.284
7253,2022-03-29,46,335,Chemicals,529,500.04,Day,0,0.106
7254,2022-03-29,11,557,Vehicles,381,538.36,Night,0,0.294
7255,2022-03-29,45,23,Vehicles,157,460.61,Night,0,0.2
7256,2022-03-29,6,440,Textiles,1464,512.84,Day,0,0.052
7257,2022-03-29,35,132,Food,890,398.75,Night,0,0.058
7258,2022-03-29,9,613,Electronics,534,492.83,Night,0,0.256
7259,2022-03-30,42,450,Chemicals,432,506.78,Day,0,0.048
7260,2022-03-30,28,205,Raw Materials,1239,549.44,Night,0,0.118
7261,2022-03-30,6,163,Food,313,435.45,Night,0,0.233
7262,2022-03-30,35,287,Food,1351,1649.42,Night,1,0.785
7263,2022-03-30,6,454,Food,539,500.88,Night,0,0.176
7264,2022-03-30,43,35,Vehicles,758,511.01,Night,0,0.105
7265,2022-03-30,12,593,Vehicles,362,518.44,Day,0,0.226
7266,2022-03-30,18,384,Textiles,1302,613.06,Day,0,0.276
7267,2022-03-31,36,619,Machinery,751,553.9,Night,0,0.163
7268,2022-03-31,8,330,Electronics,976,492.06,Night,0,0.104
7269,2022-03-31,46,1,Vehicles,978,528.23,Day,0,0.198
7270,2022-03-31,29,455,Food,1354,510.33,Day,0,0.164
7271,2022-03-31,31,169,Textiles,612,472.83,Night,0,0.052
7272,2022-03-31,34,244,Food,970,513.83,Day,0,0.218
7273,2022-03-31,36,49,Electronics,1070,437.46,Day,0,0.154
7274,2022-03-31,12,176,Textiles,364,422.27,Day,0,0.188
7275,2022-03-31,1,608,Raw Materials,395,540.35,Night,0,0.169
7276,2022-03-31,14,51,Machinery,1289,547.66,Day,0,0.254
7277,2022-03-31,38,12,Food,277,576.36,Day,0,0.051
7278,2022-03-31,39,575,Raw Materials,839,536.23,Day,0,0.172
7279,2022-04-01,37,525,Food,1354,481.39,Day,0,0.064
7280,2022-04-01,28,35,Chemicals,449,431.53,Day,0,0.165
7281,2022-04-01,42,480,Vehicles,165,546.25,Night,0,0.147
7282,2022-04-01,23,51,Textiles,771,494.62,Night,0,0.114
7283,2022-04-01,33,523,Raw Materials,1279,551.08,Night,0,0.035
7284,2022-04-01,23,87,Chemicals,1423,567.96,Day,0,0.125
7285,2022-04-01,25,47,Textiles,1294,469.59,Day,0,0.173
7286,2022-04-01,8,106,Electronics,864,457.83,Night,0,0.269
7287,2022-04-01,16,416,Raw Materials,1125,502.28,Night,0,0.103
7288,2022-04-01,44,22,Chemicals,747,459.55,Day,0,0.128
7289,2022-04-01,18,534,Food,569,481.44,Day,0,0.206
7290,2022-04-01,35,437,Electronics,786,359.56,Night,0,0.282
7291,2022-04-02,12,581,Vehicles,1371,588.49,Night,0,0.241
7292,2022-04-02,6,596,Machinery,1475,503.73,Night,0,0.149
7293,2022-04-02,3,479,Textiles,270,507.08,Day,0,0.07
7294,2022-04-02,13,225,Raw Materials,556,430.51,Night,0,0.187
7295,2022-04-02,8,482,Chemicals,644,559.18,Day,0,0.112
7296,2022-04-02,35,557,Machinery,607,520.91,Night,0,0.033
7297,2022-04-02,43,279,Textiles,1054,539.62,Day,0,0.044
7298,2022-04-02,8,116,Textiles,625,504.23,Night,0,0.268
7299,2022-04-02,40,152,Food,1475,475.03,Night,0,0.118
7300,2022-04-02,25,434,Textiles,345,494.01,Night,0,0.026
7301,2022-04-02,29,271,Raw Materials,101,495.45,Day,0,0.035
7302,2022-04-03,1,420,Textiles,437,447.57,Day,0,0.251
7303,2022-04-03,16,163,Food,643,550.18,Night,0,0.024
7304,2022-04-03,33,623,Vehicles,1286,531.3,Day,0,0.196
7305,2022-04-03,22,334,Machinery,1324,551.48,Day,0,0.174
7306,2022-04-03,3,219,Food,1333,540.09,Night,0,0.16
7307,2022-04-03,39,210,Food,1363,508.98,Day,0,0.021
7308,2022-04-04,27,601,Machinery,1355,594.49,Night,0,0.181
7309,2022-04-04,45,222,Chemicals,275,455.86,Day,0,0.117
7310,2022-04-04,25,295,Raw Materials,586,557.48,Day,0,0.134
7311,2022-04-04,1,345,Vehicles,981,508.94,Day,0,0.134
7312,2022-04-04,4,590,Machinery,1377,599.86,Day,0,0.029
7313,2022-04-04,21,620,Raw Materials,152,485.6,Day,0,0.087
7314,2022-04-05,23,366,Textiles,485,495.38,Day,0,0.109
7315,2022-04-05,28,395,Food,1256,547.64,Night,0,0.153
7316,2022-04-05,10,421,Electronics,1060,508.92,Day,0,0.239
7317,2022-04-05,36,385,Chemicals,220,547.5,Day,0,0.065
7318,2022-04-05,32,538,Machinery,967,571.12,Day,0,0.289
7319,2022-04-05,12,335,Textiles,1214,572.66,Night,0,0.187
7320,2022-04-05,8,170,Machinery,957,547.73,Night,0,0.109
7321,2022-04-05,7,559,Machinery,1129,563.58,Day,0,0.14
7322,2022-04-06,45,20,Food,1448,473.36,Day,0,0.241
7323,2022-04-06,23,623,Machinery,746,492.07,Night,0,0.262
7324,2022-04-06,35,309,Textiles,1461,509.22,Night,0,0.106
7325,2022-04-06,39,401,Food,1274,551.32,Day,0,0.02
7326,2022-04-06,43,271,Vehicles,1303,461.54,Day,0,0.1
7327,2022-04-06,42,308,Raw Materials,1270,447.18,Night,0,0.043
7328,2022-04-06,8,432,Chemicals,1229,544.14,Night,0,0.185
7329,2022-04-06,14,597,Machinery,926,493.15,Day,0,0.046
7330,2022-04-06,17,305,Electronics,592,544.71,Day,0,0.293
7331,2022-04-06,21,493,Electronics,928,544.69,Night,0,0.031
7332,2022-04-06,9,285,Raw Materials,219,484.67,Night,0,0.131
7333,2022-04-06,15,447,Food,187,477.31,Day,0,0.015
7334,2022-04-07,37,143,Machinery,345,427.52,Day,0,0.126
7335,2022-04-07,11,212,Food,469,515.52,Day,0,0.189
7336,2022-04-07,29,178,Food,787,493.91,Night,0,0.251
7337,2022-04-07,14,131,Electronics,488,441.5,Night,0,0.248
7338,2022-04-07,1,85,Chemicals,514,574.58,Day,0,0.254
7339,2022-04-07,42,59,Chemicals,764,1777.26,Day,1,0.961
7340,2022-04-08,31,317,Raw Materials,1028,471.73,Day,0,0.277
7341,2022-04-08,46,382,Chemicals,331,501.97,Day,0,0.152
7342,2022-04-08,21,425,Raw Materials,1237,466.77,Day,0,0.102
7343,2022-04-08,44,110,Textiles,584,488.16,Night,0,0.103
7344,2022-04-08,46,602,Food,845,559.86,Night,0,0.14
7345,2022-04-08,5,388,Chemicals,1430,453.78,Night,0,0.04
7346,2022-04-08,7,445,Machinery,106,452.92,Day,0,0.047
7347,2022-04-08,6,343,Machinery,638,599.01,Night,0,0.04
7348,2022-04-08,24,103,Electronics,1215,487.27,Day,0,0.289
7349,2022-04-09,13,298,Raw Materials,1434,582.36,Day,0,0.27
7350,2022-04-09,18,351,Machinery,994,535.51,Night,0,0.278
7351,2022-04-09,46,386,Food,512,422.9,Day,0,0.037
7352,2022-04-09,9,45,Food,851,552.38,Day,0,0.144
7353,2022-04-09,18,126,Food,879,439.34,Night,0,0.283
7354,2022-04-09,14,6,Chemicals,478,578.02,Day,0,0.053
7355,2022-04-09,15,461,Machinery,888,456.2,Day,0,0.058
7356,2022-04-09,45,365,Raw Materials,1327,648.31,Day,0,0.135
7357,2022-04-09,11,68,Electronics,748,604.91,Day,0,0.226
7358,2022-04-09,1,631,Vehicles,213,642.94,Day,0,0.141
7359,2022-04-09,41,263,Electronics,1399,591.85,Day,0,0.232
7360,2022-04-10,45,252,Electronics,259,1606.95,Day,1,0.709
7361,2022-04-10,44,269,Electronics,198,514.12,Night,0,0.093
7362,2022-04-10,22,397,Textiles,920,477.59,Night,0,0.027
7363,2022-04-10,13,562,Chemicals,1067,511.82,Night,0,0.212
7364,2022-04-10,34,236,Vehicles,1329,1243.7,Day,1,0.764
7365,2022-04-10,20,275,Machinery,938,455.75,Day,0,0.139
7366,2022-04-10,26,323,Chemicals,1271,468.21,Night,0,0.179
7367,2022-04-10,11,568,Food,967,537.88,Day,0,0.231
7368,2022-04-10,22,243,Machinery,635,522.08,Night,0,0.204
7369,2022-04-11,5,79,Electronics,1143,493.5,Night,0,0.285
7370,2022-04-11,36,162,Chemicals,537,588.21,Day,0,0.08
7371,2022-04-11,18,587,Food,1029,541.31,Night,0,0.091
7372,2022-04-11,23,405,Food,772,428.58,Night,0,0.079
7373,2022-04-11,8,377,Chemicals,1371,505.88,Night,0,0.215
7374,2022-04-11,31,66,Chemicals,1286,489.18,Day,0,0.07
7375,2022-04-11,35,133,Machinery,676,470.66,Night,0,0.063
7376,2022-04-11,39,361,Food,851,474.56,Night,0,0.285
7377,2022-04-11,10,344,Raw Materials,525,1123.8,Day,1,0.841
7378,2022-04-11,41,223,Textiles,1485,554.14,Day,0,0.008
7379,2022-04-11,40,627,Food,919,498.41,Day,0,0.103
7380,2022-04-11,14,577,Raw Materials,1327,528.09,Day,0,0.198
7381,2022-04-12,38,195,Textiles,1500,485.72,Day,0,0.063
7382,2022-04-12,21,14,Chemicals,1374,487.6,Night,0,0.16
7383,2022-04-12,21,348,Food,175,490.29,Day,0,0.026
7384,2022-04-12,27,137,Textiles,783,518.52,Night,0,0.294
7385,2022-04-12,27,165,Machinery,904,578.48,Day,0,0.053
7386,2022-04-12,15,518,Food,651,479.54,Day,0,0.123
7387,2022-04-12,23,86,Textiles,1333,1144.17,Night,1,0.815
7388,2022-04-12,14,250,Food,764,514.23,Night,0,0.24
7389,2022-04-12,6,129,Chemicals,250,613.49,Day,0,0.194
7390,2022-04-12,33,305,Chemicals,261,441.97,Day,0,0.016
7391,2022-04-12,23,622,Electronics,1233,477.14,Day,0,0.299
7392,2022-04-13,10,190,Vehicles,181,465.3,Day,0,0.286
7393,2022-04-13,20,71,Machinery,934,1756.87,Night,1,0.945
7394,2022-04-13,26,544,Vehicles,1221,510.94,Day,0,0.049
7395,2022-04-13,46,419,Food,223,1678.3,Night,1,0.899
7396,2022-04-13,32,227,Vehicles,701,502.45,Night,0,0.123
7397,2022-04-13,24,613,Textiles,137,509.39,Night,0,0.1
7398,2022-04-13,13,54,Chemicals,792,477.49,Day,0,0.205
7399,2022-04-13,13,443,Machinery,979,451.49,Night,0,0.19
7400,2022-04-13,28,306,Electronics,531,481.56,Night,0,0.08
7401,2022-04-13,12,188,Electronics,1368,498.08,Day,0,0.287
7402,2022-04-13,45,506,Electronics,810,399.82,Day,0,0.294
7403,2022-04-14,7,407,Raw Materials,820,491.59,Night,0,0.179
7404,2022-04-14,24,15,Textiles,527,517.21,Night,0,0.016
7405,2022-04-14,11,153,Raw Materials,1284,384.66,Night,0,0.238
7406,2022-04-14,35,573,Machinery,1135,466.22,Night,0,0.004
7407,2022-04-14,2,410,Raw Materials,468,459.4,Night,0,0.059
7408,2022-04-14,21,179,Vehicles,970,493.21,Day,0,0.076
7409,2022-04-14,7,443,Vehicles,1011,583.39,Day,0,0.078
7410,2022-04-15,2,47,Electronics,475,495.88,Night,0,0.088
7411,2022-04-15,1,454,Textiles,1006,454.18,Day,0,0.014
7412,2022-04-15,17,521,Textiles,305,507.66,Night,0,0.232
7413,2022-04-15,2,368,Chemicals,706,451.83,Night,0,0.013
7414,2022-04-15,7,315,Electronics,633,1361.14,Night,1,0.927
7415,2022-04-15,34,475,Raw Materials,1280,523.17,Night,0,0.209
7416,2022-04-15,26,625,Chemicals,1311,450.03,Day,0,0.194
7417,2022-04-16,41,597,Vehicles,229,472.55,Day,0,0.092
7418,2022-04-16,31,414,Chemicals,123,544.24,Day,0,0.207
7419,2022-04-16,38,318,Raw Materials,1413,477.88,Night,0,0.196
7420,2022-04-16,37,191,Chemicals,1056,464.84,Night,0,0.3
7421,2022-04-16,32,468,Electronics,987,466.79,Night,0,0.122
7422,2022-04-16,25,452,Raw Materials,958,587.15,Night,0,0.133
7423,2022-04-16,25,304,Machinery,239,470.73,Day,0,0.121
7424,2022-04-16,34,378,Chemicals,736,444.85,Night,0,0.148
7425,2022-04-16,28,535,Food,1104,490.72,Night,0,0.082
7426,2022-04-17,14,178,Electronics,120,468.84,Night,0,0.025
7427,2022-04-17,11,571,Vehicles,340,546.63,Day,0,0.081
7428,2022-04-17,4,87,Vehicles,364,919.36,Day,1,0.836
7429,2022-04-17,20,479,Vehicles,1247,545.04,Night,0,0.131
7430,2022-04-17,38,281,Chemicals,1125,543.32,Day,0,0.222
7431,2022-04-17,12,264,Raw Materials,1203,570.3,Night,0,0.003
7432,2022-04-17,2,511,Textiles,469,594.37,Day,0,0.193
7433,2022-04-17,24,460,Vehicles,495,465.59,Night,0,0.054
7434,2022-04-17,20,473,Chemicals,890,532.75,Day,0,0.032
7435,2022-04-17,21,300,Machinery,993,486.05,Night,0,0.145
7436,2022-04-17,45,179,Chemicals,369,465.46,Night,0,0.232
7437,2022-04-18,8,536,Electronics,1141,615.58,Night,0,0.248
7438,2022-04-18,20,284,Chemicals,1292,429.82,Night,0,0.108
7439,2022-04-18,3,563,Textiles,1439,572.32,Day,0,0.299
7440,2022-04-18,25,610,Chemicals,1240,548.83,Day,0,0.001
7441,2022-04-18,10,462,Machinery,370,479.51,Day,0,0.272
7442,2022-04-18,40,304,Vehicles,1489,463.69,Day,0,0.242
7443,2022-04-18,30,614,Food,686,515.08,Day,0,0.147
7444,2022-04-18,39,171,Vehicles,136,487.09,Night,0,0.129
7445,2022-04-18,35,133,Vehicles,1159,1733.72,Day,1,0.752
7446,2022-04-18,31,550,Machinery,1406,642.24,Day,0,0.238
7447,2022-04-18,9,275,Food,1393,517.83,Night,0,0.054
7448,2022-04-19,8,131,Machinery,1376,1635.6,Day,1,0.796
7449,2022-04-19,35,223,Vehicles,406,517.19,Day,0,0.078
7450,2022-04-19,18,74,Raw Materials,218,542.74,Night,0,0.167
7451,2022-04-19,42,84,Raw Materials,1212,436.38,Night,0,0.201
7452,2022-04-19,43,169,Vehicles,492,458.43,Day,0,0.151
7453,2022-04-19,20,436,Electronics,1332,1399.77,Night,1,0.93
7454,2022-04-19,26,202,Electronics,591,493.28,Day,0,0.134
7455,2022-04-20,45,326,Electronics,632,486.11,Day,0,0.134
7456,2022-04-20,10,490,Vehicles,205,546.72,Day,0,0.297
7457,2022-04-20,40,634,Raw Materials,639,522.58,Night,0,0.103
7458,2022-04-20,44,464,Electronics,547,477.01,Day,0,0.155
7459,2022-04-20,24,54,Raw Materials,996,558.71,Day,0,0.015
7460,2022-04-20,4,410,Raw Materials,1427,436.42,Day,0,0.074
7461,2022-04-20,41,466,Chemicals,990,497.72,Night,0,0.286
7462,2022-04-20,23,596,Machinery,291,471.08,Night,0,0.274
7463,2022-04-20,21,480,Chemicals,576,488.71,Day,0,0.23
7464,2022-04-20,38,39,Chemicals,1193,530.3,Day,0,0.298
7465,2022-04-20,38,299,Food,994,475.93,Day,0,0.114
7466,2022-04-20,7,627,Machinery,1174,512.49,Day,0,0.223
7467,2022-04-21,30,621,Chemicals,673,425.65,Night,0,0.106
7468,2022-04-21,11,269,Raw Materials,1030,498.48,Day,0,0.035
7469,2022-04-21,29,252,Chemicals,211,597.3,Night,0,0.283
7470,2022-04-21,5,116,Food,1406,550.06,Night,0,0.208
7471,2022-04-21,30,471,Machinery,607,498.87,Night,0,0.215
7472,2022-04-21,20,267,Raw Materials,1105,531.68,Day,0,0.21
7473,2022-04-22,41,504,Chemicals,137,547.92,Day,0,0.173
7474,2022-04-22,9,225,Electronics,1247,399.7,Day,0,0.091
7475,2022-04-22,35,492,Raw Materials,755,1559.15,Day,1,0.885
7476,2022-04-22,13,57,Textiles,120,409.74,Day,0,0.111
7477,2022-04-22,14,108,Machinery,550,584.67,Day,0,0.239
7478,2022-04-22,2,278,Raw Materials,1362,594.38,Day,0,0.211
7479,2022-04-22,37,580,Chemicals,382,488.8,Night,0,0.25
7480,2022-04-22,34,40,Textiles,581,441.84,Day,0,0.21
7481,2022-04-22,37,553,Chemicals,1283,538.64,Night,0,0.083
7482,2022-04-23,30,576,Chemicals,182,527.88,Night,0,0.163
7483,2022-04-23,25,593,Textiles,627,481.02,Day,0,0.114
7484,2022-04-23,40,551,Raw Materials,625,502.79,Night,0,0.082
7485,2022-04-23,5,123,Electronics,186,517.69,Night,0,0.233
7486,2022-04-23,12,331,Machinery,568,1147.95,Night,1,0.851
7487,2022-04-23,3,539,Chemicals,791,492.26,Night,0,0.039
7488,2022-04-23,42,487,Machinery,862,510.5,Day,0,0.206
7489,2022-04-23,11,499,Chemicals,241,557.4,Day,0,0.02
7490,2022-04-23,25,393,Textiles,424,457.75,Day,0,0.132
7491,2022-04-24,38,450,Machinery,1002,435.81,Day,0,0.083
7492,2022-04-24,2,361,Vehicles,716,525.72,Day,0,0.276
7493,2022-04-24,22,451,Raw Materials,224,431.28,Night,0,0.207
7494,2022-04-24,35,448,Electronics,974,444.08,Night,0,0.227
7495,2022-04-24,26,163,Textiles,291,504.13,Day,0,0.231
7496,2022-04-24,21,248,Textiles,231,454.25,Day,0,0.004
7497,2022-04-24,3,494,Textiles,584,524.76,Night,0,0.25
7498,2022-04-24,11,419,Machinery,1409,518.58,Day,0,0.176
7499,2022-04-25,44,49,Chemicals,480,459.86,Day,0,0.06
7500,2022-04-25,40,154,Machinery,628,570.71,Day,0,0.262
7501,2022-04-25,17,359,Raw Materials,679,606.81,Night,0,0.274
7502,2022-04-25,46,615,Food,678,465.56,Day,0,0.245
7503,2022-04-25,44,471,Machinery,738,620.89,Day,0,0.135
7504,2022-04-25,37,268,Raw Materials,111,518.33,Day,0,0.113
7505,2022-04-25,14,484,Textiles,1189,527.12,Night,0,0.247
7506,2022-04-25,9,325,Electronics,1215,499.41,Day,0,0.258
7507,2022-04-25,32,578,Textiles,243,594.24,Day,0,0.025
7508,2022-04-26,26,223,Raw Materials,1237,647.0,Night,0,0.13
7509,2022-04-26,5,35,Machinery,450,525.23,Day,0,0.031
7510,2022-04-26,13,197,Machinery,367,523.0,Night,0,0.232
7511,2022-04-26,19,298,Machinery,1477,550.47,Day,0,0.15
7512,2022-04-26,2,102,Food,371,560.37,Day,0,0.08
7513,2022-04-26,12,48,Textiles,420,428.58,Day,0,0.144
7514,2022-04-26,40,407,Machinery,1453,502.63,Night,0,0.062
7515,2022-04-27,7,502,Textiles,645,576.18,Day,0,0.143
7516,2022-04-27,6,219,Machinery,1497,536.34,Night,0,0.241
7517,2022-04-27,34,116,Vehicles,1437,561.96,Night,0,0.169
7518,2022-04-27,7,570,Raw Materials,768,563.05,Night,0,0.046
7519,2022-04-27,33,279,Food,611,525.63,Night,0,0.079
7520,2022-04-27,24,413,Raw Materials,1499,469.07,Night,0,0.242
7521,2022-04-27,38,220,Electronics,303,554.93,Night,0,0.165
7522,2022-04-28,39,633,Chemicals,385,531.0,Night,0,0.267
7523,2022-04-28,31,329,Chemicals,457,501.16,Day,0,0.035
7524,2022-04-28,11,190,Chemicals,863,526.55,Night,0,0.086
7525,2022-04-28,37,375,Vehicles,124,488.73,Night,0,0.164
7526,2022-04-28,22,258,Machinery,1001,516.51,Night,0,0.186
7527,2022-04-28,29,497,Textiles,122,554.04,Day,0,0.06
7528,2022-04-28,1,411,Chemicals,928,496.57,Night,0,0.186
7529,2022-04-28,20,14,Machinery,527,469.9,Day,0,0.217
7530,2022-04-28,32,400,Textiles,130,505.71,Night,0,0.021
7531,2022-04-28,41,365,Food,151,475.89,Night,0,0.283
7532,2022-04-28,24,392,Electronics,1462,480.37,Night,0,0.224
7533,2022-04-29,36,308,Vehicles,655,432.03,Day,0,0.251
7534,2022-04-29,46,412,Vehicles,373,461.23,Day,0,0.178
7535,2022-04-29,23,66,Vehicles,1098,517.33,Day,0,0.19
7536,2022-04-29,13,426,Textiles,194,406.04,Day,0,0.076
7537,2022-04-29,3,486,Vehicles,638,522.0,Day,0,0.112
7538,2022-04-29,13,83,Chemicals,964,570.54,Night,0,0.02
7539,2022-04-29,3,555,Food,913,550.24,Night,0,0.075
7540,2022-04-29,44,606,Electronics,467,583.14,Night,0,0.015
7541,2022-04-30,46,624,Food,786,471.32,Night,0,0.177
7542,2022-04-30,43,489,Machinery,958,509.93,Day,0,0.013
7543,2022-04-30,26,338,Electronics,1276,449.91,Day,0,0.134
7544,2022-04-30,42,311,Chemicals,470,475.9,Night,0,0.192
7545,2022-04-30,33,331,Food,1044,505.21,Night,0,0.007
7546,2022-04-30,3,534,Vehicles,794,579.48,Night,0,0.152
7547,2022-04-30,13,320,Raw Materials,948,482.78,Night,0,0.05
7548,2022-04-30,30,374,Electronics,245,622.27,Night,0,0.097
7549,2022-04-30,24,154,Machinery,204,586.26,Night,0,0.283
7550,2022-04-30,25,166,Machinery,1377,448.61,Night,0,0.024
7551,2022-05-01,24,129,Raw Materials,1303,508.0,Night,0,0.119
7552,2022-05-01,7,433,Vehicles,937,1791.6,Night,1,0.821
7553,2022-05-01,20,578,Raw Materials,429,529.03,Day,0,0.162
7554,2022-05-01,33,534,Vehicles,560,579.63,Day,0,0.027
7555,2022-05-01,38,255,Food,684,397.64,Day,0,0.151
7556,2022-05-01,41,179,Raw Materials,906,488.17,Day,0,0.097
7557,2022-05-02,32,626,Vehicles,279,535.61,Night,0,0.161
7558,2022-05-02,6,1,Electronics,520,503.06,Day,0,0.224
7559,2022-05-02,26,420,Machinery,1248,600.42,Day,0,0.239
7560,2022-05-02,20,595,Machinery,394,534.72,Day,0,0.208
7561,2022-05-02,27,354,Chemicals,1347,531.49,Day,0,0.019
7562,2022-05-02,6,158,Raw Materials,1275,393.88,Day,0,0.287
7563,2022-05-02,24,208,Food,1299,540.81,Night,0,0.288
7564,2022-05-02,30,405,Electronics,869,504.92,Night,0,0.041
7565,2022-05-03,13,218,Electronics,1470,602.61,Day,0,0.013
7566,2022-05-03,29,473,Food,911,1244.62,Night,1,0.997
7567,2022-05-03,25,272,Machinery,762,585.23,Day,0,0.061
7568,2022-05-03,9,210,Electronics,753,522.35,Day,0,0.068
7569,2022-05-03,39,511,Chemicals,311,517.08,Night,0,0.252
7570,2022-05-03,41,227,Food,314,461.28,Night,0,0.114
7571,2022-05-03,36,419,Textiles,1283,401.32,Night,0,0.215
7572,2022-05-03,44,198,Machinery,1183,455.92,Day,0,0.048
7573,2022-05-03,34,297,Chemicals,836,479.8,Night,0,0.005
7574,2022-05-03,10,68,Food,1485,547.15,Day,0,0.177
7575,2022-05-03,9,330,Food,1281,442.99,Day,0,0.172
7576,2022-05-03,24,279,Electronics,789,599.16,Night,0,0.187
7577,2022-05-04,17,370,Food,741,1187.9,Day,1,0.928
7578,2022-05-04,33,559,Electronics,1393,626.07,Night,0,0.074
7579,2022-05-04,41,440,Raw Materials,689,526.01,Day,0,0.03
7580,2022-05-04,1,35,Machinery,1208,496.01,Night,0,0.141
7581,2022-05-04,10,83,Electronics,1177,499.42,Day,0,0.104
7582,2022-05-04,22,444,Raw Materials,391,548.97,Night,0,0.185
7583,2022-05-04,42,330,Food,293,487.48,Night,0,0.115
7584,2022-05-04,14,615,Textiles,543,534.13,Day,0,0.243
7585,2022-05-05,37,34,Electronics,878,489.58,Night,0,0.214
7586,2022-05-05,22,538,Textiles,1395,601.46,Day,0,0.2
7587,2022-05-05,43,342,Machinery,846,500.91,Day,0,0.007
7588,2022-05-05,20,534,Vehicles,114,510.55,Day,0,0.134
7589,2022-05-05,9,474,Chemicals,841,484.03,Day,0,0.219
7590,2022-05-05,14,572,Chemicals,908,584.43,Day,0,0.048
7591,2022-05-05,9,346,Machinery,526,505.89,Day,0,0.224
7592,2022-05-05,9,238,Electronics,632,553.27,Day,0,0.123
7593,2022-05-05,28,495,Raw Materials,161,504.42,Night,0,0.098
7594,2022-05-06,6,555,Vehicles,438,540.69,Night,0,0.175
7595,2022-05-06,7,45,Vehicles,140,488.53,Day,0,0.109
7596,2022-05-06,3,598,Raw Materials,1289,582.15,Day,0,0.241
7597,2022-05-06,17,43,Vehicles,140,544.1,Night,0,0.287
7598,2022-05-06,33,299,Food,770,530.73,Night,0,0.091
7599,2022-05-06,11,360,Raw Materials,1051,459.0,Day,0,0.11
7600,2022-05-06,28,301,Chemicals,1290,543.34,Night,0,0.148
7601,2022-05-06,2,89,Chemicals,836,536.63,Day,0,0.183
7602,2022-05-07,12,178,Machinery,889,538.76,Day,0,0.288
7603,2022-05-07,23,179,Textiles,309,562.06,Day,0,0.207
7604,2022-05-07,12,23,Vehicles,751,492.91,Day,0,0.15
7605,2022-05-07,40,226,Chemicals,619,571.96,Day,0,0.213
7606,2022-05-07,14,385,Raw Materials,569,527.1,Day,0,0.276
7607,2022-05-07,22,360,Chemicals,1056,525.52,Day,0,0.14
7608,2022-05-07,28,223,Raw Materials,989,565.81,Day,0,0.161
7609,2022-05-08,10,465,Food,714,567.47,Night,0,0.29
7610,2022-05-08,40,601,Food,1484,500.98,Day,0,0.166
7611,2022-05-08,32,225,Vehicles,601,505.41,Day,0,0.3
7612,2022-05-08,7,275,Vehicles,359,428.07,Night,0,0.157
7613,2022-05-08,46,205,Textiles,1057,450.81,Night,0,0.007
7614,2022-05-08,26,81,Vehicles,810,545.85,Day,0,0.106
7615,2022-05-08,7,45,Food,1318,479.81,Night,0,0.239
7616,2022-05-08,39,391,Electronics,862,489.22,Day,0,0.182
7617,2022-05-08,5,500,Vehicles,1129,495.55,Day,0,0.002
7618,2022-05-08,6,191,Textiles,537,500.72,Night,0,0.107
7619,2022-05-09,11,268,Electronics,899,584.37,Day,0,0.233
7620,2022-05-09,26,494,Textiles,121,521.0,Night,0,0.074
7621,2022-05-09,10,416,Vehicles,237,429.94,Day,0,0.025
7622,2022-05-09,1,135,Chemicals,1117,443.92,Day,0,0.01
7623,2022-05-09,45,486,Chemicals,796,552.07,Day,0,0.036
7624,2022-05-09,12,246,Raw Materials,515,504.79,Day,0,0.153
7625,2022-05-09,37,63,Machinery,614,518.51,Night,0,0.024
7626,2022-05-09,9,81,Vehicles,1439,501.19,Day,0,0.296
7627,2022-05-09,14,69,Textiles,891,506.22,Day,0,0.196
7628,2022-05-10,35,507,Food,140,418.83,Day,0,0.09
7629,2022-05-10,19,371,Electronics,1220,619.25,Day,0,0.088
7630,2022-05-10,29,4,Chemicals,624,582.29,Night,0,0.071
7631,2022-05-10,42,22,Food,112,388.08,Night,0,0.266
7632,2022-05-10,8,570,Vehicles,366,549.48,Night,0,0.081
7633,2022-05-10,27,562,Chemicals,280,519.69,Day,0,0.07
7634,2022-05-10,40,289,Raw Materials,1059,555.86,Day,0,0.234
7635,2022-05-10,29,545,Vehicles,810,495.42,Night,0,0.09
7636,2022-05-10,12,136,Machinery,1090,457.53,Day,0,0.206
7637,2022-05-10,9,99,Machinery,988,520.78,Day,0,0.177
7638,2022-05-11,19,261,Food,351,486.78,Night,0,0.177
7639,2022-05-11,26,451,Food,1412,1780.1,Night,1,0.867
7640,2022-05-11,1,426,Vehicles,666,579.03,Day,0,0.25
7641,2022-05-11,32,106,Vehicles,1472,485.5,Day,0,0.218
7642,2022-05-11,23,277,Raw Materials,569,508.82,Day,0,0.071
7643,2022-05-11,14,265,Chemicals,737,556.4,Night,0,0.153
7644,2022-05-11,42,199,Chemicals,780,495.93,Day,0,0.26
7645,2022-05-11,15,345,Chemicals,472,460.04,Day,0,0.192
7646,2022-05-11,1,198,Textiles,621,516.03,Day,0,0.033
7647,2022-05-11,31,10,Textiles,1111,563.67,Night,0,0.042
7648,2022-05-11,12,85,Vehicles,192,1083.69,Day,1,0.89
7649,2022-05-11,14,288,Electronics,484,525.42,Day,0,0.063
7650,2022-05-12,24,216,Raw Materials,167,597.01,Night,0,0.038
7651,2022-05-12,21,422,Textiles,506,467.44,Day,0,0.227
7652,2022-05-12,27,347,Vehicles,1375,546.33,Night,0,0.185
7653,2022-05-12,39,591,Textiles,757,530.7,Night,0,0.193
7654,2022-05-12,20,301,Vehicles,756,488.82,Night,0,0.048
7655,2022-05-12,25,510,Chemicals,1106,548.75,Night,0,0.047
7656,2022-05-12,14,91,Electronics,914,437.35,Night,0,0.12
7657,2022-05-12,16,307,Raw Materials,1148,547.89,Day,0,0.078
7658,2022-05-13,25,523,Food,1340,458.06,Day,0,0.137
7659,2022-05-13,23,266,Electronics,1481,1845.05,Day,1,0.811
7660,2022-05-13,18,506,Food,295,482.11,Night,0,0.278
7661,2022-05-13,28,495,Textiles,135,416.98,Night,0,0.06
7662,2022-05-13,16,267,Machinery,436,528.57,Night,0,0.065
7663,2022-05-13,20,616,Machinery,777,583.06,Night,0,0.211
7664,2022-05-14,4,609,Machinery,921,1645.43,Night,1,0.834
7665,2022-05-14,24,444,Chemicals,659,450.83,Day,0,0.232
7666,2022-05-14,20,265,Food,882,490.05,Day,0,0.174
7667,2022-05-14,25,596,Textiles,1302,590.22,Day,0,0.03
7668,2022-05-14,19,610,Machinery,536,590.85,Day,0,0.192
7669,2022-05-14,43,164,Textiles,560,562.94,Day,0,0.207
7670,2022-05-14,33,432,Vehicles,640,549.47,Night,0,0.079
7671,2022-05-15,29,537,Raw Materials,1176,1172.36,Night,1,0.726
7672,2022-05-15,7,414,Food,334,480.3,Night,0,0.296
7673,2022-05-15,26,618,Vehicles,268,436.42,Night,0,0.214
7674,2022-05-15,22,234,Food,142,498.9,Night,0,0.082
7675,2022-05-15,37,67,Vehicles,1332,449.85,Night,0,0.254
7676,2022-05-15,31,296,Machinery,263,507.74,Day,0,0.043
7677,2022-05-15,29,318,Food,832,553.5,Day,0,0.204
7678,2022-05-15,33,580,Vehicles,1042,1205.81,Day,1,0.923
7679,2022-05-15,23,464,Chemicals,278,905.81,Night,1,0.96
7680,2022-05-15,12,262,Electronics,346,454.6,Night,0,0.289
7681,2022-05-15,35,368,Vehicles,1440,430.34,Night,0,0.137
7682,2022-05-15,12,410,Electronics,1435,484.25,Day,0,0.154
7683,2022-05-16,36,446,Machinery,208,483.25,Night,0,0.173
7684,2022-05-16,44,460,Chemicals,759,582.55,Day,0,0.014
7685,2022-05-16,25,278,Vehicles,1437,490.78,Day,0,0.255
7686,2022-05-16,18,546,Machinery,1375,524.69,Night,0,0.161
7687,2022-05-16,27,290,Electronics,459,542.13,Night,0,0.01
7688,2022-05-16,39,210,Electronics,902,521.92,Night,0,0.043
7689,2022-05-17,9,401,Vehicles,529,482.11,Night,0,0.296
7690,2022-05-17,35,486,Vehicles,756,522.73,Day,0,0.269
7691,2022-05-17,28,166,Machinery,865,554.34,Night,0,0.222
7692,2022-05-17,4,583,Food,943,498.11,Night,0,0.113
7693,2022-05-17,40,287,Raw Materials,1149,564.32,Day,0,0.013
7694,2022-05-17,28,433,Textiles,947,457.82,Night,0,0.236
7695,2022-05-17,34,618,Chemicals,380,503.15,Night,0,0.065
7696,2022-05-17,14,43,Vehicles,900,554.21,Day,0,0.262
7697,2022-05-18,37,214,Machinery,144,510.36,Day,0,0.222
7698,2022-05-18,8,381,Vehicles,684,566.95,Night,0,0.26
7699,2022-05-18,13,403,Machinery,1174,550.46,Day,0,0.022
7700,2022-05-18,28,330,Machinery,683,522.42,Day,0,0.235
7701,2022-05-18,45,151,Food,947,474.46,Day,0,0.117
7702,2022-05-18,45,395,Machinery,499,538.45,Day,0,0.166
7703,2022-05-18,8,214,Raw Materials,1451,568.41,Day,0,0.017
7704,2022-05-18,19,188,Electronics,572,406.44,Day,0,0.225
7705,2022-05-18,37,563,Electronics,718,490.95,Day,0,0.221
7706,2022-05-18,32,48,Chemicals,574,464.09,Day,0,0.232
7707,2022-05-19,45,583,Vehicles,1112,477.72,Day,0,0.002
7708,2022-05-19,12,615,Textiles,1492,487.12,Day,0,0.186
7709,2022-05-19,2,70,Chemicals,1009,549.84,Day,0,0.265
7710,2022-05-19,46,8,Electronics,1067,496.55,Night,0,0.181
7711,2022-05-19,6,83,Textiles,418,471.14,Day,0,0.174
7712,2022-05-19,20,246,Raw Materials,986,513.28,Day,0,0.026
7713,2022-05-19,36,15,Vehicles,546,555.7,Day,0,0.275
7714,2022-05-19,30,204,Electronics,712,491.34,Night,0,0.019
7715,2022-05-19,32,424,Textiles,690,597.45,Day,0,0.272
7716,2022-05-19,21,549,Textiles,327,456.53,Day,0,0.004
7717,2022-05-19,45,625,Vehicles,409,549.67,Night,0,0.049
7718,2022-05-19,16,66,Vehicles,1133,392.78,Night,0,0.273
7719,2022-05-20,46,536,Vehicles,1430,544.77,Day,0,0.299
7720,2022-05-20,36,614,Electronics,1084,542.49,Day,0,0.044
7721,2022-05-20,10,510,Vehicles,1000,414.54,Night,0,0.267
7722,2022-05-20,20,274,Electronics,1142,512.01,Day,0,0.061
7723,2022-05-20,18,257,Food,608,485.72,Day,0,0.09
7724,2022-05-20,32,514,Textiles,638,513.17,Night,0,0.15
7725,2022-05-20,10,221,Textiles,1472,516.24,Day,0,0.112
7726,2022-05-20,5,612,Electronics,698,516.37,Day,0,0.222
7727,2022-05-21,37,180,Food,285,574.01,Day,0,0.255
7728,2022-05-21,10,357,Food,1342,534.21,Day,0,0.061
7729,2022-05-21,4,386,Machinery,1247,488.82,Day,0,0.141
7730,2022-05-21,30,443,Electronics,1060,610.42,Night,0,0.19
7731,2022-05-21,29,192,Chemicals,140,467.12,Night,0,0.238
7732,2022-05-21,35,91,Electronics,732,574.17,Day,0,0.217
7733,2022-05-21,34,154,Textiles,1401,513.13,Night,0,0.035
7734,2022-05-21,27,571,Raw Materials,765,554.75,Day,0,0.096
7735,2022-05-21,10,518,Electronics,734,1214.36,Day,1,0.826
7736,2022-05-22,24,45,Vehicles,1418,463.03,Night,0,0.1
7737,2022-05-22,6,487,Food,357,542.81,Day,0,0.252
7738,2022-05-22,34,451,Food,359,427.57,Night,0,0.048
7739,2022-05-22,34,261,Electronics,577,518.46,Night,0,0.016
7740,2022-05-22,12,76,Chemicals,1083,542.29,Day,0,0.005
7741,2022-05-22,10,245,Food,1211,553.2,Day,0,0.007
7742,2022-05-23,30,318,Vehicles,857,561.78,Day,0,0.016
7743,2022-05-23,33,544,Chemicals,1139,641.84,Day,0,0.114
7744,2022-05-23,20,231,Raw Materials,672,499.57,Night,0,0.214
7745,2022-05-23,38,115,Raw Materials,729,526.45,Day,0,0.086
7746,2022-05-23,27,303,Chemicals,572,452.03,Day,0,0.245
7747,2022-05-23,14,46,Textiles,266,442.9,Night,0,0.105
7748,2022-05-23,22,4,Chemicals,1333,498.92,Night,0,0.285
7749,2022-05-24,43,35,Textiles,229,556.96,Night,0,0.232
7750,2022-05-24,29,201,Chemicals,237,504.71,Day,0,0.297
7751,2022-05-24,40,210,Vehicles,822,458.67,Night,0,0.197
7752,2022-05-24,11,141,Vehicles,1188,1323.67,Day,1,0.912
7753,2022-05-24,32,591,Machinery,1316,517.98,Day,0,0.233
7754,2022-05-24,18,406,Electronics,1218,531.93,Night,0,0.111
7755,2022-05-24,39,102,Machinery,332,476.59,Night,0,0.012
7756,2022-05-24,30,604,Food,137,1690.6,Day,1,0.936
7757,2022-05-24,44,432,Electronics,163,418.09,Day,0,0.033
7758,2022-05-24,29,248,Raw Materials,1342,486.27,Night,0,0.129
7759,2022-05-25,7,377,Chemicals,1432,514.3,Night,0,0.259
7760,2022-05-25,21,207,Machinery,770,421.03,Day,0,0.295
7761,2022-05-25,35,385,Raw Materials,478,528.27,Day,0,0.269
7762,2022-05-25,42,49,Chemicals,740,484.39,Day,0,0.148
7763,2022-05-25,46,343,Textiles,566,469.34,Day,0,0.168
7764,2022-05-25,18,14,Food,1421,555.68,Night,0,0.211
7765,2022-05-25,17,140,Food,266,1354.61,Day,1,0.941
7766,2022-05-26,12,114,Textiles,385,402.89,Night,0,0.213
7767,2022-05-26,20,75,Vehicles,576,560.96,Night,0,0.147
7768,2022-05-26,42,606,Machinery,1416,504.13,Day,0,0.184
7769,2022-05-26,13,633,Electronics,808,518.13,Day,0,0.11
7770,2022-05-26,42,477,Raw Materials,614,523.24,Day,0,0.26
7771,2022-05-26,13,237,Food,548,516.94,Day,0,0.271
7772,2022-05-26,36,524,Vehicles,896,547.59,Day,0,0.088
7773,2022-05-26,15,245,Chemicals,328,1670.77,Night,1,0.768
7774,2022-05-27,4,559,Raw Materials,115,514.81,Day,0,0.027
7775,2022-05-27,8,307,Machinery,805,476.62,Day,0,0.131
7776,2022-05-27,5,427,Food,1136,565.28,Day,0,0.221
7777,2022-05-27,19,240,Food,536,503.83,Day,0,0.271
7778,2022-05-27,22,364,Raw Materials,1154,554.17,Day,0,0.069
7779,2022-05-27,10,541,Machinery,264,537.29,Day,0,0.265
7780,2022-05-28,33,549,Machinery,562,590.03,Day,0,0.246
7781,2022-05-28,32,125,Machinery,557,472.21,Night,0,0.13
7782,2022-05-28,34,425,Raw Materials,1393,554.8,Day,0,0.233
7783,2022-05-28,35,455,Electronics,528,532.26,Day,0,0.229
7784,2022-05-28,9,494,Food,1348,508.82,Day,0,0.263
7785,2022-05-28,9,489,Electronics,427,470.82,Night,0,0.054
7786,2022-05-28,24,574,Chemicals,582,557.14,Day,0,0.074
7787,2022-05-28,2,520,Textiles,825,463.88,Day,0,0.245
7788,2022-05-28,44,96,Chemicals,1450,434.82,Night,0,0.213
7789,2022-05-28,31,231,Vehicles,645,521.83,Night,0,0.197
7790,2022-05-28,32,94,Vehicles,513,497.63,Day,0,0.043
7791,2022-05-29,3,417,Electronics,683,533.61,Day,0,0.078
7792,2022-05-29,13,254,Electronics,445,502.71,Night,0,0.096
7793,2022-05-29,23,401,Food,1390,412.07,Day,0,0.264
7794,2022-05-29,23,475,Vehicles,326,468.04,Night,0,0.017
7795,2022-05-29,29,258,Chemicals,1455,438.46,Day,0,0.252
7796,2022-05-29,27,370,Textiles,1398,404.87,Day,0,0.032
7797,2022-05-29,17,109,Textiles,469,504.93,Day,0,0.136
7798,2022-05-29,24,422,Raw Materials,1290,454.59,Night,0,0.181
7799,2022-05-29,24,19,Machinery,489,543.89,Night,0,0.069
7800,2022-05-29,19,207,Raw Materials,572,501.16,Night,0,0.054
7801,2022-05-29,19,404,Electronics,1122,605.32,Day,0,0.099
7802,2022-05-29,14,22,Chemicals,1204,533.03,Night,0,0.118
7803,2022-05-30,16,68,Chemicals,926,475.9,Day,0,0.084
7804,2022-05-30,17,299,Machinery,905,547.35,Day,0,0.098
7805,2022-05-30,10,102,Electronics,1165,502.57,Night,0,0.152
7806,2022-05-30,30,287,Textiles,533,536.2,Day,0,0.206
7807,2022-05-30,14,273,Food,1073,536.79,Night,0,0.066
7808,2022-05-30,46,345,Chemicals,315,433.23,Night,0,0.087
7809,2022-05-30,46,427,Raw Materials,947,490.29,Day,0,0.181
7810,2022-05-31,11,420,Electronics,283,504.32,Night,0,0.02
7811,2022-05-31,6,423,Machinery,548,513.47,Night,0,0.193
7812,2022-05-31,42,459,Textiles,667,525.1,Night,0,0.09
7813,2022-05-31,32,491,Electronics,673,461.76,Day,0,0.133
7814,2022-05-31,25,603,Textiles,307,616.78,Night,0,0.041
7815,2022-05-31,26,154,Chemicals,1278,413.7,Night,0,0.066
7816,2022-05-31,3,477,Chemicals,542,573.02,Day,0,0.247
7817,2022-05-31,36,596,Machinery,1124,499.67,Day,0,0.259
7818,2022-05-31,15,190,Electronics,1131,504.85,Day,0,0.166
7819,2022-05-31,7,394,Machinery,1416,583.09,Day,0,0.066
7820,2022-05-31,44,120,Food,1405,486.73,Day,0,0.064
7821,2022-06-01,27,536,Raw Materials,104,563.16,Night,0,0.078
7822,2022-06-01,43,607,Textiles,579,531.56,Day,0,0.12
7823,2022-06-01,42,102,Raw Materials,942,564.94,Night,0,0.183
7824,2022-06-01,3,558,Textiles,371,435.91,Night,0,0.162
7825,2022-06-01,25,238,Vehicles,1103,470.0,Night,0,0.116
7826,2022-06-01,24,132,Chemicals,925,1611.89,Night,1,0.836
7827,2022-06-01,24,12,Electronics,1433,471.82,Night,0,0.153
7828,2022-06-01,33,588,Electronics,235,520.64,Day,0,0.275
7829,2022-06-02,35,135,Raw Materials,1415,495.87,Day,0,0.256
7830,2022-06-02,38,515,Electronics,1157,500.12,Night,0,0.124
7831,2022-06-02,5,425,Food,182,1814.22,Night,1,0.868
7832,2022-06-02,10,175,Vehicles,716,465.21,Day,0,0.116
7833,2022-06-02,6,424,Electronics,1068,494.64,Night,0,0.123
7834,2022-06-02,12,414,Machinery,207,450.89,Night,0,0.066
7835,2022-06-02,34,206,Raw Materials,1269,592.34,Day,0,0.157
7836,2022-06-02,2,592,Chemicals,909,662.42,Day,0,0.023
7837,2022-06-02,26,261,Machinery,1010,560.29,Night,0,0.251
7838,2022-06-02,37,567,Electronics,1490,517.77,Night,0,0.267
7839,2022-06-02,30,27,Food,1059,546.5,Night,0,0.08
7840,2022-06-02,25,336,Textiles,945,592.09,Day,0,0.178
7841,2022-06-03,31,114,Vehicles,979,494.11,Day,0,0.214
7842,2022-06-03,3,30,Machinery,1265,517.16,Day,0,0.121
7843,2022-06-03,43,48,Chemicals,427,566.09,Day,0,0.21
7844,2022-06-03,20,134,Textiles,441,503.24,Day,0,0.103
7845,2022-06-03,12,145,Textiles,736,628.08,Day,0,0.196
7846,2022-06-03,26,191,Chemicals,147,592.88,Day,0,0.077
7847,2022-06-03,42,27,Electronics,263,528.69,Night,0,0.078
7848,2022-06-03,11,338,Electronics,1010,470.44,Night,0,0.096
7849,2022-06-04,40,574,Machinery,720,1715.32,Day,1,0.963
7850,2022-06-04,27,152,Food,1485,411.22,Night,0,0.046
7851,2022-06-04,43,197,Food,502,521.76,Day,0,0.244
7852,2022-06-04,33,513,Textiles,1282,473.77,Night,0,0.136
7853,2022-06-04,39,597,Machinery,1324,459.05,Day,0,0.17
7854,2022-06-04,15,484,Electronics,628,470.93,Day,0,0.018
7855,2022-06-04,7,108,Vehicles,964,500.71,Day,0,0.263
7856,2022-06-04,25,546,Textiles,743,593.96,Night,0,0.008
7857,2022-06-04,39,103,Vehicles,1043,516.03,Day,0,0.101
7858,2022-06-04,43,555,Food,255,459.72,Night,0,0.152
7859,2022-06-04,40,350,Vehicles,615,657.77,Day,0,0.192
7860,2022-06-05,15,583,Vehicles,1110,489.57,Night,0,0.283
7861,2022-06-05,1,32,Electronics,624,444.14,Night,0,0.272
7862,2022-06-05,45,428,Vehicles,716,413.9,Night,0,0.002
7863,2022-06-05,17,137,Raw Materials,388,512.56,Day,0,0.261
7864,2022-06-05,36,397,Textiles,868,496.6,Night,0,0.272
7865,2022-06-05,13,229,Textiles,1095,440.0,Night,0,0.05
7866,2022-06-06,5,292,Vehicles,678,502.55,Night,0,0.094
7867,2022-06-06,32,225,Vehicles,748,587.05,Day,0,0.265
7868,2022-06-06,5,468,Raw Materials,276,545.05,Day,0,0.068
7869,2022-06-06,8,596,Textiles,415,523.39,Night,0,0.12
7870,2022-06-06,8,474,Electronics,567,563.56,Night,0,0.214
7871,2022-06-06,46,39,Raw Materials,780,546.52,Day,0,0.257
7872,2022-06-07,32,216,Electronics,900,486.12,Night,0,0.272
7873,2022-06-07,22,270,Chemicals,472,1489.59,Day,1,0.9
7874,2022-06-07,7,328,Textiles,1412,578.38,Day,0,0.04
7875,2022-06-07,40,517,Electronics,1309,519.87,Day,0,0.264
7876,2022-06-07,2,260,Raw Materials,185,517.5,Night,0,0.299
7877,2022-06-07,27,17,Chemicals,1368,501.46,Night,0,0.137
7878,2022-06-07,18,344,Chemicals,1274,535.29,Day,0,0.035
7879,2022-06-08,44,150,Food,1211,438.72,Night,0,0.114
7880,2022-06-08,3,159,Textiles,970,543.02,Night,0,0.219
7881,2022-06-08,19,548,Raw Materials,958,530.17,Night,0,0.274
7882,2022-06-08,7,137,Machinery,1341,466.58,Day,0,0.105
7883,2022-06-08,21,162,Electronics,172,476.18,Day,0,0.024
7884,2022-06-08,8,343,Raw Materials,900,446.68,Night,0,0.166
7885,2022-06-08,22,629,Raw Materials,314,522.96,Night,0,0.249
7886,2022-06-08,39,151,Electronics,653,513.67,Day,0,0.064
7887,2022-06-08,41,333,Food,1023,485.3,Day,0,0.087
7888,2022-06-09,3,514,Food,634,476.66,Night,0,0.266
7889,2022-06-09,39,527,Machinery,1275,547.48,Day,0,0.143
7890,2022-06-09,34,553,Textiles,1411,550.73,Night,0,0.26
7891,2022-06-09,20,287,Machinery,179,540.41,Day,0,0.01
7892,2022-06-09,41,375,Electronics,807,534.78,Night,0,0.04
7893,2022-06-09,37,540,Chemicals,101,535.87,Day,0,0.015
7894,2022-06-09,33,93,Chemicals,140,432.72,Night,0,0.174
7895,2022-06-09,14,208,Raw Materials,1052,465.73,Night,0,0.173
7896,2022-06-10,15,554,Electronics,395,529.56,Night,0,0.209
7897,2022-06-10,38,107,Chemicals,865,503.5,Day,0,0.156
7898,2022-06-10,36,522,Raw Materials,1420,545.0,Night,0,0.207
7899,2022-06-10,20,81,Chemicals,1095,490.86,Night,0,0.248
7900,2022-06-10,6,334,Vehicles,656,534.52,Night,0,0.276
7901,2022-06-10,23,16,Vehicles,711,1525.77,Day,1,0.817
7902,2022-06-10,35,96,Machinery,309,419.02,Day,0,0.145
7903,2022-06-10,44,595,Chemicals,130,578.54,Night,0,0.029
7904,2022-06-11,41,404,Machinery,489,476.2,Day,0,0.052
7905,2022-06-11,20,41,Vehicles,464,1416.12,Day,1,0.706
7906,2022-06-11,11,78,Textiles,801,461.36,Night,0,0.289
7907,2022-06-11,41,211,Chemicals,919,545.04,Night,0,0.025
7908,2022-06-11,39,17,Chemicals,269,502.63,Night,0,0.159
7909,2022-06-11,28,550,Machinery,1036,483.75,Night,0,0.183
7910,2022-06-11,33,207,Chemicals,522,532.16,Night,0,0.045
7911,2022-06-11,37,290,Machinery,1139,531.96,Day,0,0.27
7912,2022-06-12,39,2,Raw Materials,168,456.58,Night,0,0.091
7913,2022-06-12,8,528,Electronics,1386,495.65,Night,0,0.267
7914,2022-06-12,9,273,Machinery,1202,463.46,Night,0,0.027
7915,2022-06-12,45,398,Chemicals,783,504.0,Night,0,0.053
7916,2022-06-12,10,272,Textiles,941,461.14,Day,0,0.13
7917,2022-06-12,41,313,Vehicles,1104,515.48,Night,0,0.077
7918,2022-06-12,38,169,Vehicles,277,517.76,Day,0,0.041
7919,2022-06-12,1,403,Textiles,925,487.37,Day,0,0.107
7920,2022-06-12,38,154,Food,859,1080.65,Night,1,0.911
7921,2022-06-12,40,368,Machinery,270,587.08,Day,0,0.028
7922,2022-06-12,18,228,Chemicals,794,455.78,Day,0,0.014
7923,2022-06-13,26,174,Textiles,1006,507.1,Day,0,0.089
7924,2022-06-13,20,151,Electronics,691,543.28,Night,0,0.203
7925,2022-06-13,21,385,Machinery,244,514.5,Day,0,0.074
7926,2022-06-13,2,450,Food,1048,502.25,Day,0,0.268
7927,2022-06-13,45,11,Raw Materials,546,513.6,Night,0,0.227
7928,2022-06-13,14,474,Machinery,870,522.22,Night,0,0.217
7929,2022-06-13,15,505,Vehicles,1086,536.26,Night,0,0.053
7930,2022-06-13,17,173,Textiles,738,478.04,Night,0,0.022
7931,2022-06-14,35,504,Raw Materials,317,544.57,Night,0,0.293
7932,2022-06-14,11,287,Machinery,1347,576.72,Night,0,0.253
7933,2022-06-14,43,518,Textiles,738,505.21,Day,0,0.037
7934,2022-06-14,30,356,Electronics,121,490.72,Night,0,0.011
7935,2022-06-14,28,484,Chemicals,762,546.83,Day,0,0.08
7936,2022-06-14,5,31,Raw Materials,427,379.08,Night,0,0.022
7937,2022-06-14,25,356,Textiles,497,449.42,Night,0,0.161
7938,2022-06-14,27,325,Chemicals,152,455.83,Day,0,0.033
7939,2022-06-14,9,515,Vehicles,1090,410.9,Day,0,0.23
7940,2022-06-14,1,117,Textiles,868,494.82,Night,0,0.276
7941,2022-06-14,10,246,Machinery,357,505.53,Day,0,0.073
7942,2022-06-14,36,74,Raw Materials,1067,499.03,Day,0,0.099
7943,2022-06-15,45,141,Food,703,524.39,Day,0,0.049
7944,2022-06-15,2,319,Textiles,1258,479.9,Night,0,0.066
7945,2022-06-15,36,363,Chemicals,694,504.6,Night,0,0.017
7946,2022-06-15,21,90,Vehicles,917,486.55,Day,0,0.229
7947,2022-06-15,1,383,Textiles,746,445.19,Day,0,0.192
7948,2022-06-15,42,516,Food,1178,483.55,Day,0,0.074
7949,2022-06-15,10,384,Electronics,445,543.58,Night,0,0.121
7950,2022-06-15,43,45,Raw Materials,1203,531.69,Day,0,0.282
7951,2022-06-15,12,538,Food,1358,493.83,Day,0,0.13
7952,2022-06-16,38,97,Textiles,326,481.46,Night,0,0.28
7953,2022-06-16,24,265,Machinery,277,507.73,Day,0,0.066
7954,2022-06-16,25,398,Food,1308,493.32,Night,0,0.14
7955,2022-06-16,19,235,Chemicals,703,479.49,Day,0,0.164
7956,2022-06-16,18,350,Machinery,232,460.48,Night,0,0.099
7957,2022-06-16,23,409,Machinery,106,465.35,Day,0,0.111
7958,2022-06-16,33,506,Machinery,156,475.88,Night,0,0.22
7959,2022-06-16,5,483,Vehicles,1375,503.05,Day,0,0.225
7960,2022-06-16,31,233,Machinery,698,540.16,Day,0,0.216
7961,2022-06-16,10,468,Vehicles,374,602.86,Night,0,0.034
7962,2022-06-16,38,629,Textiles,1297,487.42,Night,0,0.252
7963,2022-06-17,10,109,Food,861,471.86,Night,0,0.208
7964,2022-06-17,35,273,Raw Materials,1232,484.9,Day,0,0.089
7965,2022-06-17,20,232,Vehicles,902,548.78,Day,0,0.112
7966,2022-06-17,37,363,Vehicles,1030,474.69,Night,0,0.259
7967,2022-06-17,22,435,Textiles,1319,582.78,Night,0,0.103
7968,2022-06-17,28,86,Vehicles,143,499.93,Day,0,0.237
7969,2022-06-17,15,166,Raw Materials,924,519.5,Night,0,0.19
7970,2022-06-17,40,291,Chemicals,1283,611.28,Night,0,0.157
7971,2022-06-17,44,393,Textiles,936,473.16,Night,0,0.237
7972,2022-06-17,6,494,Chemicals,645,1577.73,Night,1,0.996
7973,2022-06-17,37,633,Raw Materials,1391,537.77,Night,0,0.095
7974,2022-06-17,14,290,Electronics,944,1059.85,Night,1,0.876
7975,2022-06-18,12,444,Textiles,959,532.15,Night,0,0.236
7976,2022-06-18,33,245,Chemicals,464,507.26,Day,0,0.062
7977,2022-06-18,32,205,Textiles,945,537.65,Day,0,0.174
7978,2022-06-18,5,130,Electronics,981,473.23,Day,0,0.207
7979,2022-06-18,29,162,Machinery,346,627.42,Night,0,0.192
7980,2022-06-18,46,480,Electronics,422,493.55,Day,0,0.284
7981,2022-06-18,14,602,Vehicles,830,495.45,Night,0,0.116
7982,2022-06-18,32,111,Electronics,102,592.71,Night,0,0.209
7983,2022-06-18,26,356,Textiles,779,532.43,Day,0,0.112
7984,2022-06-19,42,522,Textiles,787,492.48,Night,0,0.045
7985,2022-06-19,9,54,Raw Materials,888,550.16,Day,0,0.271
7986,2022-06-19,42,463,Vehicles,336,473.4,Night,0,0.041
7987,2022-06-19,4,85,Chemicals,684,502.27,Day,0,0.22
7988,2022-06-19,36,479,Electronics,1123,1664.42,Day,1,0.829
7989,2022-06-19,34,484,Vehicles,1473,440.15,Day,0,0.042
7990,2022-06-19,6,445,Electronics,400,466.24,Night,0,0.08
7991,2022-06-19,45,352,Machinery,847,454.31,Day,0,0.202
7992,2022-06-19,7,417,Food,1217,470.21,Night,0,0.031
7993,2022-06-19,15,433,Vehicles,435,560.14,Night,0,0.258
7994,2022-06-19,3,557,Raw Materials,228,630.94,Night,0,0.042
7995,2022-06-20,2,373,Raw Materials,1269,599.49,Day,0,0.078
7996,2022-06-20,36,199,Textiles,1220,454.1,Night,0,0.08
7997,2022-06-20,1,572,Food,1009,486.81,Day,0,0.207
7998,2022-06-20,20,213,Food,683,649.98,Night,0,0.201
7999,2022-06-20,30,378,Machinery,889,618.78,Night,0,0.026
8000,2022-06-20,11,242,Textiles,864,1998.11,Day,1,0.985
8001,2022-06-20,38,495,Electronics,181,495.88,Night,0,0.102
8002,2022-06-21,33,5,Chemicals,875,474.22,Night,0,0.204
8003,2022-06-21,45,340,Vehicles,334,437.76,Day,0,0.279
8004,2022-06-21,4,618,Food,799,465.4,Day,0,0.026
8005,2022-06-21,43,482,Textiles,268,472.99,Day,0,0.234
8006,2022-06-21,3,90,Textiles,225,465.88,Night,0,0.048
8007,2022-06-21,15,114,Raw Materials,1226,455.84,Day,0,0.147
8008,2022-06-21,12,191,Electronics,420,508.59,Night,0,0.277
8009,2022-06-21,2,255,Electronics,211,568.16,Night,0,0.264
8010,2022-06-21,39,192,Chemicals,641,539.86,Day,0,0.207
8011,2022-06-21,18,261,Electronics,919,412.3,Night,0,0.104
8012,2022-06-21,41,182,Chemicals,207,534.14,Day,0,0.147
8013,2022-06-21,25,285,Electronics,1229,565.44,Night,0,0.241
8014,2022-06-22,45,603,Food,549,637.85,Day,0,0.022
8015,2022-06-22,8,495,Food,816,503.17,Day,0,0.154
8016,2022-06-22,4,540,Textiles,947,547.23,Day,0,0.287
8017,2022-06-22,33,3,Electronics,509,430.25,Night,0,0.133
8018,2022-06-22,13,154,Chemicals,221,595.24,Night,0,0.207
8019,2022-06-22,23,476,Vehicles,557,453.71,Day,0,0.056
8020,2022-06-22,31,27,Vehicles,482,520.78,Night,0,0.144
8021,2022-06-22,42,590,Textiles,103,496.44,Day,0,0.286
8022,2022-06-23,35,74,Vehicles,996,423.05,Day,0,0.026
8023,2022-06-23,15,492,Chemicals,982,507.12,Day,0,0.273
8024,2022-06-23,31,186,Electronics,409,445.32,Night,0,0.088
8025,2022-06-23,3,170,Chemicals,299,527.61,Night,0,0.25
8026,2022-06-23,2,593,Food,563,534.76,Day,0,0.251
8027,2022-06-23,16,549,Raw Materials,236,533.79,Night,0,0.027
8028,2022-06-23,5,529,Chemicals,209,416.19,Day,0,0.069
8029,2022-06-23,15,603,Chemicals,1262,476.23,Night,0,0.135
8030,2022-06-23,30,75,Vehicles,183,485.55,Day,0,0.256
8031,2022-06-23,33,481,Textiles,146,502.8,Night,0,0.145
8032,2022-06-24,30,632,Food,422,521.05,Night,0,0.263
8033,2022-06-24,3,621,Textiles,854,545.12,Night,0,0.176
8034,2022-06-24,5,193,Raw Materials,731,527.63,Night,0,0.068
8035,2022-06-24,46,472,Food,1200,478.24,Night,0,0.239
8036,2022-06-24,23,259,Chemicals,1474,475.05,Night,0,0.078
8037,2022-06-24,3,180,Vehicles,1239,428.62,Night,0,0.274
8038,2022-06-24,1,539,Vehicles,311,425.99,Day,0,0.299
8039,2022-06-24,34,464,Textiles,765,512.84,Night,0,0.236
8040,2022-06-24,39,444,Vehicles,912,543.77,Night,0,0.168
8041,2022-06-24,29,138,Food,1122,586.83,Night,0,0.284
8042,2022-06-24,36,122,Raw Materials,990,387.61,Night,0,0.111
8043,2022-06-25,18,483,Raw Materials,329,618.27,Day,0,0.238
8044,2022-06-25,10,117,Food,683,501.89,Night,0,0.23
8045,2022-06-25,13,93,Textiles,281,518.63,Night,0,0.103
8046,2022-06-25,44,76,Food,1361,401.64,Night,0,0.184
8047,2022-06-25,32,49,Food,798,555.75,Night,0,0.173
8048,2022-06-25,12,245,Machinery,971,573.14,Day,0,0.241
8049,2022-06-25,40,15,Machinery,1437,496.72,Day,0,0.3
8050,2022-06-26,21,166,Raw Materials,937,556.68,Night,0,0.277
8051,2022-06-26,8,614,Electronics,883,503.77,Day,0,0.248
8052,2022-06-26,32,204,Raw Materials,1183,399.19,Day,0,0.058
8053,2022-06-26,35,578,Chemicals,659,567.68,Day,0,0.269
8054,2022-06-26,24,117,Chemicals,563,488.42,Day,0,0.215
8055,2022-06-26,27,612,Food,502,546.61,Night,0,0.066
8056,2022-06-26,23,127,Textiles,1116,517.97,Night,0,0.238
8057,2022-06-27,32,485,Raw Materials,423,510.7,Night,0,0.299
8058,2022-06-27,8,515,Chemicals,1053,461.76,Night,0,0.221
8059,2022-06-27,40,436,Machinery,677,536.26,Night,0,0.18
8060,2022-06-27,11,534,Electronics,516,500.85,Night,0,0.146
8061,2022-06-27,39,412,Vehicles,859,456.14,Night,0,0.125
8062,2022-06-27,34,609,Chemicals,796,423.16,Night,0,0.155
8063,2022-06-27,26,596,Electronics,1381,558.74,Day,0,0.201
8064,2022-06-27,35,502,Electronics,1432,507.97,Day,0,0.163
8065,2022-06-27,13,18,Electronics,159,545.05,Day,0,0.102
8066,2022-06-27,11,208,Vehicles,352,384.46,Night,0,0.014
8067,2022-06-27,35,440,Textiles,321,532.89,Day,0,0.218
8068,2022-06-28,28,278,Vehicles,946,495.9,Day,0,0.284
8069,2022-06-28,3,370,Textiles,735,580.43,Day,0,0.072
8070,2022-06-28,3,242,Textiles,1183,547.74,Day,0,0.138
8071,2022-06-28,19,66,Chemicals,473,518.24,Night,0,0.257
8072,2022-06-28,15,236,Machinery,1459,1810.86,Night,1,0.755
8073,2022-06-28,22,151,Machinery,1391,482.23,Day,0,0.035
8074,2022-06-28,36,179,Chemicals,156,476.83,Day,0,0.097
8075,2022-06-28,2,159,Electronics,1350,606.83,Night,0,0.08
8076,2022-06-28,41,589,Vehicles,205,520.38,Night,0,0.113
8077,2022-06-28,16,223,Textiles,623,435.76,Day,0,0.135
8078,2022-06-28,33,540,Vehicles,644,547.97,Night,0,0.237
8079,2022-06-28,25,281,Textiles,418,484.55,Night,0,0.29
8080,2022-06-29,31,213,Chemicals,120,1516.86,Day,1,0.782
8081,2022-06-29,7,391,Raw Materials,410,516.54,Night,0,0.074
8082,2022-06-29,42,48,Chemicals,1397,676.35,Day,0,0.189
8083,2022-06-29,6,608,Electronics,107,543.01,Night,0,0.015
8084,2022-06-29,43,515,Textiles,1113,524.23,Day,0,0.088
8085,2022-06-29,20,396,Machinery,955,474.96,Night,0,0.19
8086,2022-06-29,45,242,Chemicals,1033,465.04,Night,0,0.024
8087,2022-06-29,16,383,Raw Materials,757,484.07,Day,0,0.038
8088,2022-06-29,44,549,Machinery,928,550.09,Night,0,0.017
8089,2022-06-29,32,315,Textiles,286,490.37,Day,0,0.112
8090,2022-06-29,7,378,Food,297,470.68,Day,0,0.26
8091,2022-06-29,40,305,Electronics,736,674.74,Day,0,0.101
8092,2022-06-30,36,257,Textiles,855,452.98,Night,0,0.082
8093,2022-06-30,21,387,Machinery,838,425.69,Night,0,0.048
8094,2022-06-30,19,18,Electronics,771,584.44,Day,0,0.184
8095,2022-06-30,19,26,Food,152,461.87,Day,0,0.081
8096,2022-06-30,2,101,Vehicles,323,501.03,Day,0,0.233
8097,2022-06-30,3,607,Chemicals,623,525.54,Night,0,0.089
8098,2022-07-01,6,614,Machinery,1032,535.3,Night,0,0.142
8099,2022-07-01,19,114,Machinery,405,514.72,Day,0,0.095
8100,2022-07-01,7,218,Vehicles,240,581.49,Night,0,0.14
8101,2022-07-01,37,510,Chemicals,1498,426.31,Night,0,0.096
8102,2022-07-01,16,327,Vehicles,1366,600.35,Night,0,0.036
8103,2022-07-01,18,108,Chemicals,962,527.53,Night,0,0.038
8104,2022-07-01,19,241,Textiles,1149,498.41,Day,0,0.227
8105,2022-07-01,3,437,Vehicles,343,538.4,Night,0,0.109
8106,2022-07-01,45,52,Textiles,493,468.19,Night,0,0.149
8107,2022-07-01,45,498,Electronics,768,627.98,Day,0,0.0
8108,2022-07-01,28,207,Textiles,690,481.36,Night,0,0.104
8109,2022-07-01,41,329,Textiles,896,482.1,Day,0,0.276
8110,2022-07-02,27,515,Textiles,1232,567.05,Day,0,0.258
8111,2022-07-02,36,242,Electronics,827,557.44,Night,0,0.3
8112,2022-07-02,12,469,Food,636,536.97,Night,0,0.203
8113,2022-07-02,8,283,Textiles,795,590.09,Day,0,0.073
8114,2022-07-02,35,231,Electronics,416,504.99,Night,0,0.037
8115,2022-07-02,18,355,Raw Materials,1268,438.59,Night,0,0.234
8116,2022-07-02,19,399,Machinery,836,499.64,Day,0,0.092
8117,2022-07-02,38,219,Textiles,966,466.36,Day,0,0.093
8118,2022-07-02,8,426,Raw Materials,210,530.19,Night,0,0.097
8119,2022-07-03,13,589,Food,834,506.15,Day,0,0.056
8120,2022-07-03,15,198,Textiles,1383,538.83,Day,0,0.063
8121,2022-07-03,45,160,Vehicles,195,464.94,Day,0,0.012
8122,2022-07-03,35,501,Chemicals,1222,1005.63,Night,1,0.834
8123,2022-07-03,32,573,Raw Materials,1270,523.66,Day,0,0.275
8124,2022-07-03,45,427,Machinery,1143,443.88,Night,0,0.09
8125,2022-07-03,13,201,Machinery,756,580.03,Day,0,0.16
8126,2022-07-03,43,185,Chemicals,700,496.43,Night,0,0.013
8127,2022-07-03,18,56,Food,508,522.59,Night,0,0.186
8128,2022-07-04,34,272,Vehicles,602,510.81,Night,0,0.085
8129,2022-07-04,38,325,Raw Materials,1097,536.11,Day,0,0.027
8130,2022-07-04,22,238,Textiles,676,552.3,Night,0,0.046
8131,2022-07-04,2,37,Chemicals,560,506.48,Day,0,0.182
8132,2022-07-04,25,549,Electronics,326,525.34,Night,0,0.152
8133,2022-07-04,21,373,Food,201,452.82,Night,0,0.211
8134,2022-07-04,30,386,Food,426,571.1,Day,0,0.126
8135,2022-07-04,19,314,Machinery,1112,443.32,Day,0,0.189
8136,2022-07-04,45,92,Electronics,1126,1519.59,Day,1,0.754
8137,2022-07-04,26,283,Chemicals,758,492.26,Day,0,0.299
8138,2022-07-05,23,415,Chemicals,861,454.28,Night,0,0.102
8139,2022-07-05,14,93,Machinery,1296,498.87,Night,0,0.133
8140,2022-07-05,23,420,Machinery,558,495.98,Night,0,0.149
8141,2022-07-05,17,197,Textiles,1233,1424.57,Night,1,0.926
8142,2022-07-05,2,173,Chemicals,145,448.62,Night,0,0.022
8143,2022-07-05,9,461,Machinery,157,459.99,Night,0,0.112
8144,2022-07-05,38,380,Textiles,1067,529.59,Night,0,0.033
8145,2022-07-05,9,516,Textiles,687,532.85,Night,0,0.299
8146,2022-07-05,32,260,Electronics,1373,577.43,Day,0,0.198
8147,2022-07-05,19,485,Chemicals,985,462.46,Day,0,0.157
8148,2022-07-06,38,516,Vehicles,412,512.62,Day,0,0.071
8149,2022-07-06,34,130,Textiles,731,535.1,Night,0,0.103
8150,2022-07-06,38,477,Raw Materials,532,531.41,Day,0,0.014
8151,2022-07-06,34,489,Chemicals,1152,545.53,Day,0,0.178
8152,2022-07-06,24,160,Electronics,698,522.46,Night,0,0.188
8153,2022-07-06,15,285,Food,898,576.03,Night,0,0.078
8154,2022-07-06,17,583,Raw Materials,792,460.91,Night,0,0.075
8155,2022-07-06,6,15,Raw Materials,862,527.15,Day,0,0.259
8156,2022-07-07,6,360,Textiles,1190,529.44,Night,0,0.059
8157,2022-07-07,36,540,Machinery,167,447.78,Night,0,0.044
8158,2022-07-07,24,104,Chemicals,1444,507.22,Day,0,0.213
8159,2022-07-07,12,331,Textiles,1497,1127.03,Night,1,0.821
8160,2022-07-07,43,106,Raw Materials,277,447.14,Day,0,0.196
8161,2022-07-07,11,285,Electronics,1084,538.0,Night,0,0.083
8162,2022-07-07,15,450,Machinery,664,553.93,Night,0,0.204
8163,2022-07-07,24,126,Raw Materials,574,493.62,Night,0,0.102
8164,2022-07-07,17,520,Machinery,855,467.27,Night,0,0.027
8165,2022-07-07,24,577,Machinery,900,654.06,Day,0,0.101
8166,2022-07-08,6,450,Raw Materials,1242,461.7,Day,0,0.046
8167,2022-07-08,14,445,Electronics,1083,539.83,Day,0,0.252
8168,2022-07-08,12,129,Food,510,462.75,Night,0,0.169
8169,2022-07-08,46,325,Machinery,677,538.11,Day,0,0.199
8170,2022-07-08,22,275,Electronics,1162,424.35,Day,0,0.067
8171,2022-07-08,1,620,Raw Materials,426,667.2,Night,0,0.185
8172,2022-07-08,45,110,Raw Materials,1389,519.04,Day,0,0.177
8173,2022-07-08,38,437,Vehicles,1279,490.8,Night,0,0.265
8174,2022-07-08,2,536,Textiles,256,486.34,Night,0,0.272
8175,2022-07-08,45,599,Machinery,1095,624.11,Day,0,0.015
8176,2022-07-08,37,539,Machinery,1108,561.86,Night,0,0.164
8177,2022-07-09,8,436,Electronics,512,663.2,Day,0,0.044
8178,2022-07-09,34,375,Textiles,712,471.12,Night,0,0.02
8179,2022-07-09,22,296,Vehicles,853,562.91,Day,0,0.167
8180,2022-07-09,6,109,Electronics,879,487.52,Day,0,0.231
8181,2022-07-09,32,548,Chemicals,656,508.94,Night,0,0.035
8182,2022-07-09,17,630,Raw Materials,942,518.97,Night,0,0.137
8183,2022-07-09,7,390,Food,149,510.83,Night,0,0.06
8184,2022-07-09,19,189,Textiles,502,502.48,Night,0,0.234
8185,2022-07-10,38,634,Machinery,294,604.4,Night,0,0.184
8186,2022-07-10,23,476,Electronics,317,490.5,Day,0,0.294
8187,2022-07-10,23,68,Chemicals,654,590.19,Day,0,0.156
8188,2022-07-10,29,549,Electronics,515,455.45,Day,0,0.271
8189,2022-07-10,30,402,Food,105,420.3,Day,0,0.221
8190,2022-07-10,28,148,Chemicals,815,466.85,Day,0,0.17
8191,2022-07-10,46,366,Machinery,972,555.95,Day,0,0.165
8192,2022-07-10,24,205,Vehicles,1011,608.26,Day,0,0.241
8193,2022-07-10,3,443,Machinery,854,603.26,Night,0,0.109
8194,2022-07-11,32,220,Chemicals,1035,509.79,Day,0,0.073
8195,2022-07-11,17,384,Textiles,1157,539.97,Day,0,0.042
8196,2022-07-11,17,529,Raw Materials,1005,585.42,Day,0,0.015
8197,2022-07-11,38,430,Chemicals,1295,488.18,Night,0,0.025
8198,2022-07-11,38,72,Raw Materials,534,533.62,Night,0,0.185
8199,2022-07-11,2,37,Raw Materials,1016,513.14,Night,0,0.281
8200,2022-07-11,36,173,Textiles,1006,526.7,Day,0,0.26
8201,2022-07-11,32,3,Machinery,179,523.51,Night,0,0.223
8202,2022-07-11,44,178,Food,609,449.25,Night,0,0.277
8203,2022-07-11,9,636,Raw Materials,392,620.36,Day,0,0.142
8204,2022-07-12,17,37,Textiles,477,554.93,Day,0,0.102
8205,2022-07-12,43,270,Machinery,149,522.34,Day,0,0.259
8206,2022-07-12,8,559,Chemicals,670,473.63,Day,0,0.274
8207,2022-07-12,7,310,Electronics,776,1694.68,Day,1,0.865
8208,2022-07-12,32,367,Textiles,855,470.07,Night,0,0.029
8209,2022-07-12,32,287,Machinery,1442,462.53,Night,0,0.057
8210,2022-07-12,35,409,Chemicals,785,1365.6,Night,1,0.988
8211,2022-07-12,6,498,Chemicals,892,446.76,Night,0,0.24
8212,2022-07-12,4,418,Raw Materials,273,570.69,Night,0,0.081
8213,2022-07-12,2,86,Machinery,1468,536.1,Day,0,0.081
8214,2022-07-12,8,568,Electronics,938,541.29,Day,0,0.119
8215,2022-07-12,7,24,Textiles,1429,524.1,Night,0,0.028
8216,2022-07-13,18,481,Vehicles,138,489.49,Day,0,0.114
8217,2022-07-13,5,320,Raw Materials,171,535.2,Day,0,0.055
8218,2022-07-13,23,305,Vehicles,804,501.54,Day,0,0.258
8219,2022-07-13,45,400,Chemicals,1273,530.22,Night,0,0.147
8220,2022-07-13,18,469,Raw Materials,1107,435.32,Day,0,0.02
8221,2022-07-13,36,584,Electronics,989,558.79,Night,0,0.005
8222,2022-07-13,29,289,Vehicles,824,490.34,Night,0,0.173
8223,2022-07-13,5,447,Chemicals,676,476.48,Night,0,0.043
8224,2022-07-13,6,102,Electronics,1049,408.35,Night,0,0.232
8225,2022-07-13,15,448,Raw Materials,739,891.45,Night,1,0.855
8226,2022-07-14,37,299,Machinery,334,449.87,Day,0,0.066
8227,2022-07-14,17,147,Machinery,216,394.45,Night,0,0.171
8228,2022-07-14,9,131,Vehicles,1011,549.16,Night,0,0.228
8229,2022-07-14,27,298,Raw Materials,157,507.76,Day,0,0.171
8230,2022-07-14,11,270,Food,554,575.09,Day,0,0.236
8231,2022-07-14,46,373,Food,936,526.18,Night,0,0.244
8232,2022-07-14,3,93,Vehicles,191,476.94,Day,0,0.072
8233,2022-07-15,23,593,Textiles,659,484.59,Night,0,0.107
8234,2022-07-15,18,388,Machinery,872,481.01,Night,0,0.132
8235,2022-07-15,17,589,Chemicals,719,519.8,Day,0,0.229
8236,2022-07-15,18,13,Chemicals,717,477.76,Day,0,0.048
8237,2022-07-15,28,262,Chemicals,378,536.26,Night,0,0.207
8238,2022-07-15,9,123,Machinery,294,1112.75,Night,1,0.854
8239,2022-07-15,21,636,Raw Materials,208,497.67,Day,0,0.287
8240,2022-07-15,13,433,Electronics,699,550.65,Night,0,0.017
8241,2022-07-15,39,88,Machinery,945,454.35,Day,0,0.01
8242,2022-07-16,30,552,Raw Materials,623,595.07,Day,0,0.163
8243,2022-07-16,32,367,Textiles,779,629.6,Day,0,0.097
8244,2022-07-16,24,115,Machinery,663,1662.75,Day,1,0.882
8245,2022-07-16,20,180,Vehicles,189,462.83,Day,0,0.001
8246,2022-07-16,13,103,Raw Materials,298,440.91,Day,0,0.273
8247,2022-07-16,23,589,Textiles,454,531.28,Night,0,0.033
8248,2022-07-16,26,347,Raw Materials,543,498.42,Night,0,0.014
8249,2022-07-16,35,89,Vehicles,1063,500.62,Day,0,0.201
8250,2022-07-17,45,364,Textiles,509,473.2,Day,0,0.263
8251,2022-07-17,18,125,Textiles,419,520.45,Night,0,0.093
8252,2022-07-17,35,124,Electronics,702,429.87,Day,0,0.123
8253,2022-07-17,32,183,Electronics,342,439.89,Night,0,0.112
8254,2022-07-17,35,264,Electronics,518,502.96,Night,0,0.188
8255,2022-07-17,39,407,Chemicals,280,498.58,Night,0,0.241
8256,2022-07-17,5,190,Chemicals,622,514.37,Night,0,0.114
8257,2022-07-18,25,132,Chemicals,872,525.97,Day,0,0.083
8258,2022-07-18,17,15,Electronics,257,484.7,Night,0,0.087
8259,2022-07-18,8,135,Food,1232,498.59,Day,0,0.136
8260,2022-07-18,15,634,Machinery,226,1442.99,Day,1,0.733
8261,2022-07-18,13,194,Chemicals,532,525.83,Night,0,0.187
8262,2022-07-18,5,454,Electronics,1126,1003.43,Night,1,0.899
8263,2022-07-18,25,377,Food,771,508.25,Day,0,0.168
8264,2022-07-18,25,91,Chemicals,1492,593.31,Day,0,0.156
8265,2022-07-18,40,3,Electronics,1081,498.97,Night,0,0.019
8266,2022-07-18,9,580,Vehicles,1477,517.84,Night,0,0.116
8267,2022-07-18,16,397,Machinery,1005,545.61,Night,0,0.181
8268,2022-07-19,12,532,Chemicals,518,622.54,Night,0,0.138
8269,2022-07-19,20,502,Electronics,1469,534.57,Day,0,0.213
8270,2022-07-19,39,196,Textiles,631,506.86,Day,0,0.133
8271,2022-07-19,11,525,Raw Materials,1190,535.5,Day,0,0.125
8272,2022-07-19,40,392,Food,210,484.93,Day,0,0.197
8273,2022-07-19,19,313,Machinery,138,456.45,Night,0,0.101
8274,2022-07-19,34,163,Food,681,544.76,Day,0,0.07
8275,2022-07-19,21,46,Textiles,1158,466.97,Night,0,0.24
8276,2022-07-19,43,399,Machinery,396,577.69,Day,0,0.059
8277,2022-07-20,10,236,Textiles,381,462.49,Day,0,0.151
8278,2022-07-20,43,483,Food,625,467.23,Night,0,0.126
8279,2022-07-20,44,16,Vehicles,349,435.01,Day,0,0.151
8280,2022-07-20,25,370,Machinery,1323,444.53,Day,0,0.263
8281,2022-07-20,34,117,Textiles,1412,476.46,Day,0,0.156
8282,2022-07-20,9,472,Electronics,1259,530.04,Night,0,0.104
8283,2022-07-20,6,125,Electronics,565,457.81,Night,0,0.048
8284,2022-07-20,7,123,Raw Materials,735,1636.75,Night,1,0.939
8285,2022-07-20,29,2,Chemicals,280,469.81,Day,0,0.195
8286,2022-07-20,23,525,Vehicles,1456,435.66,Day,0,0.206
8287,2022-07-20,11,453,Vehicles,1138,536.25,Day,0,0.281
8288,2022-07-21,35,623,Electronics,430,484.49,Night,0,0.248
8289,2022-07-21,31,314,Raw Materials,1008,631.56,Night,0,0.223
8290,2022-07-21,26,351,Raw Materials,1131,468.33,Day,0,0.233
8291,2022-07-21,2,311,Electronics,435,527.21,Night,0,0.206
8292,2022-07-21,24,24,Raw Materials,1143,544.21,Night,0,0.22
8293,2022-07-21,9,8,Raw Materials,853,419.96,Day,0,0.278
8294,2022-07-21,41,456,Electronics,1374,498.63,Night,0,0.299
8295,2022-07-22,28,187,Food,406,491.63,Night,0,0.14
8296,2022-07-22,15,372,Raw Materials,1263,564.41,Day,0,0.187
8297,2022-07-22,34,322,Chemicals,447,455.87,Night,0,0.01
8298,2022-07-22,24,600,Food,1247,484.67,Night,0,0.274
8299,2022-07-22,19,140,Raw Materials,177,462.19,Day,0,0.271
8300,2022-07-22,12,592,Chemicals,1329,609.41,Day,0,0.207
8301,2022-07-22,44,577,Machinery,588,518.94,Night,0,0.071
8302,2022-07-22,2,439,Chemicals,522,556.61,Day,0,0.188
8303,2022-07-22,29,88,Food,1076,508.72,Night,0,0.112
8304,2022-07-22,8,403,Chemicals,244,469.01,Night,0,0.207
8305,2022-07-22,41,485,Raw Materials,1241,502.83,Night,0,0.147
8306,2022-07-23,42,17,Machinery,905,465.05,Day,0,0.258
8307,2022-07-23,28,56,Machinery,1382,417.62,Day,0,0.1
8308,2022-07-23,33,265,Food,563,512.04,Day,0,0.02
8309,2022-07-23,41,565,Food,1218,508.11,Night,0,0.141
8310,2022-07-23,8,457,Machinery,658,537.42,Day,0,0.017
8311,2022-07-23,16,302,Electronics,865,593.33,Day,0,0.241
8312,2022-07-23,29,29,Food,281,413.29,Day,0,0.177
8313,2022-07-24,43,580,Food,793,1753.61,Night,1,0.828
8314,2022-07-24,43,265,Raw Materials,1068,524.99,Day,0,0.022
8315,2022-07-24,12,329,Raw Materials,689,542.23,Day,0,0.254
8316,2022-07-24,41,343,Raw Materials,632,504.91,Day,0,0.237
8317,2022-07-24,29,574,Electronics,332,518.48,Day,0,0.009
8318,2022-07-24,33,234,Chemicals,327,523.92,Night,0,0.13
8319,2022-07-24,40,332,Food,360,558.76,Day,0,0.079
8320,2022-07-24,4,564,Electronics,1083,593.31,Night,0,0.271
8321,2022-07-25,14,500,Machinery,1057,608.4,Night,0,0.115
8322,2022-07-25,1,439,Food,222,513.61,Day,0,0.087
8323,2022-07-25,23,98,Textiles,569,1621.29,Day,1,0.729
8324,2022-07-25,19,288,Machinery,1370,1365.85,Day,1,0.855
8325,2022-07-25,37,197,Chemicals,307,400.93,Night,0,0.13
8326,2022-07-25,23,367,Chemicals,694,536.38,Day,0,0.024
8327,2022-07-25,16,267,Food,1230,532.46,Day,0,0.165
8328,2022-07-25,9,394,Textiles,548,480.51,Night,0,0.191
8329,2022-07-25,31,246,Raw Materials,1431,581.55,Day,0,0.097
8330,2022-07-25,2,420,Food,930,489.27,Night,0,0.254
8331,2022-07-25,29,53,Electronics,1368,464.85,Day,0,0.099
8332,2022-07-25,7,185,Textiles,617,544.76,Day,0,0.246
8333,2022-07-26,39,262,Electronics,1048,475.99,Day,0,0.257
8334,2022-07-26,33,269,Textiles,1433,471.84,Night,0,0.221
8335,2022-07-26,11,240,Machinery,1071,649.81,Day,0,0.116
8336,2022-07-26,22,33,Textiles,964,1288.01,Day,1,0.723
8337,2022-07-26,16,456,Raw Materials,1361,523.03,Night,0,0.27
8338,2022-07-26,35,615,Vehicles,1427,536.6,Day,0,0.142
8339,2022-07-26,4,116,Electronics,683,447.79,Day,0,0.083
8340,2022-07-26,17,262,Raw Materials,571,517.98,Night,0,0.253
8341,2022-07-26,9,358,Machinery,374,581.46,Night,0,0.169
8342,2022-07-26,22,78,Electronics,1263,553.94,Day,0,0.218
8343,2022-07-26,44,136,Food,1175,477.61,Night,0,0.107
8344,2022-07-27,28,177,Raw Materials,100,1691.11,Day,1,0.863
8345,2022-07-27,34,483,Food,318,484.11,Night,0,0.048
8346,2022-07-27,33,378,Machinery,1286,566.17,Night,0,0.205
8347,2022-07-27,6,286,Food,688,1703.15,Day,1,0.76
8348,2022-07-27,30,427,Textiles,1482,522.01,Day,0,0.217
8349,2022-07-27,16,459,Machinery,605,508.77,Night,0,0.25
8350,2022-07-27,45,198,Vehicles,752,487.28,Night,0,0.174
8351,2022-07-27,14,339,Electronics,810,472.0,Night,0,0.012
8352,2022-07-28,32,272,Raw Materials,1068,455.6,Night,0,0.176
8353,2022-07-28,40,535,Electronics,1174,558.32,Day,0,0.225
8354,2022-07-28,4,450,Raw Materials,1496,1512.78,Night,1,0.93
8355,2022-07-28,24,326,Raw Materials,192,502.54,Night,0,0.273
8356,2022-07-28,27,608,Machinery,611,579.0,Night,0,0.112
8357,2022-07-28,18,602,Machinery,161,607.92,Night,0,0.053
8358,2022-07-29,31,220,Raw Materials,360,446.02,Night,0,0.009
8359,2022-07-29,30,120,Electronics,925,555.39,Day,0,0.245
8360,2022-07-29,12,618,Vehicles,890,457.72,Night,0,0.23
8361,2022-07-29,12,490,Food,446,410.47,Day,0,0.08
8362,2022-07-29,26,556,Vehicles,696,516.74,Night,0,0.247
8363,2022-07-29,41,413,Textiles,1339,428.38,Night,0,0.021
8364,2022-07-29,5,235,Vehicles,164,446.11,Day,0,0.089
8365,2022-07-29,7,490,Chemicals,713,563.32,Night,0,0.076
8366,2022-07-29,23,15,Food,949,478.8,Night,0,0.007
8367,2022-07-29,20,299,Machinery,541,577.05,Day,0,0.225
8368,2022-07-29,19,98,Electronics,208,527.95,Night,0,0.066
8369,2022-07-30,2,264,Food,356,1819.91,Night,1,0.902
8370,2022-07-30,2,384,Vehicles,1196,576.19,Day,0,0.126
8371,2022-07-30,1,135,Vehicles,1119,605.07,Day,0,0.132
8372,2022-07-30,10,283,Electronics,1077,556.16,Day,0,0.005
8373,2022-07-30,36,456,Chemicals,410,447.83,Night,0,0.275
8374,2022-07-30,29,232,Textiles,745,562.08,Night,0,0.157
8375,2022-07-30,28,64,Vehicles,765,506.6,Day,0,0.167
8376,2022-07-30,18,590,Vehicles,696,515.99,Day,0,0.105
8377,2022-07-30,28,509,Electronics,392,440.84,Day,0,0.096
8378,2022-07-30,26,95,Electronics,1151,528.23,Night,0,0.018
8379,2022-07-31,28,518,Raw Materials,1071,531.81,Day,0,0.131
8380,2022-07-31,35,323,Machinery,260,502.8,Night,0,0.04
8381,2022-07-31,21,568,Vehicles,1298,526.86,Day,0,0.027
8382,2022-07-31,2,37,Vehicles,595,457.76,Night,0,0.264
8383,2022-07-31,24,401,Vehicles,782,510.68,Day,0,0.259
8384,2022-07-31,16,8,Textiles,264,571.71,Night,0,0.15
8385,2022-07-31,25,170,Electronics,674,1141.12,Night,1,0.83
8386,2022-07-31,44,67,Vehicles,1139,467.89,Night,0,0.238
8387,2022-07-31,6,542,Vehicles,404,478.28,Day,0,0.299
8388,2022-07-31,25,116,Food,135,466.96,Night,0,0.166
8389,2022-08-01,31,573,Raw Materials,216,615.96,Night,0,0.214
8390,2022-08-01,25,77,Food,234,481.46,Day,0,0.227
8391,2022-08-01,43,397,Textiles,1334,503.94,Day,0,0.244
8392,2022-08-01,11,69,Electronics,1436,484.93,Day,0,0.187
8393,2022-08-01,14,560,Chemicals,135,562.84,Night,0,0.195
8394,2022-08-01,33,604,Textiles,834,545.76,Night,0,0.068
8395,2022-08-01,30,377,Vehicles,1391,1654.11,Night,1,0.792
8396,2022-08-01,9,33,Chemicals,791,456.22,Night,0,0.082
8397,2022-08-01,1,198,Machinery,636,423.12,Night,0,0.071
8398,2022-08-01,2,608,Vehicles,754,489.56,Night,0,0.214
8399,2022-08-02,24,332,Raw Materials,1373,488.64,Night,0,0.102
8400,2022-08-02,5,266,Chemicals,902,432.14,Day,0,0.044
8401,2022-08-02,21,541,Raw Materials,322,527.53,Night,0,0.064
8402,2022-08-02,23,438,Raw Materials,1387,600.4,Day,0,0.032
8403,2022-08-02,8,250,Chemicals,523,471.67,Night,0,0.215
8404,2022-08-02,40,56,Vehicles,355,394.83,Day,0,0.222
8405,2022-08-02,24,181,Electronics,340,1583.06,Day,1,0.765
8406,2022-08-03,4,520,Textiles,1267,535.08,Night,0,0.066
8407,2022-08-03,3,616,Chemicals,1157,562.52,Day,0,0.182
8408,2022-08-03,28,22,Electronics,1144,447.61,Day,0,0.169
8409,2022-08-03,43,519,Textiles,344,498.51,Day,0,0.299
8410,2022-08-03,34,432,Textiles,608,550.78,Day,0,0.111
8411,2022-08-03,46,575,Food,1211,442.12,Day,0,0.285
8412,2022-08-03,38,447,Machinery,935,499.0,Day,0,0.171
8413,2022-08-03,12,287,Machinery,635,492.06,Night,0,0.281
8414,2022-08-03,34,391,Textiles,659,1917.31,Night,1,0.934
8415,2022-08-03,12,484,Chemicals,1281,573.68,Day,0,0.295
8416,2022-08-03,10,270,Electronics,716,533.27,Day,0,0.162
8417,2022-08-04,14,412,Vehicles,1478,496.58,Day,0,0.117
8418,2022-08-04,33,385,Vehicles,1174,495.39,Night,0,0.032
8419,2022-08-04,4,253,Textiles,616,608.04,Night,0,0.126
8420,2022-08-04,37,193,Machinery,489,413.52,Day,0,0.103
8421,2022-08-04,29,60,Electronics,1070,448.86,Day,0,0.122
8422,2022-08-04,6,299,Vehicles,968,581.02,Night,0,0.156
8423,2022-08-04,18,600,Textiles,1342,559.91,Day,0,0.015
8424,2022-08-04,3,394,Electronics,625,436.33,Day,0,0.282
8425,2022-08-04,11,220,Raw Materials,1306,476.41,Night,0,0.1
8426,2022-08-04,23,178,Raw Materials,1302,526.49,Day,0,0.294
8427,2022-08-05,39,309,Chemicals,990,584.83,Night,0,0.244
8428,2022-08-05,19,547,Vehicles,235,524.69,Night,0,0.149
8429,2022-08-05,21,451,Machinery,924,479.14,Night,0,0.239
8430,2022-08-05,39,13,Textiles,1289,497.95,Day,0,0.283
8431,2022-08-05,15,49,Machinery,827,576.7,Day,0,0.14
8432,2022-08-05,18,434,Raw Materials,613,485.46,Night,0,0.089
8433,2022-08-06,37,468,Food,792,501.17,Day,0,0.202
8434,2022-08-06,13,212,Raw Materials,695,523.23,Day,0,0.3
8435,2022-08-06,6,482,Vehicles,1097,496.66,Day,0,0.067
8436,2022-08-06,33,519,Chemicals,627,976.76,Night,1,0.968
8437,2022-08-06,44,50,Food,1166,577.93,Day,0,0.062
8438,2022-08-06,11,214,Electronics,1011,416.89,Day,0,0.237
8439,2022-08-07,46,345,Machinery,1153,489.7,Night,0,0.01
8440,2022-08-07,19,138,Vehicles,279,454.38,Day,0,0.126
8441,2022-08-07,33,178,Chemicals,917,502.78,Night,0,0.153
8442,2022-08-07,6,290,Raw Materials,1000,553.37,Night,0,0.032
8443,2022-08-07,5,516,Machinery,262,436.27,Day,0,0.265
8444,2022-08-07,13,113,Textiles,447,386.05,Night,0,0.168
8445,2022-08-07,9,479,Vehicles,548,493.71,Night,0,0.07
8446,2022-08-07,29,107,Vehicles,1200,590.21,Night,0,0.095
8447,2022-08-07,18,484,Raw Materials,1055,500.39,Day,0,0.208
8448,2022-08-07,29,190,Food,1480,558.55,Night,0,0.179
8449,2022-08-07,13,127,Machinery,251,517.18,Day,0,0.031
8450,2022-08-07,10,111,Food,653,518.63,Night,0,0.229
8451,2022-08-08,15,450,Textiles,1499,469.93,Day,0,0.006
8452,2022-08-08,44,106,Raw Materials,788,458.83,Night,0,0.162
8453,2022-08-08,27,86,Machinery,652,522.3,Day,0,0.265
8454,2022-08-08,3,409,Chemicals,1135,554.17,Day,0,0.096
8455,2022-08-08,22,267,Electronics,131,1706.84,Night,1,0.906
8456,2022-08-08,37,498,Machinery,934,518.19,Night,0,0.021
8457,2022-08-08,37,416,Vehicles,899,477.87,Night,0,0.17
8458,2022-08-08,12,506,Machinery,1407,461.17,Day,0,0.26
8459,2022-08-08,46,506,Vehicles,1261,437.63,Day,0,0.18
8460,2022-08-08,12,17,Vehicles,1280,506.81,Night,0,0.07
8461,2022-08-08,45,250,Electronics,321,531.66,Day,0,0.084
8462,2022-08-08,33,196,Textiles,784,491.21,Day,0,0.045
8463,2022-08-09,25,268,Machinery,685,589.78,Night,0,0.266
8464,2022-08-09,12,149,Electronics,848,416.83,Night,0,0.115
8465,2022-08-09,34,534,Textiles,1238,583.58,Night,0,0.268
8466,2022-08-09,37,340,Machinery,687,424.7,Night,0,0.009
8467,2022-08-09,35,584,Chemicals,722,538.71,Day,0,0.293
8468,2022-08-09,19,180,Chemicals,1484,465.61,Night,0,0.154
8469,2022-08-09,8,252,Raw Materials,464,473.35,Night,0,0.26
8470,2022-08-09,3,586,Textiles,958,469.34,Night,0,0.067
8471,2022-08-09,44,345,Vehicles,1053,466.28,Day,0,0.045
8472,2022-08-09,32,141,Raw Materials,750,613.65,Day,0,0.204
8473,2022-08-09,41,49,Machinery,111,494.77,Night,0,0.196
8474,2022-08-10,11,87,Raw Materials,490,526.56,Day,0,0.263
8475,2022-08-10,2,61,Textiles,732,573.76,Night,0,0.3
8476,2022-08-10,37,237,Food,850,1505.53,Night,1,0.757
8477,2022-08-10,1,39,Vehicles,362,511.53,Day,0,0.216
8478,2022-08-10,8,226,Vehicles,885,478.21,Day,0,0.0
8479,2022-08-10,24,326,Electronics,672,531.25,Night,0,0.243
8480,2022-08-10,25,281,Food,323,544.62,Day,0,0.037
8481,2022-08-11,12,175,Electronics,559,447.61,Night,0,0.173
8482,2022-08-11,4,80,Chemicals,601,410.52,Day,0,0.263
8483,2022-08-11,11,124,Textiles,1283,490.45,Day,0,0.094
8484,2022-08-11,33,124,Chemicals,1113,480.74,Night,0,0.011
8485,2022-08-11,9,103,Raw Materials,1364,584.46,Night,0,0.228
8486,2022-08-11,39,595,Chemicals,1497,575.54,Night,0,0.028
8487,2022-08-11,22,626,Textiles,1413,508.31,Night,0,0.259
8488,2022-08-12,35,91,Vehicles,605,553.27,Night,0,0.252
8489,2022-08-12,46,634,Vehicles,350,469.46,Night,0,0.236
8490,2022-08-12,6,498,Chemicals,144,452.99,Night,0,0.178
8491,2022-08-12,42,106,Food,665,507.41,Day,0,0.131
8492,2022-08-12,29,54,Vehicles,698,478.49,Day,0,0.277
8493,2022-08-12,20,574,Raw Materials,156,459.97,Day,0,0.044
8494,2022-08-12,41,31,Textiles,1220,543.59,Day,0,0.053
8495,2022-08-12,32,196,Raw Materials,853,547.92,Night,0,0.061
8496,2022-08-12,30,134,Vehicles,358,554.64,Night,0,0.3
8497,2022-08-12,21,388,Machinery,1050,491.49,Night,0,0.133
8498,2022-08-12,5,146,Raw Materials,1362,487.63,Night,0,0.081
8499,2022-08-13,7,234,Food,1280,482.7,Day,0,0.195
8500,2022-08-13,11,317,Raw Materials,189,521.6,Night,0,0.059
8501,2022-08-13,26,570,Raw Materials,1222,402.72,Night,0,0.248
8502,2022-08-13,37,188,Vehicles,1476,500.11,Day,0,0.041
8503,2022-08-13,45,145,Food,192,478.08,Night,0,0.129
8504,2022-08-13,25,533,Food,224,550.13,Night,0,0.239
8505,2022-08-14,42,134,Food,1207,498.82,Day,0,0.122
8506,2022-08-14,19,341,Vehicles,998,540.43,Day,0,0.085
8507,2022-08-14,31,37,Vehicles,989,471.24,Night,0,0.253
8508,2022-08-14,10,596,Chemicals,919,620.44,Day,0,0.029
8509,2022-08-14,16,229,Food,561,518.01,Night,0,0.183
8510,2022-08-14,9,428,Textiles,1144,544.01,Night,0,0.063
8511,2022-08-14,4,181,Textiles,798,502.25,Day,0,0.078
8512,2022-08-14,40,537,Chemicals,628,509.48,Day,0,0.102
8513,2022-08-14,23,448,Vehicles,1361,518.03,Night,0,0.224
8514,2022-08-14,45,250,Electronics,614,480.14,Night,0,0.089
8515,2022-08-14,46,309,Raw Materials,135,470.54,Day,0,0.282
8516,2022-08-15,12,539,Electronics,300,505.05,Day,0,0.267
8517,2022-08-15,37,292,Food,369,527.07,Night,0,0.191
8518,2022-08-15,22,513,Raw Materials,706,556.17,Night,0,0.285
8519,2022-08-15,39,421,Electronics,669,473.53,Day,0,0.007
8520,2022-08-15,20,453,Vehicles,683,468.32,Night,0,0.13
8521,2022-08-15,35,567,Textiles,1472,540.17,Day,0,0.101
8522,2022-08-16,37,165,Electronics,436,482.77,Night,0,0.261
8523,2022-08-16,33,606,Machinery,426,525.96,Night,0,0.294
8524,2022-08-16,25,379,Machinery,556,529.43,Night,0,0.128
8525,2022-08-16,15,1,Vehicles,704,538.83,Day,0,0.174
8526,2022-08-16,3,81,Machinery,704,1234.49,Night,1,0.889
8527,2022-08-16,22,414,Raw Materials,287,488.91,Night,0,0.133
8528,2022-08-16,14,349,Vehicles,1133,572.18,Day,0,0.204
8529,2022-08-16,40,393,Food,1071,538.11,Day,0,0.118
8530,2022-08-16,28,373,Vehicles,905,478.1,Night,0,0.271
8531,2022-08-16,26,318,Machinery,535,526.04,Day,0,0.034
8532,2022-08-16,8,87,Machinery,1268,552.73,Day,0,0.138
8533,2022-08-16,25,614,Textiles,476,520.15,Day,0,0.046
8534,2022-08-17,19,206,Textiles,452,567.57,Night,0,0.095
8535,2022-08-17,23,426,Vehicles,1178,533.3,Day,0,0.133
8536,2022-08-17,41,297,Machinery,541,562.54,Day,0,0.074
8537,2022-08-17,4,119,Machinery,1201,563.26,Day,0,0.014
8538,2022-08-17,14,290,Electronics,519,483.54,Night,0,0.164
8539,2022-08-17,45,103,Vehicles,1458,436.61,Night,0,0.266
8540,2022-08-17,41,57,Electronics,1147,395.77,Night,0,0.115
8541,2022-08-17,36,506,Electronics,1171,479.37,Night,0,0.117
8542,2022-08-18,2,209,Chemicals,1454,475.97,Night,0,0.085
8543,2022-08-18,35,442,Chemicals,394,386.7,Night,0,0.043
8544,2022-08-18,30,230,Machinery,789,516.36,Night,0,0.126
8545,2022-08-18,15,622,Machinery,1493,544.18,Day,0,0.048
8546,2022-08-18,44,507,Raw Materials,1464,497.94,Day,0,0.112
8547,2022-08-18,29,423,Food,1041,504.19,Day,0,0.223
8548,2022-08-18,31,122,Food,157,442.95,Night,0,0.047
8549,2022-08-18,8,131,Food,1292,481.71,Day,0,0.135
8550,2022-08-18,18,269,Machinery,981,432.94,Day,0,0.215
8551,2022-08-19,28,99,Raw Materials,1175,491.86,Night,0,0.276
8552,2022-08-19,42,490,Textiles,600,496.11,Day,0,0.191
8553,2022-08-19,2,503,Chemicals,1394,524.4,Day,0,0.125
8554,2022-08-19,31,10,Chemicals,608,525.94,Night,0,0.25
8555,2022-08-19,3,546,Electronics,1327,472.45,Night,0,0.119
8556,2022-08-19,26,188,Textiles,1221,493.44,Night,0,0.109
8557,2022-08-19,37,89,Electronics,497,553.63,Day,0,0.132
8558,2022-08-20,34,395,Textiles,1443,526.31,Day,0,0.28
8559,2022-08-20,4,304,Electronics,896,554.6,Night,0,0.203
8560,2022-08-20,13,4,Chemicals,771,516.54,Night,0,0.105
8561,2022-08-20,37,430,Vehicles,126,1383.28,Day,1,0.702
8562,2022-08-20,42,490,Raw Materials,1492,562.85,Night,0,0.213
8563,2022-08-20,32,369,Raw Materials,209,548.42,Night,0,0.138
8564,2022-08-20,14,552,Machinery,1263,613.31,Day,0,0.101
8565,2022-08-20,19,270,Food,1208,596.86,Night,0,0.103
8566,2022-08-21,29,208,Electronics,1311,470.52,Day,0,0.097
8567,2022-08-21,26,77,Vehicles,822,515.34,Night,0,0.249
8568,2022-08-21,24,412,Chemicals,989,449.11,Night,0,0.108
8569,2022-08-21,9,530,Machinery,500,545.17,Day,0,0.264
8570,2022-08-21,30,249,Raw Materials,506,460.89,Day,0,0.168
8571,2022-08-21,23,406,Machinery,1269,1609.01,Day,1,0.97
8572,2022-08-21,8,338,Raw Materials,596,473.65,Day,0,0.036
8573,2022-08-21,28,158,Chemicals,758,487.56,Day,0,0.244
8574,2022-08-21,16,379,Electronics,454,1781.19,Night,1,0.846
8575,2022-08-21,40,132,Chemicals,1410,496.92,Day,0,0.159
8576,2022-08-21,29,137,Electronics,390,497.92,Night,0,0.111
8577,2022-08-22,45,336,Electronics,1483,548.55,Day,0,0.211
8578,2022-08-22,31,31,Raw Materials,1479,469.12,Day,0,0.012
8579,2022-08-22,37,447,Food,640,515.59,Night,0,0.176
8580,2022-08-22,15,285,Vehicles,1109,621.25,Night,0,0.122
8581,2022-08-22,44,116,Vehicles,1417,514.82,Night,0,0.122
8582,2022-08-22,6,18,Raw Materials,596,475.42,Day,0,0.064
8583,2022-08-22,12,195,Chemicals,917,453.34,Day,0,0.069
8584,2022-08-22,3,556,Machinery,1317,543.81,Day,0,0.059
8585,2022-08-23,14,279,Electronics,919,568.16,Day,0,0.158
8586,2022-08-23,1,282,Food,1235,583.9,Day,0,0.292
8587,2022-08-23,7,79,Textiles,1243,496.83,Night,0,0.02
8588,2022-08-23,20,253,Machinery,1227,447.44,Night,0,0.135
8589,2022-08-23,13,271,Machinery,1088,435.87,Night,0,0.185
8590,2022-08-23,4,27,Chemicals,1066,1778.43,Night,1,0.987
8591,2022-08-24,32,298,Raw Materials,650,1452.62,Night,1,0.75
8592,2022-08-24,44,462,Food,644,582.89,Day,0,0.227
8593,2022-08-24,23,260,Textiles,603,471.31,Day,0,0.189
8594,2022-08-24,12,100,Textiles,645,542.96,Day,0,0.163
8595,2022-08-24,23,289,Raw Materials,1309,486.91,Night,0,0.153
8596,2022-08-24,1,123,Raw Materials,201,455.64,Night,0,0.009
8597,2022-08-24,46,480,Raw Materials,550,529.09,Night,0,0.177
8598,2022-08-24,24,385,Raw Materials,967,501.11,Night,0,0.287
8599,2022-08-24,46,259,Machinery,181,475.81,Day,0,0.225
8600,2022-08-24,22,299,Vehicles,503,480.5,Night,0,0.065
8601,2022-08-24,33,9,Chemicals,941,505.01,Night,0,0.024
8602,2022-08-24,45,397,Textiles,183,548.96,Night,0,0.244
8603,2022-08-25,42,568,Food,1390,502.56,Day,0,0.236
8604,2022-08-25,38,176,Textiles,481,412.01,Night,0,0.174
8605,2022-08-25,19,560,Textiles,1017,529.58,Day,0,0.152
8606,2022-08-25,13,101,Food,1167,568.24,Day,0,0.117
8607,2022-08-25,34,410,Raw Materials,878,614.39,Night,0,0.115
8608,2022-08-25,32,65,Electronics,1455,553.22,Night,0,0.165
8609,2022-08-25,29,320,Electronics,769,495.43,Day,0,0.271
8610,2022-08-25,18,434,Electronics,469,528.5,Day,0,0.102
8611,2022-08-25,44,505,Food,576,467.7,Night,0,0.138
8612,2022-08-26,28,29,Chemicals,297,557.19,Day,0,0.203
8613,2022-08-26,11,284,Textiles,979,601.25,Night,0,0.173
8614,2022-08-26,33,306,Vehicles,307,557.46,Night,0,0.104
8615,2022-08-26,39,609,Textiles,516,496.71,Night,0,0.042
8616,2022-08-26,35,603,Textiles,394,473.89,Day,0,0.145
8617,2022-08-26,2,383,Electronics,436,522.98,Night,0,0.083
8618,2022-08-26,46,252,Machinery,475,584.49,Day,0,0.057
8619,2022-08-27,32,324,Electronics,972,572.14,Day,0,0.184
8620,2022-08-27,29,67,Electronics,343,542.4,Night,0,0.272
8621,2022-08-27,29,453,Raw Materials,344,482.51,Night,0,0.291
8622,2022-08-27,34,52,Chemicals,1432,523.45,Night,0,0.139
8623,2022-08-27,26,114,Textiles,1275,537.15,Day,0,0.214
8624,2022-08-27,46,275,Raw Materials,367,523.47,Day,0,0.214
8625,2022-08-27,3,526,Food,1455,445.86,Day,0,0.139
8626,2022-08-27,41,218,Vehicles,725,474.97,Night,0,0.278
8627,2022-08-27,33,323,Chemicals,102,477.25,Night,0,0.277
8628,2022-08-27,12,516,Machinery,1057,590.89,Night,0,0.13
8629,2022-08-27,21,233,Machinery,1247,471.38,Night,0,0.194
8630,2022-08-27,38,134,Raw Materials,278,477.78,Night,0,0.299
8631,2022-08-28,13,501,Chemicals,454,575.71,Day,0,0.156
8632,2022-08-28,39,307,Food,1251,494.12,Night,0,0.018
8633,2022-08-28,10,25,Chemicals,1057,501.51,Night,0,0.286
8634,2022-08-28,6,324,Vehicles,1138,585.6,Night,0,0.278
8635,2022-08-28,46,283,Textiles,987,541.74,Day,0,0.094
8636,2022-08-28,44,523,Electronics,172,504.0,Night,0,0.014
8637,2022-08-28,11,293,Raw Materials,863,604.02,Night,0,0.236
8638,2022-08-29,10,362,Chemicals,616,628.84,Night,0,0.138
8639,2022-08-29,10,625,Vehicles,177,430.79,Day,0,0.275
8640,2022-08-29,42,431,Electronics,488,550.43,Night,0,0.014
8641,2022-08-29,4,69,Textiles,867,604.11,Day,0,0.291
8642,2022-08-29,15,520,Food,1027,492.55,Day,0,0.206
8643,2022-08-29,30,96,Machinery,1425,530.83,Day,0,0.286
8644,2022-08-29,23,414,Vehicles,228,406.52,Day,0,0.142
8645,2022-08-29,35,83,Raw Materials,773,542.01,Night,0,0.165
8646,2022-08-29,8,542,Chemicals,583,497.08,Night,0,0.14
8647,2022-08-29,18,59,Electronics,1277,485.29,Night,0,0.296
8648,2022-08-29,12,109,Electronics,138,513.93,Day,0,0.146
8649,2022-08-29,5,585,Electronics,989,464.24,Night,0,0.241
8650,2022-08-30,4,199,Electronics,1209,414.71,Night,0,0.298
8651,2022-08-30,5,310,Raw Materials,520,489.37,Night,0,0.138
8652,2022-08-30,19,178,Machinery,1136,491.96,Day,0,0.296
8653,2022-08-30,28,142,Electronics,663,311.45,Day,0,0.118
8654,2022-08-30,2,380,Vehicles,421,532.35,Night,0,0.039
8655,2022-08-30,25,603,Chemicals,894,640.0,Day,0,0.07
8656,2022-08-31,7,258,Machinery,569,1881.6,Night,1,0.85
8657,2022-08-31,9,515,Electronics,1228,540.42,Day,0,0.156
8658,2022-08-31,22,197,Textiles,241,485.68,Night,0,0.105
8659,2022-08-31,33,192,Chemicals,1119,572.3,Night,0,0.276
8660,2022-08-31,45,543,Food,778,481.25,Day,0,0.268
8661,2022-08-31,39,534,Textiles,331,506.63,Night,0,0.147
8662,2022-08-31,13,134,Vehicles,560,464.03,Day,0,0.211
8663,2022-09-01,30,328,Electronics,516,553.0,Night,0,0.096
8664,2022-09-01,19,28,Vehicles,708,453.04,Night,0,0.106
8665,2022-09-01,12,303,Chemicals,962,587.09,Day,0,0.01
8666,2022-09-01,11,307,Food,1481,523.15,Day,0,0.207
8667,2022-09-01,7,484,Textiles,1257,435.49,Night,0,0.207
8668,2022-09-01,1,1,Raw Materials,741,533.84,Night,0,0.091
8669,2022-09-01,32,622,Chemicals,1116,559.29,Night,0,0.062
8670,2022-09-01,26,590,Chemicals,1023,504.38,Night,0,0.094
8671,2022-09-01,37,488,Chemicals,425,454.3,Day,0,0.087
8672,2022-09-01,41,248,Textiles,432,546.78,Night,0,0.014
8673,2022-09-01,38,99,Food,1146,427.04,Day,0,0.015
8674,2022-09-01,39,497,Textiles,1279,583.27,Day,0,0.152
8675,2022-09-02,46,624,Electronics,991,510.35,Night,0,0.259
8676,2022-09-02,18,568,Raw Materials,1123,514.29,Night,0,0.039
8677,2022-09-02,15,503,Textiles,358,498.8,Night,0,0.275
8678,2022-09-02,41,615,Electronics,1217,553.4,Day,0,0.088
8679,2022-09-02,20,497,Electronics,770,581.74,Night,0,0.235
8680,2022-09-02,22,600,Textiles,126,533.4,Night,0,0.018
8681,2022-09-02,22,430,Machinery,121,521.1,Day,0,0.012
8682,2022-09-02,39,102,Raw Materials,314,474.26,Night,0,0.186
8683,2022-09-02,24,251,Chemicals,1238,554.06,Night,0,0.079
8684,2022-09-02,36,630,Machinery,1282,483.16,Night,0,0.197
8685,2022-09-02,5,121,Vehicles,694,430.91,Night,0,0.09
8686,2022-09-02,16,604,Textiles,1194,669.95,Day,0,0.253
8687,2022-09-03,30,2,Textiles,1032,512.45,Day,0,0.164
8688,2022-09-03,36,141,Vehicles,822,509.12,Night,0,0.029
8689,2022-09-03,44,555,Raw Materials,483,466.43,Night,0,0.132
8690,2022-09-03,45,356,Raw Materials,1224,446.93,Night,0,0.195
8691,2022-09-03,25,325,Electronics,502,518.26,Night,0,0.061
8692,2022-09-03,11,169,Machinery,698,489.59,Day,0,0.006
8693,2022-09-03,42,439,Chemicals,1361,537.79,Night,0,0.178
8694,2022-09-03,20,85,Chemicals,1130,495.02,Day,0,0.209
8695,2022-09-03,12,612,Chemicals,1146,515.77,Night,0,0.179
8696,2022-09-03,42,158,Chemicals,252,463.99,Day,0,0.188
8697,2022-09-03,11,174,Food,1415,509.31,Night,0,0.139
8698,2022-09-03,38,189,Machinery,1187,467.53,Night,0,0.07
8699,2022-09-04,34,110,Chemicals,135,484.41,Day,0,0.042
8700,2022-09-04,4,42,Vehicles,281,529.19,Day,0,0.032
8701,2022-09-04,12,251,Machinery,535,400.41,Day,0,0.197
8702,2022-09-04,5,146,Electronics,378,483.52,Day,0,0.06
8703,2022-09-04,44,426,Chemicals,294,507.34,Night,0,0.082
8704,2022-09-04,12,49,Vehicles,204,1666.32,Night,1,0.724
8705,2022-09-04,39,473,Food,1133,597.82,Day,0,0.025
8706,2022-09-04,45,65,Electronics,1460,511.56,Night,0,0.032
8707,2022-09-04,11,352,Raw Materials,255,527.67,Day,0,0.233
8708,2022-09-05,4,534,Machinery,1057,555.32,Day,0,0.059
8709,2022-09-05,4,604,Chemicals,1242,601.15,Night,0,0.182
8710,2022-09-05,16,505,Textiles,290,1312.53,Day,1,0.791
8711,2022-09-05,17,391,Raw Materials,1113,1243.3,Day,1,0.768
8712,2022-09-05,19,553,Food,1320,587.0,Day,0,0.048
8713,2022-09-05,22,234,Vehicles,478,472.82,Night,0,0.185
8714,2022-09-05,4,363,Raw Materials,570,608.29,Day,0,0.282
8715,2022-09-05,43,316,Food,127,527.62,Night,0,0.021
8716,2022-09-06,36,198,Vehicles,963,406.47,Night,0,0.194
8717,2022-09-06,18,36,Textiles,777,469.51,Night,0,0.105
8718,2022-09-06,31,87,Electronics,1006,497.38,Night,0,0.108
8719,2022-09-06,28,444,Machinery,246,596.9,Day,0,0.284
8720,2022-09-06,19,177,Chemicals,142,529.92,Day,0,0.276
8721,2022-09-06,23,240,Textiles,394,517.36,Night,0,0.288
8722,2022-09-06,35,22,Vehicles,1056,485.53,Day,0,0.196
8723,2022-09-06,36,394,Machinery,1338,604.2,Day,0,0.078
8724,2022-09-06,30,336,Electronics,998,515.07,Night,0,0.157
8725,2022-09-07,20,314,Raw Materials,1309,518.87,Day,0,0.12
8726,2022-09-07,12,425,Textiles,804,562.21,Day,0,0.289
8727,2022-09-07,34,111,Textiles,577,549.15,Day,0,0.193
8728,2022-09-07,6,327,Chemicals,1275,617.9,Night,0,0.255
8729,2022-09-07,11,474,Machinery,1488,485.01,Night,0,0.181
8730,2022-09-07,42,422,Raw Materials,903,1101.31,Day,1,0.731
8731,2022-09-07,16,505,Electronics,1207,443.2,Night,0,0.213
8732,2022-09-07,42,593,Textiles,594,536.67,Day,0,0.017
8733,2022-09-08,29,484,Raw Materials,754,501.81,Day,0,0.182
8734,2022-09-08,1,425,Vehicles,778,1766.71,Day,1,0.782
8735,2022-09-08,46,394,Electronics,784,571.42,Night,0,0.17
8736,2022-09-08,12,373,Vehicles,420,430.81,Night,0,0.156
8737,2022-09-08,39,467,Machinery,1407,501.16,Day,0,0.079
8738,2022-09-08,8,596,Chemicals,649,531.59,Day,0,0.123
8739,2022-09-08,44,107,Machinery,379,503.97,Night,0,0.228
8740,2022-09-08,3,582,Food,559,588.31,Day,0,0.058
8741,2022-09-08,4,119,Food,354,536.7,Day,0,0.134
8742,2022-09-08,17,541,Vehicles,750,1093.85,Night,1,0.775
8743,2022-09-08,29,301,Raw Materials,1100,552.45,Night,0,0.016
8744,2022-09-08,31,102,Vehicles,163,1258.77,Night,1,0.854
8745,2022-09-09,10,447,Raw Materials,213,523.6,Day,0,0.237
8746,2022-09-09,7,327,Machinery,455,1561.94,Day,1,0.904
8747,2022-09-09,28,484,Vehicles,1108,489.74,Night,0,0.152
8748,2022-09-09,39,460,Food,132,553.12,Day,0,0.131
8749,2022-09-09,39,478,Machinery,801,564.35,Day,0,0.193
8750,2022-09-09,38,268,Raw Materials,1449,492.02,Day,0,0.19
8751,2022-09-09,7,113,Vehicles,1242,556.4,Day,0,0.299
8752,2022-09-09,22,470,Textiles,220,530.29,Day,0,0.059
8753,2022-09-09,27,436,Machinery,938,428.25,Day,0,0.235
8754,2022-09-09,16,477,Electronics,962,612.4,Night,0,0.211
8755,2022-09-10,9,364,Vehicles,213,537.64,Night,0,0.059
8756,2022-09-10,8,491,Raw Materials,958,489.21,Day,0,0.017
8757,2022-09-10,36,202,Vehicles,659,487.18,Night,0,0.155
8758,2022-09-10,22,321,Electronics,1146,559.44,Day,0,0.032
8759,2022-09-10,21,448,Vehicles,1496,1174.66,Night,1,0.922
8760,2022-09-10,5,552,Raw Materials,1164,590.14,Night,0,0.018
8761,2022-09-11,14,567,Food,693,520.66,Night,0,0.289
8762,2022-09-11,39,600,Textiles,1347,535.24,Day,0,0.041
8763,2022-09-11,17,586,Machinery,284,600.55,Night,0,0.245
8764,2022-09-11,32,486,Electronics,297,478.51,Night,0,0.007
8765,2022-09-11,40,547,Chemicals,634,501.88,Night,0,0.094
8766,2022-09-11,32,109,Raw Materials,899,525.61,Day,0,0.054
8767,2022-09-11,30,120,Machinery,1185,505.49,Day,0,0.131
8768,2022-09-11,27,375,Electronics,680,557.5,Night,0,0.214
8769,2022-09-11,38,86,Chemicals,1006,489.39,Day,0,0.09
8770,2022-09-12,32,76,Raw Materials,261,624.07,Day,0,0.09
8771,2022-09-12,36,457,Vehicles,716,534.97,Night,0,0.267
8772,2022-09-12,43,140,Vehicles,607,518.6,Day,0,0.293
8773,2022-09-12,45,86,Textiles,875,464.08,Day,0,0.21
8774,2022-09-12,4,173,Textiles,1024,503.96,Day,0,0.217
8775,2022-09-12,12,17,Raw Materials,272,499.57,Night,0,0.11
8776,2022-09-12,42,233,Machinery,945,445.15,Day,0,0.257
8777,2022-09-12,19,623,Textiles,388,486.43,Night,0,0.084
8778,2022-09-12,32,193,Food,779,512.0,Day,0,0.285
8779,2022-09-13,22,375,Textiles,991,446.24,Night,0,0.206
8780,2022-09-13,3,267,Vehicles,456,503.11,Day,0,0.028
8781,2022-09-13,32,114,Electronics,888,563.11,Night,0,0.086
8782,2022-09-13,20,190,Textiles,875,492.68,Day,0,0.249
8783,2022-09-13,18,505,Electronics,735,552.06,Day,0,0.291
8784,2022-09-13,46,278,Electronics,438,1494.16,Night,1,0.994
8785,2022-09-13,6,393,Textiles,189,462.67,Day,0,0.074
8786,2022-09-13,41,615,Vehicles,996,567.02,Night,0,0.145
8787,2022-09-13,21,203,Textiles,1262,490.69,Day,0,0.144
8788,2022-09-13,22,622,Food,1128,523.7,Day,0,0.282
8789,2022-09-14,42,318,Food,954,552.14,Day,0,0.035
8790,2022-09-14,34,535,Raw Materials,575,468.66,Day,0,0.12
8791,2022-09-14,3,19,Electronics,965,445.25,Night,0,0.072
8792,2022-09-14,5,31,Chemicals,1120,462.36,Night,0,0.279
8793,2022-09-14,29,173,Textiles,862,537.72,Day,0,0.12
8794,2022-09-14,20,48,Food,898,499.74,Night,0,0.152
8795,2022-09-14,21,630,Raw Materials,329,389.31,Day,0,0.018
8796,2022-09-14,1,74,Food,841,1485.64,Night,1,0.771
8797,2022-09-14,29,562,Food,291,565.34,Day,0,0.023
8798,2022-09-14,24,246,Textiles,1113,568.45,Day,0,0.041
8799,2022-09-15,16,601,Textiles,354,604.25,Day,0,0.037
8800,2022-09-15,6,567,Food,1436,479.94,Night,0,0.017
8801,2022-09-15,32,259,Raw Materials,393,473.24,Day,0,0.076
8802,2022-09-15,11,230,Machinery,184,546.36,Night,0,0.189
8803,2022-09-15,14,328,Machinery,383,469.67,Night,0,0.246
8804,2022-09-15,12,142,Machinery,686,477.9,Day,0,0.045
8805,2022-09-15,16,251,Food,583,540.98,Day,0,0.277
8806,2022-09-15,44,223,Chemicals,407,549.98,Day,0,0.099
8807,2022-09-15,7,511,Textiles,538,491.43,Night,0,0.246
8808,2022-09-15,15,26,Vehicles,1155,539.23,Day,0,0.215
8809,2022-09-16,46,147,Vehicles,1450,510.53,Night,0,0.18
8810,2022-09-16,15,365,Food,429,515.16,Night,0,0.209
8811,2022-09-16,15,153,Raw Materials,1368,515.07,Day,0,0.164
8812,2022-09-16,2,621,Textiles,572,586.1,Day,0,0.132
8813,2022-09-16,24,85,Food,803,479.05,Night,0,0.082
8814,2022-09-16,20,145,Chemicals,1101,575.21,Night,0,0.169
8815,2022-09-16,11,237,Raw Materials,619,487.75,Day,0,0.112
8816,2022-09-16,45,459,Machinery,1208,507.05,Day,0,0.07
8817,2022-09-16,39,201,Electronics,897,504.34,Day,0,0.126
8818,2022-09-16,23,391,Machinery,820,523.5,Night,0,0.01
8819,2022-09-17,7,491,Food,1374,477.88,Day,0,0.069
8820,2022-09-17,15,238,Machinery,441,449.31,Night,0,0.196
8821,2022-09-17,24,345,Electronics,521,479.62,Day,0,0.232
8822,2022-09-17,46,249,Electronics,259,553.41,Night,0,0.132
8823,2022-09-17,43,143,Vehicles,1400,485.54,Day,0,0.283
8824,2022-09-17,15,554,Raw Materials,358,501.59,Day,0,0.232
8825,2022-09-17,3,407,Vehicles,1239,483.65,Night,0,0.0
8826,2022-09-17,31,17,Raw Materials,681,431.01,Night,0,0.162
8827,2022-09-17,15,610,Food,979,504.79,Night,0,0.171
8828,2022-09-18,37,83,Electronics,363,487.2,Day,0,0.158
8829,2022-09-18,38,213,Food,129,519.29,Day,0,0.111
8830,2022-09-18,9,633,Textiles,693,490.54,Night,0,0.223
8831,2022-09-18,13,129,Vehicles,267,542.36,Day,0,0.254
8832,2022-09-18,21,202,Chemicals,585,446.59,Day,0,0.285
8833,2022-09-18,39,73,Vehicles,1242,467.34,Day,0,0.033
8834,2022-09-18,5,348,Vehicles,889,549.91,Day,0,0.211
8835,2022-09-18,43,259,Raw Materials,782,481.78,Night,0,0.233
8836,2022-09-19,31,575,Machinery,1297,1456.15,Day,1,0.701
8837,2022-09-19,30,4,Chemicals,428,434.89,Day,0,0.151
8838,2022-09-19,35,314,Textiles,265,549.76,Day,0,0.296
8839,2022-09-19,40,471,Electronics,143,536.11,Day,0,0.194
8840,2022-09-19,39,227,Raw Materials,429,499.41,Day,0,0.002
8841,2022-09-19,18,166,Chemicals,962,515.34,Day,0,0.199
8842,2022-09-19,40,504,Vehicles,1244,517.51,Day,0,0.284
8843,2022-09-19,46,545,Electronics,358,571.6,Day,0,0.029
8844,2022-09-19,24,102,Machinery,196,422.72,Day,0,0.18
8845,2022-09-19,33,310,Vehicles,153,489.1,Night,0,0.01
8846,2022-09-20,44,469,Raw Materials,973,571.54,Night,0,0.072
8847,2022-09-20,3,52,Food,511,565.08,Night,0,0.213
8848,2022-09-20,18,143,Chemicals,885,536.72,Day,0,0.243
8849,2022-09-20,11,485,Food,1086,524.63,Day,0,0.004
8850,2022-09-20,25,157,Chemicals,360,475.38,Day,0,0.138
8851,2022-09-20,24,41,Food,631,466.61,Night,0,0.234
8852,2022-09-20,43,294,Machinery,118,499.57,Day,0,0.022
8853,2022-09-20,6,447,Vehicles,885,511.88,Night,0,0.14
8854,2022-09-20,10,324,Food,1216,530.47,Night,0,0.072
8855,2022-09-21,39,122,Raw Materials,166,508.42,Night,0,0.167
8856,2022-09-21,7,7,Textiles,758,522.95,Day,0,0.167
8857,2022-09-21,9,178,Chemicals,1487,607.98,Day,0,0.101
8858,2022-09-21,28,140,Food,390,497.5,Day,0,0.068
8859,2022-09-21,19,135,Machinery,718,523.13,Day,0,0.286
8860,2022-09-21,10,197,Food,880,512.97,Day,0,0.235
8861,2022-09-21,29,463,Electronics,927,566.24,Night,0,0.037
8862,2022-09-22,16,310,Electronics,157,550.61,Day,0,0.07
8863,2022-09-22,40,550,Vehicles,1261,606.6,Day,0,0.124
8864,2022-09-22,25,443,Raw Materials,407,523.56,Day,0,0.118
8865,2022-09-22,36,487,Vehicles,1245,466.13,Night,0,0.248
8866,2022-09-22,28,438,Chemicals,674,577.35,Day,0,0.24
8867,2022-09-22,44,385,Raw Materials,1299,449.81,Night,0,0.169
8868,2022-09-22,28,377,Chemicals,1226,532.74,Day,0,0.142
8869,2022-09-22,30,305,Textiles,668,573.9,Night,0,0.087
8870,2022-09-23,30,389,Food,703,516.29,Day,0,0.2
8871,2022-09-23,11,42,Electronics,492,450.6,Day,0,0.278
8872,2022-09-23,11,535,Chemicals,1093,540.12,Day,0,0.079
8873,2022-09-23,3,295,Vehicles,850,521.61,Night,0,0.197
8874,2022-09-23,41,64,Raw Materials,1073,594.08,Night,0,0.239
8875,2022-09-23,30,587,Electronics,197,581.76,Day,0,0.081
8876,2022-09-23,13,50,Machinery,1256,566.15,Night,0,0.217
8877,2022-09-23,41,95,Electronics,838,517.49,Day,0,0.093
8878,2022-09-24,37,627,Food,793,1583.11,Night,1,0.95
8879,2022-09-24,32,126,Electronics,886,532.01,Day,0,0.083
8880,2022-09-24,35,56,Machinery,1021,551.55,Night,0,0.114
8881,2022-09-24,46,444,Vehicles,1353,547.9,Day,0,0.293
8882,2022-09-24,46,432,Electronics,917,376.94,Night,0,0.04
8883,2022-09-24,26,327,Machinery,503,471.88,Night,0,0.019
8884,2022-09-24,20,123,Chemicals,582,492.3,Night,0,0.132
8885,2022-09-24,34,505,Raw Materials,155,577.17,Day,0,0.104
8886,2022-09-24,27,612,Raw Materials,797,539.68,Day,0,0.12
8887,2022-09-24,43,212,Chemicals,497,578.49,Day,0,0.284
8888,2022-09-24,42,220,Electronics,904,446.4,Night,0,0.062
8889,2022-09-24,27,58,Vehicles,179,490.7,Day,0,0.071
8890,2022-09-25,27,550,Chemicals,285,521.5,Day,0,0.183
8891,2022-09-25,29,446,Machinery,1341,629.39,Day,0,0.007
8892,2022-09-25,22,344,Vehicles,232,521.6,Day,0,0.084
8893,2022-09-25,13,281,Textiles,1344,582.65,Night,0,0.185
8894,2022-09-25,12,573,Textiles,1249,563.15,Night,0,0.125
8895,2022-09-25,12,143,Food,782,452.18,Night,0,0.186
8896,2022-09-25,17,354,Textiles,1397,529.69,Day,0,0.011
8897,2022-09-25,25,26,Machinery,577,496.49,Day,0,0.227
8898,2022-09-25,6,427,Electronics,602,579.3,Day,0,0.26
8899,2022-09-26,25,206,Food,453,470.87,Night,0,0.053
8900,2022-09-26,25,264,Food,866,506.75,Night,0,0.029
8901,2022-09-26,20,600,Machinery,296,541.46,Night,0,0.123
8902,2022-09-26,8,336,Food,945,420.36,Day,0,0.195
8903,2022-09-26,2,499,Textiles,295,426.09,Night,0,0.207
8904,2022-09-26,28,17,Chemicals,804,537.68,Day,0,0.019
8905,2022-09-26,2,160,Chemicals,643,556.52,Day,0,0.02
8906,2022-09-27,4,420,Food,1346,474.68,Night,0,0.099
8907,2022-09-27,2,20,Raw Materials,331,467.05,Day,0,0.275
8908,2022-09-27,45,432,Raw Materials,1421,430.66,Night,0,0.195
8909,2022-09-27,45,571,Vehicles,158,554.38,Night,0,0.093
8910,2022-09-27,27,138,Machinery,1291,522.59,Night,0,0.042
8911,2022-09-27,24,69,Raw Materials,377,415.55,Night,0,0.272
8912,2022-09-27,18,184,Raw Materials,1176,503.22,Day,0,0.199
8913,2022-09-27,32,294,Textiles,1096,409.98,Night,0,0.288
8914,2022-09-27,5,622,Raw Materials,1205,1251.68,Night,1,0.92
8915,2022-09-28,22,564,Raw Materials,187,521.22,Day,0,0.135
8916,2022-09-28,9,626,Machinery,308,458.46,Day,0,0.032
8917,2022-09-28,7,185,Food,1169,423.61,Day,0,0.175
8918,2022-09-28,13,401,Machinery,1390,513.46,Day,0,0.209
8919,2022-09-28,6,227,Textiles,622,456.72,Night,0,0.153
8920,2022-09-28,40,346,Electronics,1307,543.91,Day,0,0.163
8921,2022-09-28,22,168,Chemicals,1360,534.19,Day,0,0.056
8922,2022-09-29,6,82,Raw Materials,736,615.02,Night,0,0.267
8923,2022-09-29,45,463,Food,1377,504.76,Day,0,0.199
8924,2022-09-29,43,234,Raw Materials,456,1297.26,Day,1,0.794
8925,2022-09-29,15,597,Raw Materials,734,524.1,Night,0,0.083
8926,2022-09-29,42,79,Raw Materials,1323,584.51,Day,0,0.169
8927,2022-09-29,35,470,Chemicals,257,531.66,Night,0,0.079
8928,2022-09-29,34,462,Raw Materials,675,512.73,Night,0,0.065
8929,2022-09-30,38,171,Raw Materials,307,391.8,Day,0,0.233
8930,2022-09-30,41,613,Chemicals,1268,507.83,Day,0,0.081
8931,2022-09-30,6,118,Chemicals,1144,519.44,Night,0,0.239
8932,2022-09-30,30,248,Textiles,314,510.08,Day,0,0.139
8933,2022-09-30,24,33,Machinery,407,589.8,Night,0,0.296
8934,2022-09-30,28,430,Vehicles,214,557.27,Night,0,0.128
8935,2022-10-01,15,287,Electronics,407,416.13,Day,0,0.021
8936,2022-10-01,9,469,Food,579,542.6,Night,0,0.257
8937,2022-10-01,22,266,Vehicles,291,488.29,Day,0,0.251
8938,2022-10-01,35,417,Food,452,435.53,Day,0,0.035
8939,2022-10-01,24,591,Textiles,594,537.99,Day,0,0.284
8940,2022-10-01,39,149,Textiles,645,501.17,Day,0,0.261
8941,2022-10-01,40,480,Vehicles,308,447.54,Night,0,0.161
8942,2022-10-01,30,38,Electronics,141,532.66,Day,0,0.047
8943,2022-10-02,31,237,Textiles,994,481.0,Night,0,0.142
8944,2022-10-02,8,624,Food,1088,552.55,Night,0,0.013
8945,2022-10-02,17,71,Textiles,956,508.14,Day,0,0.149
8946,2022-10-02,44,236,Chemicals,1093,484.22,Night,0,0.251
8947,2022-10-02,46,30,Chemicals,805,461.81,Night,0,0.035
8948,2022-10-02,24,77,Electronics,1340,485.12,Day,0,0.181
8949,2022-10-02,12,604,Vehicles,659,412.41,Day,0,0.205
8950,2022-10-02,7,1,Food,1164,1320.68,Day,1,0.906
8951,2022-10-02,4,605,Chemicals,218,565.8,Day,0,0.202
8952,2022-10-02,15,524,Textiles,837,487.43,Night,0,0.276
8953,2022-10-02,15,535,Food,611,501.92,Night,0,0.279
8954,2022-10-02,40,428,Chemicals,493,526.92,Night,0,0.217
8955,2022-10-03,1,196,Chemicals,900,526.17,Night,0,0.252
8956,2022-10-03,31,37,Food,230,582.09,Day,0,0.249
8957,2022-10-03,46,13,Machinery,1207,504.68,Night,0,0.123
8958,2022-10-03,19,311,Food,827,593.71,Night,0,0.134
8959,2022-10-03,15,69,Electronics,378,595.16,Day,0,0.183
8960,2022-10-03,29,318,Machinery,753,520.94,Day,0,0.021
8961,2022-10-04,39,65,Food,816,513.63,Day,0,0.061
8962,2022-10-04,39,508,Food,1024,520.26,Night,0,0.02
8963,2022-10-04,22,565,Raw Materials,954,426.99,Night,0,0.245
8964,2022-10-04,29,164,Food,777,480.63,Night,0,0.051
8965,2022-10-04,34,194,Food,159,1425.42,Day,1,0.875
8966,2022-10-04,5,140,Vehicles,1288,486.18,Day,0,0.185
8967,2022-10-04,7,321,Electronics,197,577.4,Day,0,0.09
8968,2022-10-04,20,134,Electronics,1264,588.93,Day,0,0.036
8969,2022-10-04,31,267,Textiles,458,551.44,Day,0,0.111
8970,2022-10-04,7,115,Textiles,973,487.56,Day,0,0.251
8971,2022-10-05,2,182,Textiles,230,533.87,Night,0,0.067
8972,2022-10-05,20,469,Machinery,948,524.85,Night,0,0.287
8973,2022-10-05,18,399,Textiles,527,562.21,Night,0,0.035
8974,2022-10-05,32,568,Electronics,1426,505.08,Day,0,0.204
8975,2022-10-05,9,496,Vehicles,213,455.71,Day,0,0.254
8976,2022-10-05,19,182,Chemicals,716,523.32,Night,0,0.133
8977,2022-10-05,25,196,Textiles,1040,510.46,Night,0,0.11
8978,2022-10-05,40,185,Textiles,883,505.59,Night,0,0.096
8979,2022-10-05,19,320,Electronics,520,544.55,Day,0,0.112
8980,2022-10-06,5,208,Textiles,480,559.86,Night,0,0.071
8981,2022-10-06,43,149,Vehicles,697,502.47,Day,0,0.088
8982,2022-10-06,44,453,Electronics,1062,496.69,Night,0,0.244
8983,2022-10-06,34,47,Textiles,1078,458.46,Day,0,0.28
8984,2022-10-06,39,23,Textiles,266,434.66,Night,0,0.21
8985,2022-10-06,11,502,Vehicles,317,571.92,Night,0,0.096
8986,2022-10-06,1,477,Raw Materials,971,554.53,Day,0,0.3
8987,2022-10-06,16,192,Food,216,526.72,Day,0,0.232
8988,2022-10-06,11,199,Chemicals,1416,414.14,Night,0,0.029
8989,2022-10-07,46,596,Textiles,1375,545.69,Night,0,0.025
8990,2022-10-07,2,487,Machinery,893,510.48,Day,0,0.226
8991,2022-10-07,39,415,Electronics,1284,385.73,Night,0,0.291
8992,2022-10-07,29,537,Machinery,454,578.77,Day,0,0.147
8993,2022-10-07,18,66,Raw Materials,1217,528.62,Night,0,0.148
8994,2022-10-07,4,456,Chemicals,327,577.55,Day,0,0.041
8995,2022-10-07,5,144,Raw Materials,825,555.87,Day,0,0.195
8996,2022-10-07,2,622,Raw Materials,414,573.67,Night,0,0.033
8997,2022-10-07,28,487,Raw Materials,617,587.51,Day,0,0.078
8998,2022-10-07,28,500,Vehicles,288,490.41,Night,0,0.15
8999,2022-10-07,18,10,Food,1209,418.66,Night,0,0.005
9000,2022-10-07,7,130,Textiles,1075,609.14,Night,0,0.141
9001,2022-10-08,18,273,Machinery,307,570.21,Night,0,0.257
9002,2022-10-08,39,129,Textiles,300,443.01,Night,0,0.044
9003,2022-10-08,23,611,Chemicals,1253,523.88,Day,0,0.217
9004,2022-10-08,38,220,Textiles,961,489.94,Night,0,0.08
9005,2022-10-08,8,324,Electronics,373,505.41,Day,0,0.176
9006,2022-10-08,5,139,Machinery,1097,460.39,Day,0,0.197
9007,2022-10-09,13,622,Machinery,976,521.37,Day,0,0.24
9008,2022-10-09,27,315,Machinery,1452,463.01,Day,0,0.135
9009,2022-10-09,14,29,Food,372,515.91,Day,0,0.203
9010,2022-10-09,44,275,Food,176,468.31,Day,0,0.137
9011,2022-10-09,45,416,Raw Materials,1093,482.41,Day,0,0.259
9012,2022-10-09,20,535,Electronics,1412,550.93,Night,0,0.075
9013,2022-10-09,8,235,Vehicles,147,469.37,Day,0,0.217
9014,2022-10-09,40,508,Textiles,721,538.73,Day,0,0.061
9015,2022-10-10,23,421,Textiles,1312,586.2,Day,0,0.004
9016,2022-10-10,36,74,Machinery,1383,525.06,Day,0,0.178
9017,2022-10-10,24,2,Vehicles,917,544.3,Day,0,0.051
9018,2022-10-10,15,487,Electronics,786,440.89,Night,0,0.252
9019,2022-10-10,19,215,Chemicals,958,545.73,Day,0,0.269
9020,2022-10-10,45,187,Raw Materials,213,484.94,Night,0,0.206
9021,2022-10-10,14,463,Textiles,630,488.18,Night,0,0.016
9022,2022-10-10,10,219,Machinery,1407,463.45,Day,0,0.013
9023,2022-10-10,22,386,Electronics,145,392.74,Night,0,0.157
9024,2022-10-10,32,626,Vehicles,368,588.61,Night,0,0.007
9025,2022-10-10,35,508,Raw Materials,303,456.87,Night,0,0.193
9026,2022-10-11,30,340,Machinery,629,602.74,Night,0,0.113
9027,2022-10-11,16,587,Electronics,722,505.43,Day,0,0.05
9028,2022-10-11,18,64,Raw Materials,500,482.75,Night,0,0.087
9029,2022-10-11,21,82,Vehicles,972,570.75,Day,0,0.046
9030,2022-10-11,44,339,Machinery,1321,530.19,Night,0,0.126
9031,2022-10-11,9,310,Raw Materials,669,579.47,Day,0,0.139
9032,2022-10-12,43,67,Textiles,1487,446.87,Night,0,0.161
9033,2022-10-12,46,399,Vehicles,1430,545.17,Night,0,0.184
9034,2022-10-12,43,120,Raw Materials,1293,477.1,Day,0,0.204
9035,2022-10-12,35,476,Machinery,663,531.03,Night,0,0.152
9036,2022-10-12,28,498,Vehicles,613,514.03,Day,0,0.278
9037,2022-10-12,5,552,Textiles,707,508.21,Night,0,0.076
9038,2022-10-12,35,54,Chemicals,1166,465.35,Night,0,0.214
9039,2022-10-12,21,336,Electronics,676,509.56,Night,0,0.025
9040,2022-10-12,6,188,Chemicals,787,519.56,Day,0,0.175
9041,2022-10-12,22,235,Chemicals,1387,604.22,Night,0,0.259
9042,2022-10-13,26,183,Machinery,1250,621.04,Day,0,0.118
9043,2022-10-13,3,629,Vehicles,411,486.56,Day,0,0.021
9044,2022-10-13,5,122,Electronics,284,493.76,Day,0,0.046
9045,2022-10-13,25,93,Food,620,483.48,Night,0,0.134
9046,2022-10-13,6,280,Electronics,738,463.43,Day,0,0.041
9047,2022-10-13,34,549,Machinery,694,520.35,Night,0,0.242
9048,2022-10-13,40,26,Textiles,756,425.71,Night,0,0.008
9049,2022-10-13,46,112,Raw Materials,700,486.22,Night,0,0.26
9050,2022-10-13,32,149,Electronics,361,456.76,Day,0,0.023
9051,2022-10-14,36,547,Chemicals,950,506.85,Night,0,0.11
9052,2022-10-14,35,352,Food,477,497.09,Night,0,0.104
9053,2022-10-14,32,39,Food,940,557.57,Day,0,0.288
9054,2022-10-14,10,34,Vehicles,290,559.76,Day,0,0.214
9055,2022-10-14,39,421,Textiles,604,465.08,Day,0,0.225
9056,2022-10-14,28,94,Machinery,290,486.39,Day,0,0.031
9057,2022-10-14,1,209,Food,1385,474.13,Night,0,0.239
9058,2022-10-14,1,635,Textiles,1149,483.35,Night,0,0.011
9059,2022-10-15,46,509,Raw Materials,771,478.04,Night,0,0.268
9060,2022-10-15,25,142,Textiles,1500,519.25,Day,0,0.125
9061,2022-10-15,27,632,Vehicles,677,566.5,Day,0,0.186
9062,2022-10-15,45,8,Electronics,1333,447.9,Night,0,0.277
9063,2022-10-15,2,601,Textiles,1367,532.8,Night,0,0.256
9064,2022-10-15,9,400,Raw Materials,374,480.96,Night,0,0.102
9065,2022-10-15,7,57,Electronics,845,511.9,Day,0,0.01
9066,2022-10-15,15,1,Food,940,492.98,Day,0,0.144
9067,2022-10-15,43,431,Vehicles,110,457.31,Night,0,0.016
9068,2022-10-15,40,68,Machinery,1443,523.78,Day,0,0.169
9069,2022-10-15,28,508,Chemicals,681,527.79,Day,0,0.102
9070,2022-10-16,29,37,Food,515,442.08,Day,0,0.238
9071,2022-10-16,6,450,Vehicles,202,574.72,Day,0,0.245
9072,2022-10-16,41,42,Textiles,564,508.35,Night,0,0.289
9073,2022-10-16,42,316,Chemicals,1381,453.65,Night,0,0.062
9074,2022-10-16,36,346,Textiles,1376,523.32,Day,0,0.207
9075,2022-10-16,12,520,Vehicles,519,452.73,Night,0,0.278
9076,2022-10-16,17,82,Raw Materials,845,547.98,Day,0,0.126
9077,2022-10-16,7,409,Electronics,983,548.39,Night,0,0.25
9078,2022-10-16,2,354,Electronics,927,491.54,Night,0,0.111
9079,2022-10-16,18,524,Machinery,1242,527.47,Day,0,0.295
9080,2022-10-16,16,254,Electronics,1290,549.1,Day,0,0.044
9081,2022-10-17,10,286,Electronics,1071,476.79,Day,0,0.129
9082,2022-10-17,32,248,Vehicles,1090,534.73,Day,0,0.284
9083,2022-10-17,5,107,Chemicals,309,497.85,Night,0,0.188
9084,2022-10-17,28,616,Machinery,114,444.62,Day,0,0.149
9085,2022-10-17,31,195,Food,305,496.19,Night,0,0.255
9086,2022-10-17,35,439,Chemicals,781,506.3,Night,0,0.03
9087,2022-10-17,15,10,Raw Materials,828,456.85,Night,0,0.14
9088,2022-10-17,32,37,Food,418,530.51,Night,0,0.124
9089,2022-10-17,33,373,Machinery,158,531.09,Day,0,0.186
9090,2022-10-17,6,308,Chemicals,492,503.49,Night,0,0.024
9091,2022-10-17,22,283,Chemicals,382,473.66,Day,0,0.13
9092,2022-10-18,10,373,Textiles,385,503.07,Night,0,0.15
9093,2022-10-18,40,188,Machinery,719,488.71,Day,0,0.155
9094,2022-10-18,11,623,Textiles,487,597.95,Night,0,0.191
9095,2022-10-18,19,331,Textiles,336,516.72,Day,0,0.272
9096,2022-10-18,28,445,Raw Materials,651,428.84,Day,0,0.269
9097,2022-10-18,2,594,Vehicles,966,486.15,Day,0,0.043
9098,2022-10-18,24,89,Vehicles,1054,477.65,Night,0,0.085
9099,2022-10-19,3,64,Food,619,489.91,Day,0,0.287
9100,2022-10-19,11,131,Vehicles,954,468.64,Day,0,0.291
9101,2022-10-19,15,160,Chemicals,708,430.89,Night,0,0.108
9102,2022-10-19,3,228,Food,1085,454.5,Day,0,0.084
9103,2022-10-19,40,599,Chemicals,484,540.38,Night,0,0.143
9104,2022-10-19,19,185,Vehicles,942,534.84,Day,0,0.019
9105,2022-10-19,19,562,Chemicals,804,555.66,Night,0,0.202
9106,2022-10-19,9,400,Food,802,544.51,Day,0,0.285
9107,2022-10-19,23,359,Textiles,1307,597.68,Night,0,0.17
9108,2022-10-19,4,226,Machinery,1040,573.11,Night,0,0.076
9109,2022-10-19,40,592,Raw Materials,1236,480.25,Night,0,0.245
9110,2022-10-19,8,72,Electronics,1191,571.69,Day,0,0.043
9111,2022-10-20,6,191,Raw Materials,974,594.34,Day,0,0.288
9112,2022-10-20,29,430,Food,287,580.89,Day,0,0.172
9113,2022-10-20,14,103,Chemicals,1406,475.65,Day,0,0.066
9114,2022-10-20,7,147,Food,389,440.43,Night,0,0.029
9115,2022-10-20,4,456,Raw Materials,1350,442.82,Night,0,0.023
9116,2022-10-20,1,365,Textiles,697,1526.8,Night,1,0.962
9117,2022-10-20,36,55,Textiles,879,463.44,Day,0,0.023
9118,2022-10-20,14,255,Chemicals,399,529.37,Night,0,0.072
9119,2022-10-20,16,630,Machinery,665,536.09,Day,0,0.204
9120,2022-10-20,28,369,Electronics,842,458.01,Day,0,0.167
9121,2022-10-20,24,53,Chemicals,407,439.12,Night,0,0.198
9122,2022-10-20,40,59,Machinery,439,536.18,Night,0,0.039
9123,2022-10-21,14,133,Textiles,1355,472.96,Day,0,0.268
9124,2022-10-21,9,349,Machinery,123,473.33,Day,0,0.232
9125,2022-10-21,1,564,Electronics,1074,453.94,Night,0,0.039
9126,2022-10-21,31,131,Textiles,757,578.38,Night,0,0.067
9127,2022-10-21,5,507,Textiles,1064,433.23,Night,0,0.082
9128,2022-10-21,23,239,Machinery,927,503.7,Night,0,0.273
9129,2022-10-21,44,193,Vehicles,488,401.79,Night,0,0.247
9130,2022-10-22,3,208,Machinery,350,538.1,Night,0,0.173
9131,2022-10-22,37,591,Vehicles,927,512.6,Night,0,0.058
9132,2022-10-22,22,495,Chemicals,503,416.37,Day,0,0.082
9133,2022-10-22,40,473,Textiles,550,484.77,Day,0,0.187
9134,2022-10-22,44,238,Food,732,555.94,Night,0,0.162
9135,2022-10-22,31,502,Vehicles,700,463.59,Night,0,0.15
9136,2022-10-22,15,389,Textiles,1288,586.61,Day,0,0.276
9137,2022-10-22,34,64,Chemicals,140,457.61,Day,0,0.158
9138,2022-10-22,5,488,Raw Materials,826,523.04,Night,0,0.244
9139,2022-10-22,46,236,Vehicles,473,515.45,Day,0,0.275
9140,2022-10-23,2,198,Textiles,1279,385.89,Day,0,0.14
9141,2022-10-23,13,488,Electronics,1456,566.4,Night,0,0.286
9142,2022-10-23,16,137,Raw Materials,1418,625.22,Day,0,0.276
9143,2022-10-23,14,414,Electronics,503,485.73,Day,0,0.103
9144,2022-10-23,28,477,Chemicals,1388,450.6,Night,0,0.088
9145,2022-10-23,44,635,Chemicals,903,572.65,Day,0,0.28
9146,2022-10-24,21,7,Raw Materials,181,532.45,Night,0,0.088
9147,2022-10-24,30,67,Vehicles,1469,460.09,Day,0,0.022
9148,2022-10-24,15,87,Raw Materials,664,541.39,Day,0,0.122
9149,2022-10-24,13,16,Food,900,511.73,Night,0,0.061
9150,2022-10-24,25,304,Raw Materials,256,446.74,Night,0,0.291
9151,2022-10-24,30,562,Chemicals,1024,474.5,Day,0,0.141
9152,2022-10-24,21,328,Chemicals,1327,539.61,Day,0,0.215
9153,2022-10-24,31,36,Textiles,306,475.78,Night,0,0.228
9154,2022-10-24,24,427,Chemicals,585,580.27,Day,0,0.16
9155,2022-10-25,16,113,Machinery,467,473.64,Night,0,0.276
9156,2022-10-25,44,315,Raw Materials,220,492.88,Night,0,0.175
9157,2022-10-25,17,122,Electronics,500,527.91,Night,0,0.281
9158,2022-10-25,3,9,Food,1357,521.41,Day,0,0.192
9159,2022-10-25,24,490,Raw Materials,1233,540.08,Day,0,0.047
9160,2022-10-25,16,3,Electronics,1117,578.21,Day,0,0.226
9161,2022-10-25,41,509,Raw Materials,1414,481.69,Day,0,0.083
9162,2022-10-25,26,104,Vehicles,822,532.18,Day,0,0.147
9163,2022-10-25,35,126,Chemicals,488,501.13,Day,0,0.009
9164,2022-10-25,13,53,Vehicles,1480,480.21,Day,0,0.072
9165,2022-10-25,44,82,Food,144,541.39,Day,0,0.298
9166,2022-10-26,1,290,Chemicals,1040,458.26,Day,0,0.022
9167,2022-10-26,32,559,Chemicals,1150,508.59,Day,0,0.281
9168,2022-10-26,17,141,Raw Materials,520,475.57,Day,0,0.026
9169,2022-10-26,31,512,Machinery,463,537.59,Day,0,0.143
9170,2022-10-26,24,443,Machinery,144,414.99,Night,0,0.045
9171,2022-10-26,45,261,Machinery,547,523.35,Day,0,0.085
9172,2022-10-26,6,24,Vehicles,346,475.19,Night,0,0.079
9173,2022-10-26,5,48,Food,758,1404.82,Night,1,0.776
9174,2022-10-26,5,131,Food,835,543.91,Night,0,0.029
9175,2022-10-26,39,315,Food,606,503.93,Night,0,0.224
9176,2022-10-27,31,623,Raw Materials,474,533.77,Day,0,0.051
9177,2022-10-27,16,390,Machinery,150,440.74,Night,0,0.26
9178,2022-10-27,10,363,Machinery,222,472.19,Day,0,0.243
9179,2022-10-27,21,513,Vehicles,421,542.54,Day,0,0.105
9180,2022-10-27,9,271,Raw Materials,102,544.77,Day,0,0.152
9181,2022-10-27,8,209,Raw Materials,309,431.53,Day,0,0.008
9182,2022-10-27,5,107,Raw Materials,234,554.83,Day,0,0.116
9183,2022-10-27,4,605,Machinery,342,615.65,Day,0,0.233
9184,2022-10-27,25,483,Machinery,1316,540.32,Night,0,0.153
9185,2022-10-27,13,292,Electronics,992,546.24,Day,0,0.209
9186,2022-10-27,20,557,Food,843,456.9,Day,0,0.173
9187,2022-10-28,22,451,Machinery,270,474.93,Night,0,0.088
9188,2022-10-28,37,386,Chemicals,412,494.46,Night,0,0.079
9189,2022-10-28,26,602,Chemicals,318,568.18,Night,0,0.276
9190,2022-10-28,39,628,Electronics,1301,410.09,Night,0,0.211
9191,2022-10-28,42,164,Chemicals,615,506.64,Night,0,0.006
9192,2022-10-28,19,525,Food,140,566.59,Day,0,0.273
9193,2022-10-28,10,72,Raw Materials,524,473.06,Night,0,0.246
9194,2022-10-28,29,245,Vehicles,1380,526.22,Day,0,0.237
9195,2022-10-28,7,351,Food,1240,660.27,Day,0,0.297
9196,2022-10-28,39,409,Raw Materials,579,450.26,Night,0,0.057
9197,2022-10-29,25,583,Raw Materials,461,539.32,Night,0,0.233
9198,2022-10-29,24,547,Electronics,1036,503.52,Night,0,0.257
9199,2022-10-29,15,85,Raw Materials,1495,438.01,Day,0,0.083
9200,2022-10-29,40,529,Vehicles,1044,475.3,Night,0,0.165
9201,2022-10-29,39,486,Electronics,775,489.18,Day,0,0.267
9202,2022-10-29,9,505,Textiles,853,439.8,Day,0,0.137
9203,2022-10-29,42,161,Raw Materials,196,473.12,Day,0,0.165
9204,2022-10-29,34,611,Textiles,1280,463.4,Day,0,0.066
9205,2022-10-29,46,252,Electronics,309,454.26,Day,0,0.024
9206,2022-10-29,37,276,Vehicles,257,481.61,Night,0,0.111
9207,2022-10-29,41,3,Chemicals,1111,488.6,Day,0,0.116
9208,2022-10-29,12,53,Vehicles,409,398.7,Night,0,0.078
9209,2022-10-30,30,13,Machinery,632,460.96,Night,0,0.07
9210,2022-10-30,10,366,Machinery,1484,560.85,Day,0,0.242
9211,2022-10-30,22,455,Machinery,935,548.56,Night,0,0.251
9212,2022-10-30,1,38,Machinery,756,459.43,Night,0,0.104
9213,2022-10-30,16,50,Electronics,1087,511.01,Night,0,0.179
9214,2022-10-30,34,470,Vehicles,1020,479.17,Day,0,0.143
9215,2022-10-30,24,621,Chemicals,820,461.47,Day,0,0.058
9216,2022-10-30,20,257,Chemicals,408,448.56,Day,0,0.004
9217,2022-10-31,31,65,Machinery,512,387.93,Day,0,0.286
9218,2022-10-31,35,442,Textiles,532,518.11,Day,0,0.211
9219,2022-10-31,22,267,Food,1385,480.6,Day,0,0.023
9220,2022-10-31,36,292,Raw Materials,546,588.1,Day,0,0.079
9221,2022-10-31,4,377,Raw Materials,113,493.56,Night,0,0.028
9222,2022-10-31,13,117,Chemicals,365,556.47,Night,0,0.058
9223,2022-10-31,7,581,Electronics,1360,505.24,Night,0,0.091
9224,2022-10-31,2,373,Raw Materials,1232,528.88,Day,0,0.163
9225,2022-10-31,16,202,Machinery,1491,488.99,Day,0,0.098
9226,2022-10-31,34,61,Raw Materials,1225,502.1,Night,0,0.189
9227,2022-10-31,38,544,Textiles,1131,636.95,Night,0,0.097
9228,2022-11-01,22,69,Food,940,542.96,Night,0,0.121
9229,2022-11-01,9,188,Chemicals,207,529.18,Night,0,0.011
9230,2022-11-01,34,491,Food,387,524.89,Day,0,0.188
9231,2022-11-01,18,554,Textiles,388,445.35,Day,0,0.127
9232,2022-11-01,13,467,Raw Materials,1333,431.74,Night,0,0.072
9233,2022-11-01,2,261,Raw Materials,183,578.99,Night,0,0.136
9234,2022-11-01,1,277,Textiles,300,575.32,Day,0,0.178
9235,2022-11-01,30,22,Machinery,1286,563.28,Night,0,0.006
9236,2022-11-01,4,178,Vehicles,242,440.0,Night,0,0.285
9237,2022-11-01,11,187,Food,1095,479.75,Night,0,0.075
9238,2022-11-02,9,76,Chemicals,1138,507.97,Day,0,0.185
9239,2022-11-02,5,569,Machinery,161,522.36,Night,0,0.024
9240,2022-11-02,38,330,Chemicals,617,494.05,Night,0,0.123
9241,2022-11-02,22,520,Food,527,487.06,Night,0,0.198
9242,2022-11-02,41,40,Chemicals,733,995.63,Night,1,0.849
9243,2022-11-02,19,584,Raw Materials,1411,1669.4,Day,1,0.931
9244,2022-11-02,31,598,Food,825,434.79,Day,0,0.021
9245,2022-11-03,38,28,Vehicles,445,412.79,Night,0,0.252
9246,2022-11-03,16,231,Chemicals,749,564.08,Night,0,0.178
9247,2022-11-03,6,452,Vehicles,473,469.51,Day,0,0.136
9248,2022-11-03,31,166,Machinery,508,513.82,Day,0,0.283
9249,2022-11-03,28,115,Electronics,878,466.26,Night,0,0.25
9250,2022-11-03,22,539,Raw Materials,1108,520.04,Day,0,0.009
9251,2022-11-03,23,158,Vehicles,756,536.09,Night,0,0.161
9252,2022-11-04,20,183,Raw Materials,338,502.22,Day,0,0.262
9253,2022-11-04,42,347,Textiles,908,608.14,Night,0,0.018
9254,2022-11-04,30,599,Textiles,1223,602.86,Night,0,0.025
9255,2022-11-04,22,176,Machinery,1373,512.41,Day,0,0.13
9256,2022-11-04,22,42,Food,584,1469.57,Night,1,0.96
9257,2022-11-04,2,434,Raw Materials,810,488.06,Night,0,0.041
9258,2022-11-04,2,296,Chemicals,670,490.8,Day,0,0.247
9259,2022-11-04,17,161,Textiles,747,506.79,Night,0,0.041
9260,2022-11-05,2,575,Chemicals,209,530.19,Day,0,0.158
9261,2022-11-05,45,564,Food,396,572.1,Night,0,0.182
9262,2022-11-05,18,385,Chemicals,302,1499.78,Night,1,0.922
9263,2022-11-05,9,28,Machinery,1437,468.63,Night,0,0.148
9264,2022-11-05,42,482,Chemicals,126,543.47,Night,0,0.178
9265,2022-11-05,30,593,Textiles,493,525.37,Night,0,0.156
9266,2022-11-05,32,272,Machinery,1129,560.65,Day,0,0.036
9267,2022-11-05,23,63,Machinery,1078,471.99,Day,0,0.066
9268,2022-11-06,27,528,Food,1037,565.57,Day,0,0.129
9269,2022-11-06,1,624,Textiles,113,524.04,Night,0,0.006
9270,2022-11-06,34,125,Vehicles,217,500.69,Night,0,0.133
9271,2022-11-06,22,341,Raw Materials,691,554.35,Night,0,0.101
9272,2022-11-06,1,202,Chemicals,238,464.93,Night,0,0.172
9273,2022-11-06,2,315,Textiles,134,472.72,Day,0,0.231
9274,2022-11-07,46,292,Chemicals,214,495.97,Night,0,0.165
9275,2022-11-07,15,564,Chemicals,384,539.93,Night,0,0.237
9276,2022-11-07,19,204,Machinery,1131,553.86,Night,0,0.105
9277,2022-11-07,16,520,Food,676,397.79,Day,0,0.237
9278,2022-11-07,39,614,Food,1016,536.81,Night,0,0.071
9279,2022-11-07,34,235,Electronics,992,578.5,Night,0,0.057
9280,2022-11-08,2,483,Raw Materials,614,461.69,Night,0,0.171
9281,2022-11-08,37,136,Chemicals,380,519.31,Day,0,0.203
9282,2022-11-08,29,9,Chemicals,1399,502.17,Day,0,0.208
9283,2022-11-08,34,514,Raw Materials,221,434.89,Night,0,0.009
9284,2022-11-08,41,361,Electronics,967,358.14,Day,0,0.034
9285,2022-11-08,34,295,Electronics,890,528.09,Day,0,0.142
9286,2022-11-08,42,474,Chemicals,385,388.69,Night,0,0.118
9287,2022-11-08,43,496,Chemicals,925,492.99,Night,0,0.1
9288,2022-11-08,43,483,Raw Materials,446,475.38,Day,0,0.199
9289,2022-11-08,2,274,Machinery,1332,637.35,Day,0,0.25
9290,2022-11-09,14,568,Raw Materials,1429,607.27,Day,0,0.181
9291,2022-11-09,6,596,Textiles,209,475.57,Day,0,0.09
9292,2022-11-09,22,135,Raw Materials,755,464.22,Night,0,0.149
9293,2022-11-09,1,25,Electronics,169,501.1,Night,0,0.232
9294,2022-11-09,36,388,Electronics,240,525.39,Night,0,0.181
9295,2022-11-09,32,483,Chemicals,1230,459.7,Day,0,0.067
9296,2022-11-09,45,438,Textiles,142,451.73,Night,0,0.13
9297,2022-11-09,21,462,Machinery,1180,461.36,Day,0,0.066
9298,2022-11-09,39,31,Electronics,270,486.06,Day,0,0.288
9299,2022-11-09,18,12,Raw Materials,1093,492.32,Night,0,0.007
9300,2022-11-09,15,569,Vehicles,1117,490.6,Day,0,0.245
9301,2022-11-10,19,616,Raw Materials,1071,506.99,Day,0,0.061
9302,2022-11-10,31,255,Chemicals,507,1220.51,Night,1,0.833
9303,2022-11-10,10,52,Chemicals,890,576.91,Night,0,0.037
9304,2022-11-10,35,375,Chemicals,1432,454.6,Night,0,0.156
9305,2022-11-10,10,379,Textiles,833,544.82,Day,0,0.204
9306,2022-11-10,32,289,Chemicals,620,504.16,Day,0,0.088
9307,2022-11-10,4,605,Raw Materials,620,586.91,Day,0,0.047
9308,2022-11-10,15,315,Food,1248,579.09,Night,0,0.075
9309,2022-11-10,2,380,Food,1442,581.09,Night,0,0.003
9310,2022-11-11,15,465,Raw Materials,446,417.3,Night,0,0.297
9311,2022-11-11,21,445,Vehicles,1200,591.47,Night,0,0.102
9312,2022-11-11,45,471,Electronics,1050,511.25,Day,0,0.154
9313,2022-11-11,27,361,Raw Materials,176,519.98,Night,0,0.061
9314,2022-11-11,17,423,Raw Materials,415,1081.93,Night,1,0.834
9315,2022-11-11,23,500,Machinery,1032,494.67,Night,0,0.068
9316,2022-11-11,19,278,Raw Materials,1004,522.0,Night,0,0.114
9317,2022-11-11,11,238,Vehicles,1265,462.12,Night,0,0.27
9318,2022-11-11,28,123,Electronics,634,553.96,Day,0,0.295
9319,2022-11-11,32,509,Machinery,1414,553.85,Night,0,0.105
9320,2022-11-12,2,406,Food,274,501.99,Day,0,0.181
9321,2022-11-12,43,128,Food,1452,468.23,Day,0,0.288
9322,2022-11-12,40,145,Vehicles,1236,524.47,Night,0,0.057
9323,2022-11-12,10,265,Raw Materials,645,464.09,Day,0,0.27
9324,2022-11-12,36,243,Raw Materials,210,517.31,Night,0,0.285
9325,2022-11-12,36,396,Vehicles,889,533.5,Day,0,0.274
9326,2022-11-12,15,325,Chemicals,1340,593.25,Day,0,0.292
9327,2022-11-12,21,84,Raw Materials,245,531.52,Night,0,0.23
9328,2022-11-12,2,395,Machinery,571,585.42,Night,0,0.163
9329,2022-11-12,12,242,Raw Materials,1414,629.53,Night,0,0.037
9330,2022-11-12,22,351,Textiles,1466,474.73,Night,0,0.23
9331,2022-11-12,33,311,Electronics,1163,600.06,Day,0,0.042
9332,2022-11-13,17,22,Machinery,944,553.98,Night,0,0.113
9333,2022-11-13,7,629,Raw Materials,880,518.63,Night,0,0.137
9334,2022-11-13,14,126,Raw Materials,998,537.8,Day,0,0.248
9335,2022-11-13,29,410,Chemicals,276,563.15,Day,0,0.11
9336,2022-11-13,16,592,Food,262,527.43,Night,0,0.093
9337,2022-11-13,11,493,Machinery,1264,502.3,Night,0,0.042
9338,2022-11-13,40,624,Food,435,518.83,Day,0,0.022
9339,2022-11-14,40,544,Raw Materials,833,458.21,Night,0,0.261
9340,2022-11-14,4,11,Machinery,824,589.82,Night,0,0.138
9341,2022-11-14,7,136,Textiles,1039,548.49,Day,0,0.264
9342,2022-11-14,26,201,Electronics,172,519.04,Night,0,0.159
9343,2022-11-14,4,106,Chemicals,802,496.98,Night,0,0.236
9344,2022-11-14,36,23,Raw Materials,769,421.7,Day,0,0.011
9345,2022-11-15,27,198,Electronics,1331,527.04,Night,0,0.243
9346,2022-11-15,39,268,Machinery,676,491.05,Night,0,0.009
9347,2022-11-15,24,508,Chemicals,444,501.37,Day,0,0.171
9348,2022-11-15,31,426,Chemicals,1183,500.04,Night,0,0.057
9349,2022-11-15,25,130,Electronics,1345,469.49,Night,0,0.121
9350,2022-11-15,7,557,Machinery,1161,585.25,Day,0,0.23
9351,2022-11-15,42,375,Textiles,1060,486.85,Night,0,0.136
9352,2022-11-15,13,477,Machinery,1194,445.09,Night,0,0.01
9353,2022-11-15,34,331,Machinery,814,588.64,Night,0,0.065
9354,2022-11-15,45,312,Textiles,875,595.58,Night,0,0.3
9355,2022-11-16,34,25,Electronics,775,569.72,Day,0,0.24
9356,2022-11-16,9,385,Electronics,109,463.77,Night,0,0.243
9357,2022-11-16,4,375,Food,1284,539.54,Day,0,0.166
9358,2022-11-16,2,546,Food,374,495.44,Day,0,0.052
9359,2022-11-16,29,251,Machinery,911,533.66,Day,0,0.137
9360,2022-11-16,26,149,Electronics,1367,505.19,Night,0,0.201
9361,2022-11-16,42,631,Raw Materials,926,553.65,Day,0,0.162
9362,2022-11-16,4,624,Machinery,223,512.65,Night,0,0.194
9363,2022-11-16,40,244,Chemicals,383,505.4,Day,0,0.072
9364,2022-11-16,45,349,Vehicles,197,447.43,Night,0,0.169
9365,2022-11-16,31,220,Electronics,283,522.81,Day,0,0.261
9366,2022-11-16,11,183,Machinery,595,493.8,Day,0,0.147
9367,2022-11-17,44,98,Textiles,1264,537.62,Day,0,0.084
9368,2022-11-17,2,621,Textiles,909,562.89,Night,0,0.087
9369,2022-11-17,38,190,Raw Materials,385,425.0,Day,0,0.077
9370,2022-11-17,38,608,Machinery,556,579.29,Night,0,0.261
9371,2022-11-17,29,284,Vehicles,888,493.31,Day,0,0.187
9372,2022-11-17,12,152,Electronics,479,518.92,Day,0,0.193
9373,2022-11-17,4,420,Textiles,500,526.4,Day,0,0.207
9374,2022-11-17,16,399,Chemicals,579,513.72,Day,0,0.061
9375,2022-11-17,6,562,Food,1393,517.03,Night,0,0.133
9376,2022-11-17,6,345,Chemicals,1185,593.11,Day,0,0.168
9377,2022-11-17,29,155,Electronics,883,482.1,Night,0,0.26
9378,2022-11-18,15,462,Textiles,133,513.73,Day,0,0.031
9379,2022-11-18,20,401,Food,565,435.37,Night,0,0.255
9380,2022-11-18,15,592,Textiles,559,469.75,Night,0,0.281
9381,2022-11-18,45,137,Food,180,489.22,Night,0,0.158
9382,2022-11-18,33,316,Vehicles,893,519.43,Day,0,0.18
9383,2022-11-18,4,253,Raw Materials,217,427.93,Day,0,0.173
9384,2022-11-18,5,208,Machinery,1244,589.03,Night,0,0.114
9385,2022-11-18,2,394,Machinery,232,544.22,Night,0,0.093
9386,2022-11-18,9,423,Chemicals,533,561.5,Night,0,0.012
9387,2022-11-18,28,553,Machinery,405,427.63,Night,0,0.192
9388,2022-11-18,36,428,Textiles,1318,511.4,Night,0,0.212
9389,2022-11-18,29,214,Vehicles,356,1881.45,Night,1,0.884
9390,2022-11-19,7,407,Raw Materials,508,573.93,Day,0,0.173
9391,2022-11-19,38,381,Vehicles,717,1449.8,Day,1,0.851
9392,2022-11-19,30,230,Raw Materials,451,565.4,Night,0,0.095
9393,2022-11-19,25,362,Textiles,1488,490.52,Day,0,0.195
9394,2022-11-19,3,200,Electronics,118,380.47,Night,0,0.268
9395,2022-11-19,41,446,Raw Materials,780,598.72,Day,0,0.169
9396,2022-11-19,40,350,Electronics,1378,593.6,Day,0,0.167
9397,2022-11-20,11,405,Raw Materials,957,519.8,Night,0,0.105
9398,2022-11-20,9,10,Textiles,601,515.27,Night,0,0.3
9399,2022-11-20,22,270,Food,1118,515.51,Day,0,0.056
9400,2022-11-20,30,290,Vehicles,766,485.62,Day,0,0.029
9401,2022-11-20,38,324,Raw Materials,733,466.26,Night,0,0.089
9402,2022-11-20,44,384,Chemicals,325,515.12,Night,0,0.009
9403,2022-11-20,14,190,Vehicles,1195,550.09,Night,0,0.184
9404,2022-11-20,7,506,Machinery,563,498.27,Day,0,0.107
9405,2022-11-20,34,565,Textiles,121,505.39,Day,0,0.029
9406,2022-11-21,43,40,Food,405,1314.15,Day,1,0.933
9407,2022-11-21,37,530,Food,431,472.43,Day,0,0.163
9408,2022-11-21,35,178,Chemicals,635,425.52,Night,0,0.197
9409,2022-11-21,38,600,Vehicles,1132,519.36,Night,0,0.021
9410,2022-11-21,5,256,Vehicles,409,442.97,Day,0,0.138
9411,2022-11-21,34,547,Machinery,1422,564.24,Day,0,0.152
9412,2022-11-21,18,144,Chemicals,566,548.43,Day,0,0.159
9413,2022-11-22,19,312,Machinery,240,555.58,Night,0,0.095
9414,2022-11-22,39,377,Raw Materials,237,523.63,Night,0,0.247
9415,2022-11-22,29,11,Textiles,624,467.18,Night,0,0.109
9416,2022-11-22,13,396,Food,785,480.28,Day,0,0.206
9417,2022-11-22,42,555,Electronics,569,582.51,Day,0,0.21
9418,2022-11-22,31,41,Raw Materials,1294,578.56,Night,0,0.108
9419,2022-11-22,7,12,Machinery,361,445.08,Day,0,0.205
9420,2022-11-22,23,73,Food,216,506.18,Night,0,0.127
9421,2022-11-22,3,53,Textiles,689,535.22,Night,0,0.04
9422,2022-11-22,11,494,Textiles,635,497.16,Day,0,0.268
9423,2022-11-22,40,558,Electronics,965,575.54,Day,0,0.243
9424,2022-11-22,39,488,Vehicles,652,485.22,Day,0,0.074
9425,2022-11-23,21,616,Machinery,714,507.87,Night,0,0.289
9426,2022-11-23,15,212,Food,1289,464.38,Night,0,0.059
9427,2022-11-23,17,376,Raw Materials,524,491.06,Day,0,0.119
9428,2022-11-23,17,393,Raw Materials,805,497.32,Night,0,0.266
9429,2022-11-23,40,140,Food,1424,1148.63,Day,1,0.841
9430,2022-11-23,37,454,Raw Materials,1395,456.65,Night,0,0.028
9431,2022-11-23,18,429,Machinery,1121,446.98,Day,0,0.206
9432,2022-11-24,1,444,Textiles,683,408.73,Day,0,0.177
9433,2022-11-24,18,477,Raw Materials,1121,548.17,Day,0,0.117
9434,2022-11-24,38,599,Food,237,547.55,Night,0,0.086
9435,2022-11-24,38,256,Vehicles,555,426.19,Day,0,0.17
9436,2022-11-24,28,31,Food,656,570.83,Day,0,0.109
9437,2022-11-24,44,592,Machinery,1448,552.26,Night,0,0.082
9438,2022-11-24,40,373,Electronics,639,1269.93,Night,1,0.957
9439,2022-11-24,30,317,Textiles,676,610.91,Day,0,0.076
9440,2022-11-24,2,334,Food,376,578.16,Day,0,0.066
9441,2022-11-24,12,139,Machinery,1302,491.39,Night,0,0.098
9442,2022-11-24,30,185,Textiles,982,475.65,Day,0,0.245
9443,2022-11-24,44,227,Vehicles,991,554.58,Day,0,0.294
9444,2022-11-25,37,579,Vehicles,1349,564.22,Day,0,0.193
9445,2022-11-25,11,458,Textiles,122,455.58,Day,0,0.015
9446,2022-11-25,46,426,Chemicals,109,563.32,Night,0,0.243
9447,2022-11-25,27,133,Raw Materials,807,498.64,Day,0,0.117
9448,2022-11-25,17,50,Machinery,400,420.16,Night,0,0.261
9449,2022-11-25,29,88,Vehicles,1242,401.91,Day,0,0.123
9450,2022-11-25,8,21,Raw Materials,1218,462.7,Night,0,0.052
9451,2022-11-25,20,48,Machinery,616,396.7,Night,0,0.226
9452,2022-11-26,27,520,Electronics,671,490.64,Day,0,0.252
9453,2022-11-26,6,139,Machinery,546,535.63,Night,0,0.204
9454,2022-11-26,11,493,Chemicals,1079,544.55,Night,0,0.168
9455,2022-11-26,11,277,Machinery,815,1279.84,Day,1,0.95
9456,2022-11-26,22,560,Raw Materials,1270,535.6,Day,0,0.064
9457,2022-11-26,28,305,Electronics,865,458.89,Night,0,0.167
9458,2022-11-27,22,196,Electronics,1089,450.99,Night,0,0.188
9459,2022-11-27,14,185,Food,870,516.43,Night,0,0.043
9460,2022-11-27,34,67,Electronics,172,438.59,Night,0,0.043
9461,2022-11-27,35,123,Electronics,539,502.4,Night,0,0.108
9462,2022-11-27,41,631,Chemicals,886,593.38,Day,0,0.163
9463,2022-11-27,23,527,Food,660,435.88,Night,0,0.19
9464,2022-11-27,34,97,Textiles,1483,478.41,Day,0,0.042
9465,2022-11-27,15,108,Textiles,934,520.33,Day,0,0.201
9466,2022-11-27,29,323,Chemicals,829,464.62,Day,0,0.074
9467,2022-11-28,43,171,Chemicals,1014,549.58,Day,0,0.189
9468,2022-11-28,31,512,Machinery,583,1635.82,Night,1,0.993
9469,2022-11-28,38,518,Electronics,1022,510.72,Night,0,0.13
9470,2022-11-28,6,55,Raw Materials,965,487.68,Night,0,0.116
9471,2022-11-28,16,145,Electronics,805,519.27,Day,0,0.077
9472,2022-11-28,38,94,Vehicles,472,450.28,Day,0,0.196
9473,2022-11-28,27,458,Electronics,1459,458.13,Day,0,0.196
9474,2022-11-28,17,588,Vehicles,950,486.39,Day,0,0.202
9475,2022-11-28,44,107,Textiles,778,456.5,Day,0,0.053
9476,2022-11-28,12,218,Food,1392,406.09,Day,0,0.05
9477,2022-11-29,45,560,Textiles,941,567.49,Day,0,0.019
9478,2022-11-29,8,563,Vehicles,573,539.75,Night,0,0.216
9479,2022-11-29,31,230,Raw Materials,1370,479.79,Day,0,0.145
9480,2022-11-29,13,533,Electronics,952,525.3,Day,0,0.166
9481,2022-11-29,24,429,Chemicals,1498,520.41,Day,0,0.221
9482,2022-11-29,15,443,Machinery,770,553.23,Day,0,0.03
9483,2022-11-29,21,268,Raw Materials,1331,431.66,Day,0,0.029
9484,2022-11-29,46,484,Vehicles,1259,499.56,Day,0,0.279
9485,2022-11-29,38,191,Vehicles,1486,484.18,Day,0,0.162
9486,2022-11-29,18,427,Vehicles,1001,600.78,Day,0,0.136
9487,2022-11-29,16,26,Machinery,1474,442.57,Night,0,0.196
9488,2022-11-30,1,14,Vehicles,1163,448.71,Day,0,0.214
9489,2022-11-30,30,437,Textiles,1325,535.27,Night,0,0.113
9490,2022-11-30,29,90,Food,209,457.94,Day,0,0.075
9491,2022-11-30,31,392,Vehicles,416,567.15,Night,0,0.052
9492,2022-11-30,44,305,Electronics,1190,446.45,Night,0,0.291
9493,2022-11-30,34,541,Raw Materials,1387,584.59,Day,0,0.031
9494,2022-11-30,19,325,Machinery,222,450.81,Day,0,0.223
9495,2022-11-30,2,466,Electronics,1041,482.76,Night,0,0.261
9496,2022-11-30,10,165,Machinery,1137,1172.44,Day,1,0.833
9497,2022-11-30,20,513,Textiles,1284,523.52,Day,0,0.12
9498,2022-11-30,45,442,Chemicals,969,502.68,Night,0,0.298
9499,2022-12-01,28,84,Chemicals,748,473.47,Day,0,0.131
9500,2022-12-01,30,167,Chemicals,1226,559.99,Night,0,0.166
9501,2022-12-01,43,517,Vehicles,334,473.51,Night,0,0.242
9502,2022-12-01,44,243,Chemicals,904,413.4,Day,0,0.146
9503,2022-12-01,39,297,Electronics,1241,436.89,Night,0,0.223
9504,2022-12-01,18,75,Food,960,534.53,Day,0,0.265
9505,2022-12-01,44,590,Chemicals,1300,513.98,Day,0,0.231
9506,2022-12-02,34,31,Textiles,1017,481.53,Day,0,0.153
9507,2022-12-02,5,218,Machinery,409,506.21,Night,0,0.147
9508,2022-12-02,16,552,Machinery,1088,513.67,Night,0,0.187
9509,2022-12-02,24,215,Raw Materials,894,663.36,Night,0,0.187
9510,2022-12-02,12,493,Textiles,1319,501.5,Night,0,0.07
9511,2022-12-02,35,243,Vehicles,753,519.06,Night,0,0.165
9512,2022-12-02,41,197,Raw Materials,869,452.54,Day,0,0.262
9513,2022-12-03,7,301,Raw Materials,1103,555.51,Night,0,0.191
9514,2022-12-03,44,575,Machinery,207,494.44,Day,0,0.222
9515,2022-12-03,11,304,Chemicals,871,619.24,Day,0,0.103
9516,2022-12-03,29,405,Raw Materials,606,531.27,Night,0,0.091
9517,2022-12-03,35,88,Machinery,779,582.31,Day,0,0.156
9518,2022-12-03,11,501,Food,1314,499.98,Night,0,0.249
9519,2022-12-04,12,175,Vehicles,206,550.21,Night,0,0.113
9520,2022-12-04,23,627,Machinery,1361,558.75,Night,0,0.062
9521,2022-12-04,31,123,Textiles,511,1303.61,Day,1,0.973
9522,2022-12-04,27,321,Textiles,324,611.83,Day,0,0.061
9523,2022-12-04,44,450,Electronics,544,474.19,Night,0,0.031
9524,2022-12-04,38,282,Chemicals,1213,540.93,Night,0,0.103
9525,2022-12-04,11,476,Food,657,482.19,Day,0,0.238
9526,2022-12-04,41,568,Vehicles,1426,483.5,Night,0,0.223
9527,2022-12-04,43,35,Food,1160,567.69,Day,0,0.29
9528,2022-12-04,40,185,Vehicles,1272,574.91,Night,0,0.202
9529,2022-12-05,35,421,Electronics,877,477.55,Night,0,0.121
9530,2022-12-05,22,539,Food,293,527.9,Night,0,0.293
9531,2022-12-05,2,244,Food,857,427.95,Night,0,0.017
9532,2022-12-05,44,53,Machinery,1440,1217.89,Night,1,0.905
9533,2022-12-05,31,492,Vehicles,314,1710.33,Day,1,0.92
9534,2022-12-05,14,553,Electronics,970,586.3,Day,0,0.216
9535,2022-12-05,39,240,Textiles,382,519.07,Night,0,0.211
9536,2022-12-05,8,14,Vehicles,1179,400.35,Night,0,0.249
9537,2022-12-05,5,591,Raw Materials,885,535.1,Day,0,0.184
9538,2022-12-06,28,339,Machinery,1213,1280.12,Day,1,0.844
9539,2022-12-06,7,335,Food,1066,535.55,Day,0,0.099
9540,2022-12-06,29,83,Electronics,481,1467.45,Night,1,0.805
9541,2022-12-06,21,374,Vehicles,322,507.49,Day,0,0.004
9542,2022-12-06,4,333,Textiles,1340,472.68,Day,0,0.043
9543,2022-12-06,9,364,Vehicles,642,530.62,Night,0,0.183
9544,2022-12-07,14,179,Chemicals,1486,483.08,Day,0,0.239
9545,2022-12-07,10,339,Chemicals,133,526.12,Day,0,0.042
9546,2022-12-07,32,433,Food,1429,591.98,Day,0,0.145
9547,2022-12-07,42,270,Machinery,1440,515.31,Night,0,0.154
9548,2022-12-07,8,32,Vehicles,1239,1514.66,Night,1,0.868
9549,2022-12-07,27,390,Textiles,724,427.77,Night,0,0.191
9550,2022-12-07,13,249,Vehicles,1042,635.66,Night,0,0.066
9551,2022-12-07,3,72,Textiles,1499,539.26,Day,0,0.26
9552,2022-12-07,14,402,Machinery,768,1058.08,Day,1,0.718
9553,2022-12-07,16,384,Raw Materials,330,438.03,Day,0,0.232
9554,2022-12-07,36,295,Vehicles,1023,556.73,Night,0,0.07
9555,2022-12-08,11,360,Electronics,601,503.11,Day,0,0.235
9556,2022-12-08,1,173,Raw Materials,583,568.52,Night,0,0.039
9557,2022-12-08,40,624,Machinery,376,483.61,Day,0,0.181
9558,2022-12-08,1,17,Food,266,448.2,Night,0,0.021
9559,2022-12-08,12,583,Textiles,1391,1786.62,Day,1,0.873
9560,2022-12-08,23,429,Raw Materials,1241,477.09,Night,0,0.107
9561,2022-12-08,25,282,Textiles,1481,587.07,Night,0,0.133
9562,2022-12-08,14,39,Chemicals,1314,479.47,Day,0,0.168
9563,2022-12-08,20,178,Electronics,534,416.35,Day,0,0.028
9564,2022-12-08,16,236,Electronics,1424,495.7,Day,0,0.22
9565,2022-12-08,11,339,Electronics,488,532.48,Night,0,0.001
9566,2022-12-08,22,516,Vehicles,474,1030.62,Night,1,0.836
9567,2022-12-09,4,21,Food,831,475.88,Day,0,0.13
9568,2022-12-09,28,166,Raw Materials,1406,539.08,Day,0,0.08
9569,2022-12-09,34,492,Food,573,471.52,Night,0,0.293
9570,2022-12-09,40,430,Machinery,947,511.57,Day,0,0.01
9571,2022-12-09,38,502,Raw Materials,569,558.49,Night,0,0.137
9572,2022-12-09,16,622,Machinery,1094,498.64,Night,0,0.078
9573,2022-12-09,36,91,Textiles,293,473.25,Day,0,0.15
9574,2022-12-10,26,631,Electronics,733,632.23,Night,0,0.251
9575,2022-12-10,2,105,Textiles,1181,437.35,Day,0,0.29
9576,2022-12-10,24,247,Vehicles,1046,491.53,Day,0,0.278
9577,2022-12-10,17,192,Electronics,1199,478.03,Night,0,0.265
9578,2022-12-10,24,422,Textiles,116,447.57,Day,0,0.164
9579,2022-12-10,22,153,Chemicals,204,531.88,Day,0,0.08
9580,2022-12-10,36,369,Raw Materials,853,524.05,Day,0,0.257
9581,2022-12-10,17,554,Raw Materials,164,548.62,Night,0,0.155
9582,2022-12-10,1,245,Vehicles,183,593.2,Night,0,0.164
9583,2022-12-10,36,561,Chemicals,574,489.57,Night,0,0.041
9584,2022-12-10,5,422,Machinery,1230,478.92,Day,0,0.103
9585,2022-12-10,25,209,Raw Materials,399,558.79,Night,0,0.055
9586,2022-12-11,22,373,Electronics,847,558.33,Night,0,0.197
9587,2022-12-11,9,235,Vehicles,805,588.34,Night,0,0.084
9588,2022-12-11,45,563,Machinery,1318,411.85,Night,0,0.14
9589,2022-12-11,23,593,Food,873,551.3,Night,0,0.017
9590,2022-12-11,46,513,Food,1120,522.07,Night,0,0.001
9591,2022-12-11,45,502,Electronics,1346,497.44,Night,0,0.046
9592,2022-12-11,33,467,Electronics,1016,443.14,Day,0,0.032
9593,2022-12-11,28,304,Raw Materials,396,521.7,Day,0,0.226
9594,2022-12-11,26,577,Electronics,1210,517.11,Day,0,0.253
9595,2022-12-12,19,538,Textiles,1401,492.98,Night,0,0.099
9596,2022-12-12,5,70,Food,457,473.35,Day,0,0.18
9597,2022-12-12,4,435,Chemicals,1239,556.28,Day,0,0.048
9598,2022-12-12,40,321,Vehicles,258,582.59,Day,0,0.129
9599,2022-12-12,34,147,Raw Materials,1450,465.22,Day,0,0.136
9600,2022-12-12,46,380,Vehicles,1239,471.15,Night,0,0.135
9601,2022-12-13,42,543,Food,1307,503.07,Night,0,0.273
9602,2022-12-13,34,636,Vehicles,368,414.65,Night,0,0.156
9603,2022-12-13,8,543,Electronics,987,543.53,Night,0,0.137
9604,2022-12-13,29,157,Raw Materials,1006,557.95,Night,0,0.049
9605,2022-12-13,25,532,Chemicals,953,650.73,Day,0,0.067
9606,2022-12-13,20,49,Vehicles,902,542.68,Night,0,0.21
9607,2022-12-13,41,181,Raw Materials,159,424.58,Day,0,0.266
9608,2022-12-13,46,632,Chemicals,670,526.52,Night,0,0.074
9609,2022-12-13,10,287,Textiles,322,500.04,Night,0,0.086
9610,2022-12-14,6,277,Electronics,819,481.27,Day,0,0.103
9611,2022-12-14,17,351,Food,548,487.77,Day,0,0.018
9612,2022-12-14,34,392,Electronics,814,577.14,Day,0,0.058
9613,2022-12-14,45,77,Textiles,721,489.6,Night,0,0.229
9614,2022-12-14,46,557,Food,1287,463.92,Day,0,0.155
9615,2022-12-14,23,139,Electronics,958,552.23,Night,0,0.022
9616,2022-12-14,39,491,Food,392,500.27,Night,0,0.299
9617,2022-12-14,7,505,Chemicals,369,501.81,Day,0,0.297
9618,2022-12-14,42,469,Raw Materials,263,529.33,Day,0,0.032
9619,2022-12-14,4,37,Chemicals,689,945.07,Night,1,0.748
9620,2022-12-14,31,124,Chemicals,177,556.03,Night,0,0.161
9621,2022-12-15,11,456,Vehicles,1277,500.92,Day,0,0.035
9622,2022-12-15,39,633,Electronics,1067,676.32,Night,0,0.244
9623,2022-12-15,12,354,Vehicles,285,473.17,Night,0,0.286
9624,2022-12-15,18,396,Vehicles,136,525.91,Night,0,0.097
9625,2022-12-15,37,397,Raw Materials,949,538.6,Day,0,0.116
9626,2022-12-15,41,500,Textiles,448,484.31,Night,0,0.241
9627,2022-12-16,31,79,Raw Materials,513,553.23,Day,0,0.087
9628,2022-12-16,8,239,Electronics,288,485.54,Day,0,0.206
9629,2022-12-16,32,54,Vehicles,685,477.44,Night,0,0.237
9630,2022-12-16,14,585,Food,1285,584.34,Day,0,0.214
9631,2022-12-16,2,245,Vehicles,529,526.32,Day,0,0.121
9632,2022-12-16,33,343,Chemicals,1361,583.98,Day,0,0.132
9633,2022-12-16,28,264,Raw Materials,112,438.55,Night,0,0.096
9634,2022-12-16,29,436,Food,125,459.59,Day,0,0.222
9635,2022-12-16,26,23,Food,682,535.88,Day,0,0.147
9636,2022-12-16,3,571,Electronics,1007,572.82,Night,0,0.089
9637,2022-12-17,16,540,Food,1207,487.22,Day,0,0.105
9638,2022-12-17,10,402,Machinery,521,447.48,Day,0,0.23
9639,2022-12-17,25,103,Machinery,1365,452.89,Night,0,0.228
9640,2022-12-17,35,89,Electronics,912,457.4,Day,0,0.001
9641,2022-12-17,39,361,Machinery,925,508.9,Day,0,0.129
9642,2022-12-17,30,116,Textiles,221,499.24,Night,0,0.235
9643,2022-12-18,15,570,Raw Materials,318,1197.63,Day,1,0.784
9644,2022-12-18,34,617,Electronics,882,548.15,Day,0,0.264
9645,2022-12-18,37,524,Machinery,1374,524.78,Night,0,0.202
9646,2022-12-18,17,401,Vehicles,963,567.08,Day,0,0.004
9647,2022-12-18,28,37,Chemicals,1164,493.04,Day,0,0.205
9648,2022-12-18,14,566,Chemicals,590,416.64,Day,0,0.138
9649,2022-12-18,21,509,Machinery,176,492.72,Day,0,0.008
9650,2022-12-18,5,557,Chemicals,194,543.7,Night,0,0.12
9651,2022-12-18,29,509,Machinery,1052,429.3,Night,0,0.057
9652,2022-12-18,1,525,Raw Materials,1129,481.43,Night,0,0.149
9653,2022-12-18,1,41,Vehicles,970,509.83,Night,0,0.169
9654,2022-12-18,25,363,Food,1126,580.91,Night,0,0.176
9655,2022-12-19,16,411,Raw Materials,1408,591.95,Night,0,0.255
9656,2022-12-19,32,367,Electronics,545,528.33,Day,0,0.244
9657,2022-12-19,20,58,Chemicals,1243,473.28,Night,0,0.021
9658,2022-12-19,1,11,Vehicles,1191,490.05,Night,0,0.201
9659,2022-12-19,20,555,Vehicles,1236,520.09,Night,0,0.021
9660,2022-12-19,5,453,Chemicals,1024,534.55,Night,0,0.029
9661,2022-12-19,34,203,Raw Materials,835,461.41,Day,0,0.29
9662,2022-12-19,25,611,Vehicles,1466,541.0,Night,0,0.193
9663,2022-12-19,24,154,Vehicles,933,499.14,Night,0,0.128
9664,2022-12-19,17,189,Textiles,1291,1326.42,Night,1,0.904
9665,2022-12-19,46,8,Textiles,595,575.43,Day,0,0.168
9666,2022-12-19,33,82,Chemicals,481,453.55,Night,0,0.295
9667,2022-12-20,24,509,Raw Materials,579,488.97,Night,0,0.189
9668,2022-12-20,11,160,Raw Materials,1293,526.84,Night,0,0.175
9669,2022-12-20,46,228,Electronics,200,446.39,Day,0,0.104
9670,2022-12-20,7,44,Vehicles,1036,528.47,Day,0,0.179
9671,2022-12-20,5,208,Vehicles,1409,1450.66,Day,1,0.786
9672,2022-12-20,6,266,Chemicals,671,602.82,Day,0,0.239
9673,2022-12-20,2,188,Textiles,764,434.87,Night,0,0.248
9674,2022-12-20,29,214,Textiles,1100,528.37,Day,0,0.192
9675,2022-12-20,26,8,Food,191,543.72,Night,0,0.25
9676,2022-12-20,38,627,Food,1485,587.2,Day,0,0.249
9677,2022-12-20,21,223,Textiles,752,427.49,Night,0,0.048
9678,2022-12-20,1,483,Chemicals,991,568.38,Day,0,0.185
9679,2022-12-21,33,615,Machinery,496,1149.0,Day,1,0.896
9680,2022-12-21,31,495,Machinery,679,587.26,Day,0,0.238
9681,2022-12-21,6,126,Food,1218,969.48,Night,1,0.73
9682,2022-12-21,19,297,Textiles,146,508.49,Day,0,0.289
9683,2022-12-21,22,330,Textiles,412,476.79,Night,0,0.296
9684,2022-12-21,2,184,Raw Materials,163,546.8,Day,0,0.136
9685,2022-12-21,16,355,Electronics,848,482.85,Night,0,0.233
9686,2022-12-21,1,99,Food,1042,468.2,Night,0,0.108
9687,2022-12-21,4,427,Textiles,568,519.3,Day,0,0.106
9688,2022-12-21,21,73,Chemicals,242,510.09,Day,0,0.087
9689,2022-12-21,21,267,Textiles,1466,560.26,Day,0,0.275
9690,2022-12-21,26,69,Chemicals,748,622.1,Night,0,0.024
9691,2022-12-22,6,449,Textiles,1144,1701.66,Night,1,0.84
9692,2022-12-22,45,33,Raw Materials,919,432.76,Day,0,0.097
9693,2022-12-22,3,78,Raw Materials,1110,486.48,Night,0,0.241
9694,2022-12-22,42,608,Textiles,464,545.02,Day,0,0.169
9695,2022-12-22,15,419,Vehicles,731,476.71,Day,0,0.218
9696,2022-12-22,41,20,Machinery,204,440.58,Night,0,0.148
9697,2022-12-22,25,329,Machinery,521,443.39,Day,0,0.167
9698,2022-12-22,5,98,Vehicles,766,460.42,Day,0,0.259
9699,2022-12-22,9,88,Raw Materials,117,581.44,Night,0,0.205
9700,2022-12-22,18,353,Machinery,1345,593.48,Day,0,0.025
9701,2022-12-22,32,15,Food,160,537.08,Day,0,0.156
9702,2022-12-22,15,125,Vehicles,190,419.62,Night,0,0.042
9703,2022-12-23,30,299,Textiles,599,590.45,Day,0,0.169
9704,2022-12-23,44,390,Food,745,465.61,Night,0,0.275
9705,2022-12-23,2,421,Electronics,1283,477.24,Day,0,0.148
9706,2022-12-23,22,513,Electronics,1019,425.52,Night,0,0.018
9707,2022-12-23,39,195,Vehicles,1463,1004.2,Day,1,0.825
9708,2022-12-23,36,191,Electronics,757,409.48,Day,0,0.243
9709,2022-12-23,33,290,Raw Materials,431,477.66,Night,0,0.154
9710,2022-12-23,29,327,Raw Materials,557,509.41,Day,0,0.113
9711,2022-12-23,3,215,Electronics,343,482.81,Day,0,0.238
9712,2022-12-23,3,132,Raw Materials,753,487.16,Night,0,0.014
9713,2022-12-23,37,601,Raw Materials,453,489.72,Night,0,0.298
9714,2022-12-24,42,628,Raw Materials,1106,1012.24,Night,1,0.787
9715,2022-12-24,25,179,Food,835,478.69,Day,0,0.287
9716,2022-12-24,8,409,Textiles,830,566.39,Day,0,0.107
9717,2022-12-24,37,312,Vehicles,1263,511.52,Day,0,0.172
9718,2022-12-24,28,330,Vehicles,1117,478.18,Night,0,0.249
9719,2022-12-24,39,151,Electronics,1442,448.05,Night,0,0.121
9720,2022-12-24,43,111,Raw Materials,217,443.69,Night,0,0.131
9721,2022-12-24,40,568,Electronics,951,540.92,Day,0,0.274
9722,2022-12-25,24,379,Machinery,1045,511.45,Night,0,0.095
9723,2022-12-25,8,421,Food,1368,529.55,Day,0,0.084
9724,2022-12-25,23,30,Machinery,761,464.3,Night,0,0.158
9725,2022-12-25,33,592,Raw Materials,748,553.5,Day,0,0.175
9726,2022-12-25,32,372,Raw Materials,729,451.19,Day,0,0.278
9727,2022-12-25,33,22,Vehicles,705,1174.51,Night,1,0.998
9728,2022-12-26,14,424,Electronics,317,527.48,Day,0,0.056
9729,2022-12-26,16,182,Chemicals,1376,536.91,Day,0,0.01
9730,2022-12-26,7,500,Vehicles,1272,547.13,Day,0,0.153
9731,2022-12-26,13,16,Electronics,1145,476.99,Night,0,0.073
9732,2022-12-26,22,113,Textiles,204,532.74,Night,0,0.066
9733,2022-12-26,15,100,Textiles,499,556.01,Day,0,0.107
9734,2022-12-26,31,152,Vehicles,1022,458.56,Day,0,0.021
9735,2022-12-26,44,423,Raw Materials,944,452.53,Night,0,0.128
9736,2022-12-26,35,136,Chemicals,153,378.05,Night,0,0.212
9737,2022-12-27,5,516,Chemicals,170,584.32,Day,0,0.243
9738,2022-12-27,18,162,Chemicals,1481,492.08,Night,0,0.002
9739,2022-12-27,23,302,Food,862,590.68,Night,0,0.187
9740,2022-12-27,15,161,Textiles,1284,544.45,Day,0,0.243
9741,2022-12-27,5,167,Textiles,239,521.64,Day,0,0.141
9742,2022-12-27,2,83,Raw Materials,1098,449.97,Day,0,0.288
9743,2022-12-27,8,468,Machinery,1116,385.35,Night,0,0.245
9744,2022-12-27,28,126,Electronics,1022,497.91,Day,0,0.221
9745,2022-12-27,19,265,Electronics,807,530.01,Night,0,0.284
9746,2022-12-27,31,344,Food,1191,488.59,Day,0,0.044
9747,2022-12-27,35,120,Raw Materials,294,555.9,Day,0,0.151
9748,2022-12-27,43,282,Machinery,487,480.25,Night,0,0.117
9749,2022-12-28,29,111,Raw Materials,1384,525.36,Night,0,0.079
9750,2022-12-28,24,147,Food,213,477.95,Night,0,0.079
9751,2022-12-28,28,258,Food,532,539.16,Night,0,0.158
9752,2022-12-28,12,433,Electronics,413,512.65,Night,0,0.077
9753,2022-12-28,12,587,Machinery,558,534.93,Day,0,0.279
9754,2022-12-28,39,358,Electronics,547,517.97,Day,0,0.182
9755,2022-12-29,6,189,Chemicals,1001,473.74,Day,0,0.166
9756,2022-12-29,10,356,Electronics,1208,370.58,Day,0,0.142
9757,2022-12-29,19,186,Chemicals,345,439.89,Day,0,0.284
9758,2022-12-29,14,176,Food,1105,1149.61,Night,1,0.966
9759,2022-12-29,40,454,Vehicles,1196,590.29,Day,0,0.069
9760,2022-12-29,26,149,Vehicles,646,551.47,Night,0,0.287
9761,2022-12-29,7,575,Chemicals,337,453.59,Night,0,0.04
9762,2022-12-29,31,443,Chemicals,1141,517.29,Night,0,0.258
9763,2022-12-29,25,564,Electronics,1309,543.19,Night,0,0.2
9764,2022-12-29,23,553,Raw Materials,1329,546.52,Night,0,0.211
9765,2022-12-29,19,165,Raw Materials,1418,575.35,Day,0,0.036
9766,2022-12-29,9,525,Electronics,317,530.34,Day,0,0.147
9767,2022-12-30,2,297,Textiles,1443,464.09,Night,0,0.09
9768,2022-12-30,4,383,Electronics,1048,437.92,Day,0,0.039
9769,2022-12-30,32,248,Raw Materials,215,473.22,Night,0,0.037
9770,2022-12-30,9,593,Textiles,233,481.46,Night,0,0.249
9771,2022-12-30,29,491,Textiles,910,489.14,Day,0,0.224
9772,2022-12-30,17,68,Machinery,204,438.73,Night,0,0.164
9773,2022-12-30,36,537,Raw Materials,1393,534.3,Night,0,0.102
9774,2022-12-30,18,632,Food,825,486.66,Night,0,0.127
9775,2022-12-31,19,324,Chemicals,953,506.44,Day,0,0.126
9776,2022-12-31,29,244,Food,855,553.4,Day,0,0.251
9777,2022-12-31,6,478,Chemicals,281,553.54,Day,0,0.033
9778,2022-12-31,27,530,Electronics,900,533.68,Night,0,0.098
9779,2022-12-31,34,350,Vehicles,1308,1179.08,Night,1,0.991
9780,2022-12-31,33,568,Machinery,583,539.37,Day,0,0.245
9781,2022-12-31,12,211,Textiles,478,447.07,Night,0,0.273
9782,2022-12-31,22,139,Electronics,529,479.15,Night,0,0.143
9783,2022-12-31,12,336,Electronics,1137,519.48,Night,0,0.213
9784,2022-12-31,18,514,Food,417,518.31,Night,0,0.104
9785,2022-12-31,20,479,Raw Materials,448,583.37,Day,0,0.142
9786,2023-01-01,41,197,Vehicles,476,523.98,Day,0,0.007
9787,2023-01-01,7,116,Machinery,1233,420.92,Day,0,0.2
9788,2023-01-01,31,291,Chemicals,497,445.5,Day,0,0.252
9789,2023-01-01,11,246,Raw Materials,1157,465.13,Night,0,0.071
9790,2023-01-01,36,220,Machinery,227,445.78,Night,0,0.175
9791,2023-01-01,5,403,Food,769,504.03,Day,0,0.129
9792,2023-01-01,45,53,Machinery,1423,511.9,Night,0,0.229
9793,2023-01-01,41,7,Chemicals,650,496.77,Night,0,0.118
9794,2023-01-01,34,607,Chemicals,600,490.8,Day,0,0.102
9795,2023-01-02,29,444,Chemicals,1139,557.19,Night,0,0.238
9796,2023-01-02,2,536,Vehicles,1026,436.74,Night,0,0.044
9797,2023-01-02,40,464,Textiles,149,482.96,Day,0,0.224
9798,2023-01-02,5,305,Electronics,1500,505.72,Day,0,0.113
9799,2023-01-02,17,54,Textiles,1209,545.89,Night,0,0.153
9800,2023-01-02,34,346,Vehicles,803,548.5,Night,0,0.266
9801,2023-01-03,8,400,Chemicals,1428,639.2,Night,0,0.221
9802,2023-01-03,4,538,Raw Materials,1440,573.35,Day,0,0.076
9803,2023-01-03,36,327,Electronics,267,492.89,Day,0,0.109
9804,2023-01-03,20,433,Chemicals,606,487.94,Day,0,0.225
9805,2023-01-03,31,583,Chemicals,996,640.34,Night,0,0.03
9806,2023-01-03,30,27,Textiles,1417,486.82,Night,0,0.24
9807,2023-01-03,15,202,Electronics,352,472.35,Night,0,0.23
9808,2023-01-04,34,417,Electronics,631,484.69,Night,0,0.271
9809,2023-01-04,14,418,Machinery,476,427.44,Night,0,0.103
9810,2023-01-04,46,349,Electronics,1306,1401.05,Day,1,0.819
9811,2023-01-04,8,192,Textiles,662,584.9,Night,0,0.017
9812,2023-01-04,43,254,Machinery,605,519.9,Day,0,0.084
9813,2023-01-04,4,16,Textiles,1042,491.7,Night,0,0.141
9814,2023-01-04,28,529,Raw Materials,882,489.16,Night,0,0.251
9815,2023-01-04,39,156,Raw Materials,795,520.19,Night,0,0.267
9816,2023-01-04,25,582,Food,932,525.08,Night,0,0.002
9817,2023-01-04,12,16,Machinery,662,466.92,Night,0,0.149
9818,2023-01-05,24,632,Textiles,957,546.62,Night,0,0.201
9819,2023-01-05,31,271,Raw Materials,542,533.52,Day,0,0.253
9820,2023-01-05,35,247,Raw Materials,587,621.32,Night,0,0.141
9821,2023-01-05,16,473,Chemicals,903,562.99,Night,0,0.143
9822,2023-01-05,15,612,Machinery,1416,469.09,Day,0,0.057
9823,2023-01-05,17,389,Chemicals,361,458.43,Day,0,0.113
9824,2023-01-05,14,514,Textiles,313,505.43,Night,0,0.138
9825,2023-01-05,10,347,Chemicals,765,455.55,Day,0,0.235
9826,2023-01-05,12,316,Vehicles,206,514.04,Night,0,0.257
9827,2023-01-05,39,527,Vehicles,1173,556.02,Day,0,0.011
9828,2023-01-05,26,3,Textiles,1380,517.98,Day,0,0.016
9829,2023-01-06,32,561,Textiles,539,453.9,Night,0,0.266
9830,2023-01-06,30,186,Textiles,374,1553.06,Day,1,0.734
9831,2023-01-06,20,573,Food,1023,462.22,Night,0,0.004
9832,2023-01-06,12,63,Chemicals,630,1255.34,Day,1,0.904
9833,2023-01-06,36,85,Textiles,1386,563.26,Night,0,0.282
9834,2023-01-06,10,267,Machinery,612,936.4,Night,1,0.885
9835,2023-01-06,1,308,Machinery,1223,559.7,Day,0,0.112
9836,2023-01-06,30,230,Electronics,944,541.7,Night,0,0.295
9837,2023-01-06,17,41,Raw Materials,262,494.09,Night,0,0.056
9838,2023-01-06,37,383,Chemicals,1026,497.24,Day,0,0.034
9839,2023-01-06,11,233,Raw Materials,352,496.29,Day,0,0.179
9840,2023-01-07,27,564,Vehicles,1058,552.74,Day,0,0.092
9841,2023-01-07,6,295,Raw Materials,364,480.09,Night,0,0.27
9842,2023-01-07,10,101,Machinery,200,457.18,Night,0,0.201
9843,2023-01-07,11,309,Food,911,568.26,Night,0,0.291
9844,2023-01-07,9,506,Textiles,817,496.41,Day,0,0.021
9845,2023-01-07,30,56,Vehicles,819,485.47,Day,0,0.254
9846,2023-01-07,30,556,Textiles,1112,465.62,Day,0,0.264
9847,2023-01-07,7,469,Machinery,1364,488.03,Night,0,0.065
9848,2023-01-07,39,226,Vehicles,1318,477.85,Night,0,0.099
9849,2023-01-07,32,190,Chemicals,205,512.52,Day,0,0.091
9850,2023-01-08,8,266,Textiles,1395,557.65,Night,0,0.265
9851,2023-01-08,38,233,Electronics,533,479.3,Day,0,0.296
9852,2023-01-08,37,139,Raw Materials,762,493.1,Day,0,0.208
9853,2023-01-08,9,286,Machinery,328,555.44,Day,0,0.056
9854,2023-01-08,36,341,Raw Materials,113,514.06,Day,0,0.002
9855,2023-01-08,5,422,Raw Materials,185,499.92,Night,0,0.21
9856,2023-01-09,43,410,Electronics,326,488.89,Day,0,0.167
9857,2023-01-09,28,628,Food,600,565.93,Day,0,0.091
9858,2023-01-09,33,151,Textiles,1280,462.68,Day,0,0.051
9859,2023-01-09,25,151,Food,230,410.56,Night,0,0.271
9860,2023-01-09,27,299,Food,137,498.01,Day,0,0.11
9861,2023-01-09,32,339,Textiles,277,540.73,Night,0,0.101
9862,2023-01-09,12,616,Raw Materials,292,546.77,Day,0,0.07
9863,2023-01-09,9,530,Raw Materials,420,531.14,Day,0,0.073
9864,2023-01-09,46,490,Raw Materials,978,583.84,Day,0,0.081
9865,2023-01-09,29,107,Textiles,293,409.16,Day,0,0.202
9866,2023-01-09,29,204,Textiles,1073,578.19,Day,0,0.203
9867,2023-01-09,1,240,Food,1175,516.58,Night,0,0.05
9868,2023-01-10,43,295,Machinery,651,492.76,Day,0,0.223
9869,2023-01-10,41,391,Machinery,849,553.12,Night,0,0.15
9870,2023-01-10,46,321,Chemicals,1283,499.93,Day,0,0.04
9871,2023-01-10,41,393,Vehicles,780,463.97,Night,0,0.059
9872,2023-01-10,2,75,Textiles,102,501.39,Night,0,0.168
9873,2023-01-10,17,13,Electronics,1296,571.2,Day,0,0.235
9874,2023-01-10,13,396,Food,856,614.93,Night,0,0.06
9875,2023-01-10,38,46,Machinery,1269,489.84,Night,0,0.232
9876,2023-01-11,2,401,Raw Materials,717,517.06,Night,0,0.255
9877,2023-01-11,5,340,Electronics,1094,498.82,Night,0,0.015
9878,2023-01-11,9,539,Raw Materials,668,506.53,Day,0,0.197
9879,2023-01-11,35,274,Food,771,509.08,Night,0,0.252
9880,2023-01-11,11,633,Raw Materials,1215,1340.74,Day,1,0.99
9881,2023-01-11,44,281,Electronics,207,505.45,Night,0,0.13
9882,2023-01-11,37,496,Textiles,203,489.35,Night,0,0.288
9883,2023-01-11,28,264,Food,717,563.1,Night,0,0.034
9884,2023-01-12,38,417,Vehicles,1124,564.7,Day,0,0.146
9885,2023-01-12,30,595,Raw Materials,700,420.68,Day,0,0.29
9886,2023-01-12,13,370,Chemicals,363,495.87,Night,0,0.2
9887,2023-01-12,6,324,Raw Materials,1476,491.02,Day,0,0.178
9888,2023-01-12,36,71,Machinery,753,512.91,Night,0,0.299
9889,2023-01-12,3,80,Food,731,473.83,Night,0,0.111
9890,2023-01-12,16,489,Textiles,177,503.23,Night,0,0.044
9891,2023-01-12,1,229,Raw Materials,1161,449.25,Day,0,0.284
9892,2023-01-12,37,394,Machinery,1178,512.41,Day,0,0.228
9893,2023-01-13,10,137,Vehicles,218,473.84,Night,0,0.247
9894,2023-01-13,29,235,Chemicals,397,502.9,Day,0,0.211
9895,2023-01-13,26,38,Machinery,835,500.14,Day,0,0.213
9896,2023-01-13,34,212,Electronics,1357,575.07,Day,0,0.189
9897,2023-01-13,9,280,Chemicals,736,449.31,Day,0,0.249
9898,2023-01-13,27,81,Raw Materials,779,475.46,Night,0,0.211
9899,2023-01-13,10,449,Machinery,503,580.07,Night,0,0.198
9900,2023-01-13,38,298,Machinery,1005,518.71,Night,0,0.118
9901,2023-01-13,15,211,Textiles,415,1590.88,Day,1,0.948
9902,2023-01-13,32,269,Raw Materials,496,580.91,Day,0,0.131
9903,2023-01-13,19,490,Chemicals,633,552.84,Night,0,0.226
9904,2023-01-13,41,458,Raw Materials,1483,538.29,Night,0,0.287
9905,2023-01-14,6,383,Chemicals,298,385.4,Day,0,0.182
9906,2023-01-14,9,89,Electronics,847,484.02,Night,0,0.122
9907,2023-01-14,16,524,Electronics,1230,499.41,Night,0,0.276
9908,2023-01-14,41,229,Chemicals,393,496.67,Day,0,0.067
9909,2023-01-14,21,338,Chemicals,1323,506.7,Night,0,0.212
9910,2023-01-14,45,333,Electronics,106,501.45,Night,0,0.213
9911,2023-01-14,19,144,Textiles,455,557.59,Day,0,0.243
9912,2023-01-14,40,425,Raw Materials,196,411.21,Night,0,0.268
9913,2023-01-15,3,399,Electronics,274,1069.19,Day,1,0.763
9914,2023-01-15,43,164,Food,724,426.75,Day,0,0.206
9915,2023-01-15,17,327,Raw Materials,980,1113.74,Day,1,0.843
9916,2023-01-15,20,103,Electronics,909,459.19,Day,0,0.152
9917,2023-01-15,17,322,Chemicals,443,538.74,Night,0,0.146
9918,2023-01-15,18,551,Chemicals,1271,519.0,Night,0,0.221
9919,2023-01-16,4,612,Vehicles,211,537.02,Night,0,0.024
9920,2023-01-16,23,98,Vehicles,163,420.33,Night,0,0.021
9921,2023-01-16,4,544,Machinery,858,567.75,Day,0,0.198
9922,2023-01-16,24,65,Vehicles,511,584.44,Night,0,0.046
9923,2023-01-16,46,632,Textiles,567,505.5,Day,0,0.083
9924,2023-01-16,39,340,Vehicles,263,477.09,Day,0,0.29
9925,2023-01-16,46,546,Electronics,953,526.72,Day,0,0.285
9926,2023-01-16,21,458,Raw Materials,1306,569.91,Night,0,0.272
9927,2023-01-16,44,190,Machinery,1373,448.27,Night,0,0.051
9928,2023-01-16,34,604,Chemicals,1181,473.06,Night,0,0.169
9929,2023-01-16,27,522,Electronics,478,506.46,Day,0,0.058
9930,2023-01-17,3,328,Machinery,924,464.28,Night,0,0.271
9931,2023-01-17,11,295,Food,390,500.92,Night,0,0.269
9932,2023-01-17,13,159,Food,268,454.98,Night,0,0.113
9933,2023-01-17,39,68,Vehicles,1199,515.67,Night,0,0.259
9934,2023-01-17,8,245,Textiles,145,553.77,Night,0,0.128
9935,2023-01-17,11,133,Chemicals,251,404.6,Night,0,0.054
9936,2023-01-18,4,303,Vehicles,1488,574.6,Day,0,0.294
9937,2023-01-18,7,492,Electronics,1461,487.0,Night,0,0.15
9938,2023-01-18,31,222,Food,145,458.67,Night,0,0.246
9939,2023-01-18,18,156,Vehicles,1213,551.29,Day,0,0.089
9940,2023-01-18,34,429,Food,1315,508.01,Day,0,0.075
9941,2023-01-18,45,78,Chemicals,893,476.49,Day,0,0.097
9942,2023-01-18,13,125,Raw Materials,126,469.89,Night,0,0.194
9943,2023-01-18,3,636,Chemicals,233,533.33,Day,0,0.273
9944,2023-01-18,15,178,Food,117,390.63,Day,0,0.266
9945,2023-01-18,34,302,Vehicles,1119,514.33,Day,0,0.266
9946,2023-01-18,27,144,Raw Materials,398,537.84,Day,0,0.226
9947,2023-01-18,33,512,Food,152,516.3,Night,0,0.041
9948,2023-01-19,28,21,Textiles,469,522.07,Day,0,0.169
9949,2023-01-19,27,335,Machinery,628,626.22,Day,0,0.237
9950,2023-01-19,5,143,Machinery,583,449.69,Night,0,0.155
9951,2023-01-19,2,331,Raw Materials,117,1421.87,Day,1,0.982
9952,2023-01-19,13,324,Machinery,1070,490.0,Day,0,0.225
9953,2023-01-19,36,550,Textiles,583,549.26,Night,0,0.105
9954,2023-01-19,43,264,Textiles,745,469.33,Day,0,0.196
9955,2023-01-19,42,250,Chemicals,1420,508.88,Day,0,0.297
9956,2023-01-19,21,20,Textiles,1177,568.87,Night,0,0.259
9957,2023-01-20,14,530,Chemicals,763,559.1,Day,0,0.274
9958,2023-01-20,31,557,Raw Materials,906,506.78,Day,0,0.226
9959,2023-01-20,36,374,Raw Materials,1088,522.2,Night,0,0.179
9960,2023-01-20,26,513,Vehicles,747,434.82,Night,0,0.144
9961,2023-01-20,4,98,Textiles,517,455.15,Day,0,0.068
9962,2023-01-20,32,13,Food,730,522.07,Night,0,0.213
9963,2023-01-20,7,343,Vehicles,282,520.28,Night,0,0.29
9964,2023-01-21,5,314,Electronics,1344,490.56,Night,0,0.067
9965,2023-01-21,42,569,Chemicals,826,527.29,Day,0,0.025
9966,2023-01-21,1,112,Textiles,150,483.7,Day,0,0.199
9967,2023-01-21,20,175,Machinery,724,560.14,Day,0,0.01
9968,2023-01-21,34,112,Vehicles,912,496.29,Day,0,0.273
9969,2023-01-21,23,104,Raw Materials,393,457.56,Night,0,0.096
9970,2023-01-21,24,565,Food,1111,559.41,Day,0,0.041
9971,2023-01-21,21,548,Food,1306,496.91,Night,0,0.036
9972,2023-01-21,6,393,Electronics,386,511.77,Day,0,0.091
9973,2023-01-22,28,488,Machinery,986,1452.35,Night,1,0.84
9974,2023-01-22,16,451,Food,811,437.98,Night,0,0.199
9975,2023-01-22,29,305,Electronics,1492,515.48,Day,0,0.115
9976,2023-01-22,6,94,Chemicals,833,466.89,Night,0,0.054
9977,2023-01-22,39,233,Chemicals,1276,474.34,Night,0,0.06
9978,2023-01-22,43,479,Textiles,611,448.32,Night,0,0.136
9979,2023-01-22,9,490,Electronics,543,590.89,Night,0,0.222
9980,2023-01-22,10,24,Electronics,520,536.72,Night,0,0.172
9981,2023-01-22,17,488,Vehicles,1234,468.88,Night,0,0.176
9982,2023-01-22,23,253,Food,273,573.87,Day,0,0.285
9983,2023-01-23,20,417,Vehicles,1212,492.16,Day,0,0.207
9984,2023-01-23,1,407,Machinery,729,1370.53,Night,1,0.912
9985,2023-01-23,15,488,Electronics,354,1431.68,Night,1,0.924
9986,2023-01-23,18,492,Vehicles,229,449.89,Night,0,0.04
9987,2023-01-23,31,181,Vehicles,585,468.16,Night,0,0.107
9988,2023-01-23,17,156,Food,534,524.72,Night,0,0.186
9989,2023-01-23,38,606,Textiles,740,521.94,Day,0,0.24
9990,2023-01-23,7,433,Machinery,679,522.66,Night,0,0.158
9991,2023-01-23,40,404,Vehicles,788,546.75,Day,0,0.005
9992,2023-01-24,17,291,Food,1197,459.54,Day,0,0.103
9993,2023-01-24,7,2,Machinery,1470,520.1,Day,0,0.134
9994,2023-01-24,28,26,Vehicles,643,492.6,Day,0,0.11
9995,2023-01-24,2,33,Vehicles,487,480.0,Night,0,0.227
9996,2023-01-24,10,88,Textiles,348,543.76,Day,0,0.287
9997,2023-01-24,39,304,Raw Materials,1176,592.77,Day,0,0.162
9998,2023-01-25,46,361,Machinery,708,531.56,Day,0,0.291
9999,2023-01-25,27,19,Chemicals,967,453.53,Day,0,0.205
10000,2023-01-25,33,396,Raw Materials,1169,464.73,Day,0,0.198
10001,2023-01-25,17,134,Machinery,408,524.06,Day,0,0.151
10002,2023-01-25,43,32,Raw Materials,1249,466.11,Day,0,0.293
10003,2023-01-25,28,357,Chemicals,417,537.47,Night,0,0.254
10004,2023-01-25,4,240,Chemicals,822,526.39,Day,0,0.14
10005,2023-01-25,8,401,Textiles,794,500.32,Day,0,0.179
10006,2023-01-25,43,296,Electronics,1219,456.52,Night,0,0.011
10007,2023-01-26,5,213,Raw Materials,1438,515.42,Day,0,0.108
10008,2023-01-26,30,410,Textiles,667,489.34,Night,0,0.218
10009,2023-01-26,36,331,Raw Materials,1038,504.04,Night,0,0.248
10010,2023-01-26,46,291,Machinery,534,501.75,Night,0,0.274
10011,2023-01-26,12,112,Machinery,347,456.29,Night,0,0.126
10012,2023-01-26,6,493,Raw Materials,1476,526.78,Day,0,0.109
10013,2023-01-27,23,567,Electronics,354,452.87,Night,0,0.005
10014,2023-01-27,6,11,Electronics,449,479.54,Day,0,0.261
10015,2023-01-27,38,41,Vehicles,309,479.22,Day,0,0.17
10016,2023-01-27,18,575,Food,100,512.76,Day,0,0.18
10017,2023-01-27,28,1,Vehicles,1072,551.12,Night,0,0.281
10018,2023-01-27,30,181,Electronics,488,416.62,Night,0,0.016
10019,2023-01-27,24,559,Vehicles,188,541.79,Day,0,0.23
10020,2023-01-27,19,213,Food,469,536.26,Night,0,0.147
10021,2023-01-28,33,227,Food,1418,554.65,Day,0,0.048
10022,2023-01-28,13,246,Electronics,542,546.15,Day,0,0.011
10023,2023-01-28,38,224,Vehicles,1152,512.75,Night,0,0.052
10024,2023-01-28,22,431,Electronics,1323,492.81,Day,0,0.058
10025,2023-01-28,7,290,Raw Materials,770,458.31,Night,0,0.045
10026,2023-01-28,23,348,Electronics,1189,562.91,Day,0,0.192
10027,2023-01-28,41,264,Raw Materials,730,1356.28,Night,1,0.76
10028,2023-01-28,26,205,Machinery,302,465.4,Night,0,0.129
10029,2023-01-28,42,540,Electronics,1066,512.44,Day,0,0.13
10030,2023-01-28,39,402,Food,181,496.7,Night,0,0.278
10031,2023-01-29,10,203,Machinery,720,1392.92,Night,1,0.952
10032,2023-01-29,10,84,Food,729,464.24,Day,0,0.223
10033,2023-01-29,6,196,Electronics,1138,503.87,Night,0,0.177
10034,2023-01-29,32,596,Raw Materials,414,576.02,Day,0,0.018
10035,2023-01-29,35,44,Machinery,1209,560.4,Night,0,0.233
10036,2023-01-29,21,625,Vehicles,1363,462.71,Day,0,0.177
10037,2023-01-30,10,121,Machinery,1303,551.22,Night,0,0.068
10038,2023-01-30,35,242,Machinery,1175,436.53,Night,0,0.123
10039,2023-01-30,28,86,Electronics,779,492.38,Night,0,0.006
10040,2023-01-30,1,243,Electronics,1376,1491.1,Night,1,0.86
10041,2023-01-30,26,71,Vehicles,622,559.78,Day,0,0.069
10042,2023-01-30,43,476,Electronics,1136,521.89,Day,0,0.297
10043,2023-01-30,31,308,Raw Materials,678,497.16,Night,0,0.013
10044,2023-01-30,29,267,Machinery,443,531.21,Night,0,0.164
10045,2023-01-30,37,249,Vehicles,753,505.47,Day,0,0.235
10046,2023-01-30,37,454,Machinery,235,499.21,Day,0,0.039
10047,2023-01-30,31,335,Electronics,1037,566.47,Day,0,0.262
10048,2023-01-31,12,550,Food,1394,548.48,Night,0,0.06
10049,2023-01-31,45,116,Raw Materials,196,1728.6,Day,1,0.832
10050,2023-01-31,6,136,Electronics,804,532.73,Night,0,0.284
10051,2023-01-31,33,376,Textiles,269,573.76,Night,0,0.168
10052,2023-01-31,4,61,Chemicals,739,508.85,Day,0,0.063
10053,2023-01-31,37,194,Vehicles,1074,490.25,Day,0,0.109
10054,2023-01-31,38,514,Electronics,839,535.25,Day,0,0.234
10055,2023-01-31,37,93,Machinery,1481,370.31,Day,0,0.102
10056,2023-02-01,29,622,Textiles,221,584.01,Day,0,0.072
10057,2023-02-01,25,559,Food,1169,622.03,Day,0,0.285
10058,2023-02-01,40,505,Chemicals,238,546.79,Day,0,0.098
10059,2023-02-01,33,173,Electronics,1203,497.74,Night,0,0.028
10060,2023-02-01,8,164,Vehicles,1218,539.7,Day,0,0.219
10061,2023-02-01,35,538,Textiles,293,523.65,Day,0,0.013
10062,2023-02-01,43,328,Chemicals,528,543.53,Night,0,0.046
10063,2023-02-01,38,368,Chemicals,388,526.91,Night,0,0.222
10064,2023-02-01,12,179,Machinery,1153,484.62,Day,0,0.192
10065,2023-02-01,2,339,Raw Materials,1222,456.52,Day,0,0.081
10066,2023-02-01,4,554,Machinery,1386,498.35,Day,0,0.048
10067,2023-02-01,14,412,Food,304,502.4,Day,0,0.112
10068,2023-02-02,14,296,Food,968,502.22,Day,0,0.236
10069,2023-02-02,19,74,Food,1474,566.51,Night,0,0.133
10070,2023-02-02,24,327,Chemicals,1100,513.13,Night,0,0.012
10071,2023-02-02,34,497,Vehicles,767,1544.11,Day,1,0.789
10072,2023-02-02,38,429,Chemicals,1421,564.56,Day,0,0.284
10073,2023-02-02,11,387,Vehicles,566,514.38,Day,0,0.033
10074,2023-02-02,29,608,Machinery,932,484.97,Night,0,0.278
10075,2023-02-02,13,479,Electronics,1027,573.88,Night,0,0.278
10076,2023-02-03,24,357,Chemicals,119,464.2,Day,0,0.251
10077,2023-02-03,45,321,Electronics,465,520.2,Day,0,0.236
10078,2023-02-03,8,167,Textiles,582,557.11,Night,0,0.189
10079,2023-02-03,23,519,Chemicals,271,571.59,Day,0,0.111
10080,2023-02-03,7,45,Vehicles,1337,432.41,Day,0,0.103
10081,2023-02-03,4,398,Raw Materials,863,440.91,Night,0,0.119
10082,2023-02-03,7,277,Electronics,1223,475.58,Day,0,0.09
10083,2023-02-03,23,133,Electronics,924,461.59,Night,0,0.222
10084,2023-02-03,17,504,Machinery,615,499.56,Day,0,0.218
10085,2023-02-04,9,304,Vehicles,1341,473.93,Night,0,0.069
10086,2023-02-04,8,388,Electronics,1019,466.95,Day,0,0.087
10087,2023-02-04,45,429,Vehicles,1242,424.01,Night,0,0.038
10088,2023-02-04,40,357,Raw Materials,955,527.12,Day,0,0.259
10089,2023-02-04,20,113,Machinery,1176,1319.44,Night,1,0.816
10090,2023-02-04,23,593,Textiles,1386,532.41,Day,0,0.073
10091,2023-02-04,9,308,Chemicals,752,583.93,Day,0,0.106
10092,2023-02-05,8,131,Food,1149,500.0,Night,0,0.213
10093,2023-02-05,25,147,Vehicles,1378,475.41,Night,0,0.102
10094,2023-02-05,43,424,Food,1278,507.82,Day,0,0.22
10095,2023-02-05,13,150,Textiles,1046,507.76,Day,0,0.062
10096,2023-02-05,41,544,Food,937,480.63,Day,0,0.047
10097,2023-02-05,34,455,Electronics,1373,440.13,Night,0,0.028
10098,2023-02-05,33,578,Electronics,366,561.83,Day,0,0.163
10099,2023-02-05,46,319,Chemicals,1190,486.68,Day,0,0.193
10100,2023-02-05,2,44,Electronics,1349,1206.4,Day,1,0.867
10101,2023-02-05,36,163,Textiles,655,504.21,Night,0,0.192
10102,2023-02-05,23,130,Machinery,1120,477.41,Day,0,0.157
10103,2023-02-05,25,50,Food,933,558.04,Day,0,0.028
10104,2023-02-06,45,398,Vehicles,1345,475.45,Day,0,0.256
10105,2023-02-06,16,177,Food,1108,499.86,Night,0,0.167
10106,2023-02-06,17,1,Chemicals,469,421.59,Night,0,0.026
10107,2023-02-06,39,541,Machinery,401,1121.35,Day,1,0.83
10108,2023-02-06,11,634,Machinery,400,573.94,Night,0,0.246
10109,2023-02-06,20,108,Textiles,924,474.99,Night,0,0.162
10110,2023-02-06,33,611,Food,1267,538.36,Day,0,0.266
10111,2023-02-06,45,159,Electronics,1340,421.21,Night,0,0.142
10112,2023-02-06,31,447,Machinery,1266,616.17,Day,0,0.252
10113,2023-02-06,35,580,Food,1094,452.98,Day,0,0.101
10114,2023-02-06,5,270,Food,1342,553.25,Night,0,0.069
10115,2023-02-06,18,205,Textiles,1317,560.72,Day,0,0.173
10116,2023-02-07,16,109,Vehicles,609,1450.68,Night,1,0.917
10117,2023-02-07,25,378,Textiles,527,535.46,Night,0,0.128
10118,2023-02-07,7,619,Machinery,682,466.05,Day,0,0.283
10119,2023-02-07,33,437,Vehicles,772,484.37,Night,0,0.142
10120,2023-02-07,29,374,Food,1478,1299.71,Day,1,0.805
10121,2023-02-07,25,111,Vehicles,1254,528.51,Day,0,0.199
10122,2023-02-07,24,44,Food,726,611.14,Day,0,0.162
10123,2023-02-07,23,58,Vehicles,978,506.56,Day,0,0.234
10124,2023-02-07,46,610,Chemicals,870,522.27,Night,0,0.083
10125,2023-02-07,26,85,Vehicles,977,472.4,Night,0,0.296
10126,2023-02-07,13,300,Vehicles,625,566.31,Day,0,0.181
10127,2023-02-07,16,556,Electronics,509,579.03,Night,0,0.141
10128,2023-02-08,43,195,Raw Materials,279,485.61,Day,0,0.034
10129,2023-02-08,10,397,Machinery,188,521.97,Day,0,0.218
10130,2023-02-08,31,635,Machinery,659,470.97,Night,0,0.193
10131,2023-02-08,32,21,Machinery,711,1040.43,Night,1,0.711
10132,2023-02-08,1,38,Textiles,1439,512.92,Day,0,0.282
10133,2023-02-08,45,409,Electronics,341,553.2,Day,0,0.25
10134,2023-02-08,36,492,Vehicles,1342,1169.15,Day,1,0.792
10135,2023-02-09,10,419,Chemicals,674,1414.39,Night,1,0.932
10136,2023-02-09,46,491,Raw Materials,401,531.35,Night,0,0.254
10137,2023-02-09,10,129,Chemicals,228,567.96,Day,0,0.235
10138,2023-02-09,2,484,Food,1494,493.17,Night,0,0.103
10139,2023-02-09,14,156,Machinery,350,537.21,Night,0,0.061
10140,2023-02-09,31,41,Raw Materials,801,477.51,Day,0,0.244
10141,2023-02-09,20,319,Vehicles,963,564.38,Day,0,0.21
10142,2023-02-10,37,527,Vehicles,1441,478.21,Night,0,0.21
10143,2023-02-10,18,492,Machinery,1411,520.69,Day,0,0.289
10144,2023-02-10,7,506,Machinery,1232,445.39,Night,0,0.202
10145,2023-02-10,41,410,Raw Materials,628,445.23,Day,0,0.009
10146,2023-02-10,6,303,Raw Materials,1032,982.72,Night,1,0.705
10147,2023-02-10,7,497,Vehicles,565,447.92,Day,0,0.191
10148,2023-02-10,34,431,Chemicals,345,534.18,Day,0,0.156
10149,2023-02-10,14,626,Food,1016,576.73,Night,0,0.026
10150,2023-02-10,40,636,Raw Materials,1274,536.84,Night,0,0.051
10151,2023-02-10,45,256,Raw Materials,381,1285.8,Night,1,0.709
10152,2023-02-10,46,398,Textiles,1298,474.54,Night,0,0.097
10153,2023-02-11,18,282,Textiles,124,498.75,Day,0,0.047
10154,2023-02-11,43,531,Raw Materials,336,459.39,Day,0,0.239
10155,2023-02-11,38,437,Electronics,1133,517.5,Day,0,0.143
10156,2023-02-11,43,348,Textiles,1125,592.2,Day,0,0.168
10157,2023-02-11,41,605,Chemicals,718,578.35,Night,0,0.054
10158,2023-02-11,25,231,Food,1312,384.42,Night,0,0.088
10159,2023-02-11,38,634,Electronics,1016,498.87,Night,0,0.16
10160,2023-02-11,11,160,Vehicles,656,1171.69,Day,1,0.71
10161,2023-02-11,33,580,Machinery,725,648.85,Night,0,0.149
10162,2023-02-11,10,573,Machinery,822,452.13,Day,0,0.156
10163,2023-02-11,29,386,Machinery,1277,504.02,Day,0,0.037
10164,2023-02-12,7,315,Textiles,423,502.07,Night,0,0.187
10165,2023-02-12,14,513,Vehicles,1480,518.75,Night,0,0.067
10166,2023-02-12,16,385,Textiles,778,554.34,Day,0,0.151
10167,2023-02-12,42,602,Electronics,1410,531.03,Day,0,0.216
10168,2023-02-12,15,545,Textiles,1177,1182.58,Night,1,0.838
10169,2023-02-12,21,99,Food,464,469.52,Day,0,0.222
10170,2023-02-12,6,20,Electronics,506,1232.15,Day,1,0.802
10171,2023-02-13,43,487,Electronics,1049,463.43,Night,0,0.084
10172,2023-02-13,20,564,Raw Materials,1133,477.74,Night,0,0.269
10173,2023-02-13,28,39,Chemicals,1344,432.27,Day,0,0.194
10174,2023-02-13,35,189,Food,926,491.94,Day,0,0.14
10175,2023-02-13,11,481,Electronics,1237,487.97,Day,0,0.234
10176,2023-02-13,9,117,Vehicles,368,476.02,Night,0,0.074
10177,2023-02-13,1,445,Machinery,1203,589.33,Night,0,0.075
10178,2023-02-14,38,295,Electronics,1025,503.54,Day,0,0.279
10179,2023-02-14,9,30,Raw Materials,459,1657.1,Night,1,0.963
10180,2023-02-14,19,223,Raw Materials,1144,588.5,Night,0,0.115
10181,2023-02-14,14,131,Vehicles,643,524.63,Night,0,0.087
10182,2023-02-14,4,339,Chemicals,686,507.28,Day,0,0.175
10183,2023-02-14,1,362,Textiles,1391,542.95,Day,0,0.104
10184,2023-02-14,13,463,Food,125,599.79,Day,0,0.265
10185,2023-02-14,42,394,Food,1423,522.08,Day,0,0.11
10186,2023-02-14,17,89,Vehicles,464,510.95,Day,0,0.152
10187,2023-02-15,4,147,Raw Materials,545,436.87,Day,0,0.174
10188,2023-02-15,11,214,Chemicals,1301,559.31,Day,0,0.214
10189,2023-02-15,46,287,Food,294,609.77,Night,0,0.126
10190,2023-02-15,44,3,Raw Materials,1194,442.01,Night,0,0.002
10191,2023-02-15,29,414,Food,1428,470.8,Night,0,0.011
10192,2023-02-15,32,106,Vehicles,859,435.32,Day,0,0.184
10193,2023-02-16,16,253,Chemicals,1220,479.56,Day,0,0.152
10194,2023-02-16,28,3,Food,360,456.73,Night,0,0.023
10195,2023-02-16,7,169,Chemicals,823,500.59,Night,0,0.179
10196,2023-02-16,18,405,Vehicles,1112,464.86,Night,0,0.215
10197,2023-02-16,22,25,Machinery,741,452.48,Night,0,0.038
10198,2023-02-16,18,514,Vehicles,753,459.82,Day,0,0.284
10199,2023-02-16,24,65,Food,727,531.5,Day,0,0.249
10200,2023-02-16,24,9,Machinery,859,383.16,Night,0,0.253
10201,2023-02-16,22,308,Chemicals,1126,455.28,Day,0,0.126
10202,2023-02-16,11,584,Vehicles,692,498.42,Night,0,0.007
10203,2023-02-16,21,468,Vehicles,1403,438.63,Night,0,0.062
10204,2023-02-17,11,37,Textiles,1227,480.92,Day,0,0.118
10205,2023-02-17,6,88,Vehicles,1326,456.9,Day,0,0.012
10206,2023-02-17,34,433,Raw Materials,1419,531.36,Night,0,0.195
10207,2023-02-17,16,374,Textiles,1285,539.06,Day,0,0.139
10208,2023-02-17,7,454,Electronics,643,472.47,Day,0,0.167
10209,2023-02-17,11,242,Food,347,498.49,Night,0,0.263
10210,2023-02-17,16,259,Machinery,997,489.96,Night,0,0.152
10211,2023-02-17,35,7,Textiles,1459,515.24,Night,0,0.231
10212,2023-02-18,32,285,Electronics,184,510.83,Night,0,0.037
10213,2023-02-18,24,446,Chemicals,1393,567.24,Night,0,0.22
10214,2023-02-18,33,274,Food,1034,575.67,Night,0,0.194
10215,2023-02-18,13,618,Raw Materials,1160,1772.81,Day,1,0.847
10216,2023-02-18,25,597,Food,1222,550.12,Night,0,0.026
10217,2023-02-18,22,630,Electronics,333,513.77,Day,0,0.133
10218,2023-02-18,7,467,Vehicles,116,534.76,Day,0,0.202
10219,2023-02-19,5,195,Food,114,516.31,Night,0,0.22
10220,2023-02-19,46,108,Chemicals,798,466.72,Night,0,0.199
10221,2023-02-19,40,632,Electronics,1079,493.61,Night,0,0.115
10222,2023-02-19,19,61,Raw Materials,896,509.46,Day,0,0.096
10223,2023-02-19,22,201,Food,651,428.63,Night,0,0.271
10224,2023-02-19,44,32,Machinery,417,512.68,Day,0,0.104
10225,2023-02-20,28,110,Vehicles,1195,425.74,Night,0,0.149
10226,2023-02-20,21,18,Food,1233,453.33,Day,0,0.226
10227,2023-02-20,3,174,Electronics,1497,512.83,Night,0,0.106
10228,2023-02-20,45,488,Electronics,1389,604.5,Night,0,0.108
10229,2023-02-20,9,511,Chemicals,1499,596.32,Day,0,0.059
10230,2023-02-20,21,314,Machinery,1237,456.8,Night,0,0.017
10231,2023-02-20,21,177,Raw Materials,1445,543.06,Night,0,0.214
10232,2023-02-20,14,345,Textiles,1092,520.51,Day,0,0.227
10233,2023-02-20,29,614,Vehicles,926,638.83,Day,0,0.024
10234,2023-02-20,20,266,Electronics,563,430.46,Night,0,0.059
10235,2023-02-20,10,270,Raw Materials,622,543.54,Day,0,0.204
10236,2023-02-20,33,578,Food,1331,489.96,Day,0,0.09
10237,2023-02-21,35,155,Chemicals,1039,488.56,Night,0,0.152
10238,2023-02-21,38,206,Chemicals,645,490.05,Night,0,0.262
10239,2023-02-21,2,297,Electronics,893,574.44,Day,0,0.212
10240,2023-02-21,26,130,Electronics,1141,506.71,Night,0,0.168
10241,2023-02-21,14,54,Vehicles,1283,524.19,Day,0,0.046
10242,2023-02-21,39,183,Machinery,150,515.97,Night,0,0.214
10243,2023-02-21,26,509,Electronics,1209,551.95,Day,0,0.24
10244,2023-02-21,29,503,Vehicles,351,566.69,Day,0,0.099
10245,2023-02-21,26,233,Textiles,883,509.44,Night,0,0.244
10246,2023-02-21,34,288,Textiles,937,510.65,Day,0,0.048
10247,2023-02-21,38,528,Chemicals,943,451.4,Day,0,0.143
10248,2023-02-22,1,53,Electronics,1388,473.56,Day,0,0.093
10249,2023-02-22,6,330,Textiles,1287,567.28,Night,0,0.045
10250,2023-02-22,35,465,Vehicles,1198,481.93,Night,0,0.275
10251,2023-02-22,44,197,Textiles,1441,502.49,Day,0,0.039
10252,2023-02-22,6,335,Chemicals,1404,589.5,Night,0,0.282
10253,2023-02-22,1,548,Vehicles,940,618.89,Day,0,0.055
10254,2023-02-22,33,481,Machinery,577,458.73,Night,0,0.292
10255,2023-02-23,1,608,Electronics,703,512.84,Day,0,0.057
10256,2023-02-23,28,177,Machinery,1414,504.74,Night,0,0.112
10257,2023-02-23,39,418,Electronics,1265,477.71,Night,0,0.072
10258,2023-02-23,46,10,Vehicles,932,517.31,Day,0,0.126
10259,2023-02-23,34,48,Chemicals,1415,478.95,Day,0,0.169
10260,2023-02-23,37,417,Machinery,464,422.3,Night,0,0.173
10261,2023-02-23,14,468,Electronics,425,466.03,Night,0,0.205
10262,2023-02-23,43,453,Vehicles,874,485.76,Night,0,0.226
10263,2023-02-23,22,48,Chemicals,120,516.95,Day,0,0.206
10264,2023-02-23,15,23,Textiles,367,463.08,Day,0,0.202
10265,2023-02-23,29,287,Food,302,612.67,Day,0,0.065
10266,2023-02-23,27,479,Electronics,1070,421.16,Day,0,0.205
10267,2023-02-24,42,603,Electronics,654,520.77,Day,0,0.28
10268,2023-02-24,30,178,Electronics,1156,473.64,Day,0,0.111
10269,2023-02-24,44,11,Vehicles,315,418.7,Day,0,0.085
10270,2023-02-24,35,608,Chemicals,360,1570.2,Night,1,0.984
10271,2023-02-24,31,251,Food,588,465.45,Night,0,0.112
10272,2023-02-24,16,367,Vehicles,226,460.44,Day,0,0.297
10273,2023-02-24,37,43,Machinery,920,483.16,Day,0,0.079
10274,2023-02-24,29,164,Vehicles,676,522.24,Day,0,0.205
10275,2023-02-24,26,429,Machinery,1373,430.21,Night,0,0.129
10276,2023-02-24,22,8,Chemicals,833,1259.5,Day,1,0.933
10277,2023-02-24,4,105,Vehicles,375,371.18,Night,0,0.187
10278,2023-02-24,26,35,Electronics,1030,554.64,Day,0,0.109
10279,2023-02-25,33,352,Textiles,1462,518.74,Night,0,0.209
10280,2023-02-25,42,425,Chemicals,454,467.55,Day,0,0.289
10281,2023-02-25,39,266,Vehicles,1093,535.41,Night,0,0.066
10282,2023-02-25,16,613,Electronics,456,494.46,Night,0,0.066
10283,2023-02-25,3,447,Textiles,557,565.18,Day,0,0.219
10284,2023-02-25,42,64,Electronics,1356,474.03,Night,0,0.143
10285,2023-02-25,35,49,Textiles,1053,505.14,Day,0,0.196
10286,2023-02-25,37,206,Vehicles,279,479.3,Night,0,0.256
10287,2023-02-25,22,392,Raw Materials,1486,522.58,Night,0,0.082
10288,2023-02-25,3,454,Chemicals,1397,534.87,Night,0,0.229
10289,2023-02-25,43,65,Machinery,802,535.1,Day,0,0.292
10290,2023-02-26,29,116,Raw Materials,553,464.71,Night,0,0.28
10291,2023-02-26,37,237,Electronics,1044,464.25,Night,0,0.265
10292,2023-02-26,33,489,Electronics,418,620.72,Day,0,0.278
10293,2023-02-26,36,176,Raw Materials,907,576.89,Day,0,0.071
10294,2023-02-26,19,71,Electronics,451,519.19,Day,0,0.022
10295,2023-02-26,37,138,Machinery,150,442.62,Day,0,0.276
10296,2023-02-26,40,194,Electronics,1322,445.23,Night,0,0.262
10297,2023-02-26,12,429,Chemicals,404,410.75,Day,0,0.271
10298,2023-02-26,1,157,Chemicals,1211,466.94,Day,0,0.049
10299,2023-02-26,10,275,Electronics,897,537.84,Day,0,0.288
10300,2023-02-26,34,415,Electronics,921,495.83,Day,0,0.256
10301,2023-02-26,44,525,Food,1028,482.77,Day,0,0.29
10302,2023-02-27,1,180,Machinery,1299,436.64,Night,0,0.174
10303,2023-02-27,18,323,Vehicles,1242,553.61,Day,0,0.232
10304,2023-02-27,28,136,Textiles,438,586.05,Night,0,0.186
10305,2023-02-27,11,340,Textiles,1176,563.61,Day,0,0.068
10306,2023-02-27,18,54,Vehicles,481,601.54,Day,0,0.08
10307,2023-02-27,40,37,Machinery,699,507.72,Night,0,0.281
10308,2023-02-27,40,233,Chemicals,639,581.79,Day,0,0.228
10309,2023-02-27,35,182,Textiles,201,388.76,Night,0,0.252
10310,2023-02-27,20,346,Chemicals,639,581.81,Night,0,0.223
10311,2023-02-27,18,121,Raw Materials,377,503.59,Day,0,0.125
10312,2023-02-28,24,187,Electronics,1454,557.21,Day,0,0.202
10313,2023-02-28,5,612,Chemicals,493,591.35,Night,0,0.1
10314,2023-02-28,1,258,Raw Materials,402,493.57,Night,0,0.197
10315,2023-02-28,4,363,Machinery,1498,461.87,Day,0,0.183
10316,2023-02-28,1,463,Vehicles,332,503.94,Night,0,0.19
10317,2023-02-28,36,487,Chemicals,1451,531.38,Night,0,0.215
10318,2023-02-28,2,176,Electronics,424,410.37,Day,0,0.261
10319,2023-02-28,30,573,Textiles,836,578.69,Night,0,0.001
10320,2023-02-28,21,501,Vehicles,427,538.24,Day,0,0.19
10321,2023-02-28,44,239,Electronics,211,517.76,Day,0,0.252
10322,2023-02-28,8,63,Electronics,1261,509.25,Day,0,0.246
10323,2023-02-28,11,116,Chemicals,1213,544.79,Day,0,0.1
10324,2023-03-01,7,477,Machinery,851,466.44,Day,0,0.017
10325,2023-03-01,6,404,Vehicles,676,555.53,Day,0,0.269
10326,2023-03-01,24,228,Electronics,1268,458.86,Night,0,0.174
10327,2023-03-01,21,310,Chemicals,205,459.57,Day,0,0.213
10328,2023-03-01,15,481,Vehicles,867,569.19,Day,0,0.275
10329,2023-03-01,22,320,Raw Materials,1349,485.74,Night,0,0.299
10330,2023-03-01,26,415,Food,1093,537.69,Day,0,0.077
10331,2023-03-01,18,158,Electronics,1359,531.32,Day,0,0.235
10332,2023-03-02,3,70,Vehicles,224,495.55,Night,0,0.218
10333,2023-03-02,28,471,Food,600,557.68,Day,0,0.272
10334,2023-03-02,40,221,Electronics,1131,512.72,Night,0,0.004
10335,2023-03-02,18,180,Chemicals,816,481.94,Day,0,0.165
10336,2023-03-02,8,241,Chemicals,1210,510.72,Night,0,0.034
10337,2023-03-02,6,287,Vehicles,593,968.84,Night,1,0.874
10338,2023-03-03,46,593,Vehicles,807,484.66,Day,0,0.1
10339,2023-03-03,32,154,Machinery,1226,474.09,Night,0,0.031
10340,2023-03-03,9,569,Machinery,335,616.72,Day,0,0.06
10341,2023-03-03,26,146,Chemicals,1396,500.57,Night,0,0.3
10342,2023-03-03,43,204,Textiles,569,526.93,Night,0,0.108
10343,2023-03-03,20,273,Food,755,511.65,Day,0,0.042
10344,2023-03-03,36,187,Electronics,120,552.38,Night,0,0.258
10345,2023-03-03,26,143,Textiles,963,510.39,Night,0,0.233
10346,2023-03-03,20,484,Electronics,1409,515.55,Night,0,0.148
10347,2023-03-03,33,598,Vehicles,422,471.08,Night,0,0.069
10348,2023-03-03,46,634,Raw Materials,418,508.59,Night,0,0.239
10349,2023-03-04,4,315,Vehicles,431,479.51,Night,0,0.264
10350,2023-03-04,2,254,Raw Materials,770,558.96,Day,0,0.224
10351,2023-03-04,14,67,Electronics,534,481.34,Day,0,0.152
10352,2023-03-04,43,496,Electronics,1021,517.98,Night,0,0.231
10353,2023-03-04,5,622,Vehicles,940,613.87,Day,0,0.232
10354,2023-03-04,16,108,Food,1025,569.27,Night,0,0.195
10355,2023-03-04,20,191,Textiles,1447,452.62,Night,0,0.171
10356,2023-03-04,17,411,Electronics,967,1165.84,Day,1,0.706
10357,2023-03-04,20,345,Food,723,473.69,Day,0,0.035
10358,2023-03-04,22,43,Food,327,439.99,Night,0,0.258
10359,2023-03-05,35,19,Electronics,921,478.87,Day,0,0.018
10360,2023-03-05,21,475,Electronics,607,461.19,Night,0,0.031
10361,2023-03-05,8,91,Vehicles,373,588.28,Night,0,0.013
10362,2023-03-05,13,429,Machinery,118,432.56,Night,0,0.046
10363,2023-03-05,45,484,Raw Materials,819,438.19,Day,0,0.129
10364,2023-03-05,4,404,Food,1430,469.78,Night,0,0.178
10365,2023-03-05,7,339,Raw Materials,645,549.72,Day,0,0.182
10366,2023-03-05,7,386,Food,503,579.54,Day,0,0.204
10367,2023-03-05,26,263,Raw Materials,553,515.81,Night,0,0.296
10368,2023-03-05,16,7,Food,1480,457.69,Day,0,0.195
10369,2023-03-05,3,540,Chemicals,740,627.06,Day,0,0.16
10370,2023-03-05,33,562,Electronics,279,534.36,Day,0,0.122
10371,2023-03-06,33,422,Machinery,1209,511.72,Night,0,0.197
10372,2023-03-06,10,116,Machinery,204,594.25,Day,0,0.261
10373,2023-03-06,41,114,Textiles,1296,451.21,Night,0,0.001
10374,2023-03-06,10,15,Raw Materials,533,604.3,Day,0,0.006
10375,2023-03-06,40,117,Food,379,457.92,Night,0,0.074
10376,2023-03-06,38,572,Electronics,391,557.47,Day,0,0.101
10377,2023-03-06,32,14,Chemicals,634,456.11,Day,0,0.059
10378,2023-03-06,1,146,Machinery,1103,405.68,Night,0,0.269
10379,2023-03-06,45,173,Machinery,311,537.29,Day,0,0.269
10380,2023-03-06,21,339,Electronics,1371,581.8,Night,0,0.069
10381,2023-03-06,25,523,Textiles,316,1591.87,Night,1,0.812
10382,2023-03-07,26,592,Electronics,155,545.49,Day,0,0.182
10383,2023-03-07,16,521,Food,1413,463.95,Night,0,0.115
10384,2023-03-07,6,240,Chemicals,1239,596.05,Night,0,0.058
10385,2023-03-07,18,277,Raw Materials,142,488.71,Day,0,0.146
10386,2023-03-07,1,356,Vehicles,495,459.04,Day,0,0.107
10387,2023-03-07,7,298,Raw Materials,970,594.83,Day,0,0.045
10388,2023-03-07,17,151,Raw Materials,942,491.18,Night,0,0.289
10389,2023-03-07,26,178,Raw Materials,375,445.71,Day,0,0.11
10390,2023-03-07,13,480,Chemicals,1070,440.14,Night,0,0.2
10391,2023-03-07,1,364,Food,1330,572.88,Night,0,0.062
10392,2023-03-07,1,222,Food,939,518.04,Night,0,0.065
10393,2023-03-07,29,289,Electronics,1340,559.57,Day,0,0.122
10394,2023-03-08,10,480,Raw Materials,238,459.81,Day,0,0.044
10395,2023-03-08,40,579,Electronics,1345,616.02,Night,0,0.227
10396,2023-03-08,20,146,Food,455,529.08,Day,0,0.246
10397,2023-03-08,3,433,Machinery,309,515.27,Night,0,0.062
10398,2023-03-08,43,296,Vehicles,1247,454.02,Day,0,0.022
10399,2023-03-08,28,58,Raw Materials,1253,490.47,Night,0,0.243
10400,2023-03-09,8,284,Food,637,554.45,Day,0,0.246
10401,2023-03-09,35,186,Electronics,1246,503.77,Night,0,0.137
10402,2023-03-09,26,598,Chemicals,1257,484.16,Day,0,0.107
10403,2023-03-09,36,305,Vehicles,138,466.0,Night,0,0.128
10404,2023-03-09,39,602,Textiles,215,515.95,Night,0,0.014
10405,2023-03-09,18,228,Vehicles,1349,424.31,Day,0,0.282
10406,2023-03-09,42,635,Textiles,202,534.91,Night,0,0.0
10407,2023-03-10,40,456,Electronics,1057,530.22,Night,0,0.065
10408,2023-03-10,8,26,Raw Materials,1288,480.67,Day,0,0.063
10409,2023-03-10,6,534,Vehicles,1151,568.25,Night,0,0.097
10410,2023-03-10,5,262,Textiles,598,444.04,Night,0,0.113
10411,2023-03-10,46,399,Textiles,237,1022.0,Day,1,0.91
10412,2023-03-10,31,240,Raw Materials,293,461.93,Day,0,0.29
10413,2023-03-11,23,127,Vehicles,231,427.51,Night,0,0.252
10414,2023-03-11,26,33,Vehicles,280,440.74,Night,0,0.22
10415,2023-03-11,21,298,Raw Materials,137,422.27,Night,0,0.213
10416,2023-03-11,33,438,Food,1103,531.31,Day,0,0.209
10417,2023-03-11,37,55,Electronics,1390,538.79,Day,0,0.173
10418,2023-03-11,44,554,Electronics,1284,602.13,Night,0,0.268
10419,2023-03-11,16,192,Electronics,1099,547.58,Day,0,0.117
10420,2023-03-11,38,400,Raw Materials,629,518.13,Day,0,0.142
10421,2023-03-11,30,580,Textiles,1289,585.83,Day,0,0.068
10422,2023-03-11,16,383,Textiles,1466,565.91,Day,0,0.258
10423,2023-03-11,18,60,Food,694,492.32,Day,0,0.033
10424,2023-03-12,16,88,Vehicles,939,501.72,Night,0,0.168
10425,2023-03-12,38,601,Electronics,505,431.66,Night,0,0.078
10426,2023-03-12,9,593,Machinery,1136,599.19,Day,0,0.249
10427,2023-03-12,36,224,Chemicals,877,520.0,Day,0,0.257
10428,2023-03-12,22,521,Machinery,365,505.72,Night,0,0.251
10429,2023-03-12,24,103,Vehicles,454,537.23,Night,0,0.21
10430,2023-03-12,14,29,Raw Materials,1397,544.34,Day,0,0.213
10431,2023-03-12,2,493,Electronics,356,477.09,Night,0,0.023
10432,2023-03-12,26,556,Raw Materials,1428,693.98,Day,0,0.239
10433,2023-03-12,10,496,Textiles,1356,492.0,Night,0,0.274
10434,2023-03-12,8,529,Machinery,968,599.24,Day,0,0.274
10435,2023-03-13,37,234,Machinery,615,570.36,Night,0,0.298
10436,2023-03-13,3,32,Raw Materials,466,522.02,Day,0,0.227
10437,2023-03-13,32,26,Food,1309,535.97,Day,0,0.064
10438,2023-03-13,8,487,Electronics,1083,491.2,Night,0,0.207
10439,2023-03-13,32,403,Textiles,1347,517.42,Night,0,0.183
10440,2023-03-13,39,367,Electronics,1300,567.4,Day,0,0.092
10441,2023-03-13,45,251,Machinery,1011,482.7,Night,0,0.227
10442,2023-03-13,28,201,Food,1492,537.86,Day,0,0.216
10443,2023-03-13,40,38,Chemicals,1233,535.22,Day,0,0.06
10444,2023-03-13,37,265,Raw Materials,210,509.73,Day,0,0.078
10445,2023-03-13,4,70,Food,1332,486.74,Night,0,0.041
10446,2023-03-13,30,81,Vehicles,958,514.23,Day,0,0.006
10447,2023-03-14,3,56,Machinery,108,380.09,Night,0,0.158
10448,2023-03-14,46,540,Machinery,1252,522.41,Day,0,0.279
10449,2023-03-14,13,543,Textiles,1089,463.47,Day,0,0.203
10450,2023-03-14,44,453,Chemicals,792,499.84,Day,0,0.168
10451,2023-03-14,35,109,Raw Materials,296,508.85,Night,0,0.152
10452,2023-03-14,7,26,Chemicals,530,561.15,Day,0,0.173
10453,2023-03-14,31,464,Food,552,555.74,Day,0,0.208
10454,2023-03-14,5,418,Textiles,1150,534.95,Day,0,0.151
10455,2023-03-15,12,517,Vehicles,335,550.65,Night,0,0.184
10456,2023-03-15,5,119,Raw Materials,1194,1486.64,Day,1,0.823
10457,2023-03-15,44,10,Vehicles,340,510.12,Day,0,0.03
10458,2023-03-15,16,566,Electronics,319,536.16,Night,0,0.027
10459,2023-03-15,41,291,Vehicles,513,523.82,Day,0,0.252
10460,2023-03-15,4,63,Electronics,772,537.7,Night,0,0.005
10461,2023-03-15,28,138,Machinery,269,427.13,Night,0,0.264
10462,2023-03-16,8,456,Machinery,461,482.79,Night,0,0.183
10463,2023-03-16,17,150,Vehicles,729,451.26,Night,0,0.194
10464,2023-03-16,40,427,Machinery,219,543.64,Day,0,0.181
10465,2023-03-16,36,20,Electronics,1020,457.57,Night,0,0.218
10466,2023-03-16,14,43,Chemicals,799,469.47,Day,0,0.287
10467,2023-03-16,29,394,Electronics,169,527.57,Night,0,0.018
10468,2023-03-17,18,450,Electronics,959,565.26,Day,0,0.248
10469,2023-03-17,40,506,Raw Materials,252,537.91,Day,0,0.281
10470,2023-03-17,10,256,Electronics,1478,512.44,Day,0,0.009
10471,2023-03-17,19,362,Food,1456,517.61,Night,0,0.253
10472,2023-03-17,15,24,Machinery,510,503.02,Day,0,0.15
10473,2023-03-17,6,22,Electronics,375,502.52,Night,0,0.241
10474,2023-03-17,22,449,Raw Materials,453,414.72,Night,0,0.257
10475,2023-03-17,21,545,Raw Materials,596,536.68,Night,0,0.149
10476,2023-03-17,23,575,Raw Materials,1215,508.46,Night,0,0.087
10477,2023-03-17,20,539,Chemicals,1174,538.38,Day,0,0.1
10478,2023-03-18,11,217,Chemicals,585,507.23,Night,0,0.123
10479,2023-03-18,7,256,Raw Materials,104,541.9,Night,0,0.283
10480,2023-03-18,22,326,Food,900,567.39,Day,0,0.134
10481,2023-03-18,45,53,Machinery,523,435.01,Day,0,0.043
10482,2023-03-18,38,516,Electronics,807,587.12,Day,0,0.072
10483,2023-03-18,12,560,Textiles,297,538.29,Day,0,0.07
10484,2023-03-18,41,412,Raw Materials,1416,520.38,Night,0,0.018
10485,2023-03-18,27,535,Electronics,256,541.62,Night,0,0.189
10486,2023-03-18,5,173,Raw Materials,317,453.14,Day,0,0.107
10487,2023-03-19,20,503,Chemicals,1172,475.58,Day,0,0.086
10488,2023-03-19,37,233,Textiles,1136,1139.72,Night,1,0.801
10489,2023-03-19,3,577,Chemicals,865,494.07,Day,0,0.169
10490,2023-03-19,6,221,Vehicles,647,443.3,Night,0,0.248
10491,2023-03-19,20,81,Raw Materials,1063,562.24,Night,0,0.037
10492,2023-03-19,18,414,Food,1372,523.01,Day,0,0.17
10493,2023-03-19,26,123,Electronics,1478,500.53,Day,0,0.223
10494,2023-03-19,27,112,Textiles,644,541.23,Night,0,0.004
10495,2023-03-19,4,82,Raw Materials,950,526.53,Day,0,0.257
10496,2023-03-19,43,380,Raw Materials,744,484.46,Night,0,0.211
10497,2023-03-19,24,173,Food,858,506.58,Day,0,0.242
10498,2023-03-19,24,4,Raw Materials,847,426.47,Night,0,0.084
10499,2023-03-20,1,532,Vehicles,279,513.28,Night,0,0.169
10500,2023-03-20,12,633,Food,938,542.79,Day,0,0.179
10501,2023-03-20,11,376,Textiles,558,452.32,Night,0,0.178
10502,2023-03-20,30,192,Chemicals,715,570.98,Night,0,0.112
10503,2023-03-20,22,9,Chemicals,611,492.36,Day,0,0.138
10504,2023-03-20,11,610,Vehicles,1035,518.13,Night,0,0.263
10505,2023-03-21,26,388,Textiles,1138,563.83,Day,0,0.081
10506,2023-03-21,27,131,Textiles,1408,557.55,Day,0,0.259
10507,2023-03-21,19,118,Chemicals,578,1534.84,Day,1,0.759
10508,2023-03-21,8,72,Chemicals,896,418.11,Day,0,0.074
10509,2023-03-21,35,566,Textiles,711,471.83,Night,0,0.145
10510,2023-03-21,18,525,Raw Materials,828,480.89,Day,0,0.271
10511,2023-03-21,6,188,Electronics,1328,545.95,Day,0,0.197
10512,2023-03-21,26,34,Machinery,1269,507.89,Night,0,0.228
10513,2023-03-21,27,311,Food,1455,553.4,Night,0,0.041
10514,2023-03-21,5,78,Machinery,1007,1244.84,Day,1,0.713
10515,2023-03-22,14,39,Chemicals,939,514.44,Day,0,0.102
10516,2023-03-22,41,569,Electronics,167,421.86,Night,0,0.203
10517,2023-03-22,20,284,Food,920,516.79,Night,0,0.042
10518,2023-03-22,20,40,Food,625,567.6,Day,0,0.185
10519,2023-03-22,32,586,Vehicles,1424,583.91,Day,0,0.193
10520,2023-03-22,21,519,Food,651,485.87,Day,0,0.073
10521,2023-03-22,33,617,Raw Materials,1008,1645.44,Day,1,0.87
10522,2023-03-22,11,106,Chemicals,1350,494.89,Night,0,0.205
10523,2023-03-23,21,25,Vehicles,1090,454.69,Night,0,0.278
10524,2023-03-23,41,127,Textiles,1200,334.18,Night,0,0.017
10525,2023-03-23,44,240,Chemicals,1313,524.31,Day,0,0.249
10526,2023-03-23,33,108,Vehicles,102,544.45,Day,0,0.252
10527,2023-03-23,6,471,Textiles,1299,509.31,Day,0,0.139
10528,2023-03-23,35,67,Food,333,452.48,Day,0,0.258
10529,2023-03-24,28,121,Textiles,301,525.38,Night,0,0.286
10530,2023-03-24,14,426,Electronics,948,459.95,Day,0,0.141
10531,2023-03-24,26,603,Machinery,113,557.45,Night,0,0.254
10532,2023-03-24,31,108,Machinery,596,565.51,Night,0,0.047
10533,2023-03-24,35,335,Textiles,245,544.22,Night,0,0.178
10534,2023-03-24,5,420,Raw Materials,578,518.49,Night,0,0.15
10535,2023-03-25,24,130,Machinery,1038,449.76,Night,0,0.198
10536,2023-03-25,1,330,Electronics,265,543.07,Night,0,0.225
10537,2023-03-25,25,611,Electronics,832,537.33,Day,0,0.273
10538,2023-03-25,10,312,Machinery,1332,533.95,Day,0,0.123
10539,2023-03-25,38,442,Machinery,1157,426.72,Night,0,0.015
10540,2023-03-25,30,572,Textiles,343,572.1,Day,0,0.292
10541,2023-03-25,17,118,Machinery,1308,555.21,Day,0,0.012
10542,2023-03-25,37,493,Chemicals,1229,458.42,Day,0,0.028
10543,2023-03-26,5,104,Food,829,436.42,Day,0,0.021
10544,2023-03-26,15,13,Textiles,726,498.0,Night,0,0.006
10545,2023-03-26,12,257,Machinery,128,470.57,Night,0,0.069
10546,2023-03-26,10,26,Chemicals,190,423.58,Day,0,0.247
10547,2023-03-26,9,202,Vehicles,811,513.68,Day,0,0.07
10548,2023-03-26,13,574,Food,1095,559.14,Night,0,0.14
10549,2023-03-26,5,134,Textiles,898,571.15,Day,0,0.192
10550,2023-03-27,45,492,Raw Materials,857,467.59,Day,0,0.097
10551,2023-03-27,19,581,Electronics,1476,513.57,Night,0,0.13
10552,2023-03-27,18,497,Chemicals,657,521.71,Day,0,0.219
10553,2023-03-27,26,576,Food,1179,507.82,Day,0,0.206
10554,2023-03-27,32,611,Electronics,742,593.06,Day,0,0.07
10555,2023-03-27,28,599,Vehicles,587,482.77,Night,0,0.291
10556,2023-03-27,4,73,Raw Materials,1343,527.15,Night,0,0.046
10557,2023-03-27,46,93,Textiles,789,451.59,Day,0,0.266
10558,2023-03-27,15,184,Textiles,868,450.69,Night,0,0.069
10559,2023-03-27,17,326,Electronics,974,531.18,Day,0,0.248
10560,2023-03-27,23,94,Vehicles,292,471.61,Night,0,0.045
10561,2023-03-27,11,169,Chemicals,1359,505.36,Night,0,0.164
10562,2023-03-28,18,631,Raw Materials,197,471.09,Night,0,0.295
10563,2023-03-28,20,560,Food,397,472.15,Day,0,0.023
10564,2023-03-28,13,518,Electronics,826,557.41,Night,0,0.173
10565,2023-03-28,3,628,Raw Materials,1154,563.71,Night,0,0.159
10566,2023-03-28,9,610,Vehicles,1056,497.45,Day,0,0.27
10567,2023-03-28,32,402,Electronics,842,507.73,Night,0,0.296
10568,2023-03-28,41,438,Textiles,1003,589.43,Day,0,0.295
10569,2023-03-28,14,424,Electronics,401,507.08,Night,0,0.134
10570,2023-03-28,39,108,Machinery,734,509.54,Day,0,0.055
10571,2023-03-28,44,340,Machinery,1213,496.47,Night,0,0.039
10572,2023-03-28,39,543,Chemicals,758,606.86,Night,0,0.245
10573,2023-03-28,17,251,Electronics,1407,579.82,Day,0,0.265
10574,2023-03-29,15,410,Chemicals,767,476.52,Day,0,0.241
10575,2023-03-29,23,244,Electronics,638,1265.98,Day,1,0.727
10576,2023-03-29,3,175,Textiles,192,483.51,Night,0,0.112
10577,2023-03-29,45,493,Textiles,279,372.65,Night,0,0.096
10578,2023-03-29,42,520,Machinery,1288,526.82,Night,0,0.142
10579,2023-03-29,33,309,Raw Materials,275,522.79,Night,0,0.046
10580,2023-03-29,11,312,Textiles,1205,541.92,Day,0,0.161
10581,2023-03-29,13,246,Chemicals,213,472.67,Day,0,0.277
10582,2023-03-29,29,407,Chemicals,828,537.83,Day,0,0.212
10583,2023-03-30,45,158,Raw Materials,1008,483.7,Day,0,0.285
10584,2023-03-30,2,35,Raw Materials,452,488.32,Day,0,0.165
10585,2023-03-30,22,70,Chemicals,1431,448.3,Night,0,0.165
10586,2023-03-30,15,118,Textiles,1145,472.1,Day,0,0.165
10587,2023-03-30,24,310,Food,383,476.6,Day,0,0.006
10588,2023-03-30,25,25,Machinery,729,430.78,Night,0,0.273
10589,2023-03-31,1,51,Electronics,1278,551.54,Night,0,0.28
10590,2023-03-31,1,442,Vehicles,945,544.16,Day,0,0.181
10591,2023-03-31,12,166,Electronics,807,500.35,Night,0,0.028
10592,2023-03-31,13,324,Textiles,643,559.15,Night,0,0.018
10593,2023-03-31,17,96,Food,665,573.05,Night,0,0.232
10594,2023-03-31,18,192,Food,1123,486.4,Night,0,0.176
10595,2023-03-31,12,459,Raw Materials,278,544.0,Day,0,0.284
10596,2023-03-31,46,91,Vehicles,1143,1377.1,Day,1,0.932
10597,2023-03-31,42,164,Raw Materials,1211,538.28,Day,0,0.103
10598,2023-03-31,42,470,Textiles,192,507.43,Day,0,0.041
10599,2023-04-01,43,441,Electronics,749,538.47,Night,0,0.137
10600,2023-04-01,13,450,Electronics,199,457.89,Night,0,0.041
10601,2023-04-01,29,480,Vehicles,955,420.47,Night,0,0.293
10602,2023-04-01,16,156,Machinery,155,388.81,Night,0,0.143
10603,2023-04-01,3,358,Chemicals,285,1687.48,Day,1,0.853
10604,2023-04-01,43,224,Vehicles,1167,523.93,Night,0,0.099
10605,2023-04-02,30,50,Food,1431,614.57,Day,0,0.29
10606,2023-04-02,42,152,Machinery,623,439.44,Night,0,0.204
10607,2023-04-02,16,293,Chemicals,465,515.34,Night,0,0.134
10608,2023-04-02,11,77,Electronics,479,345.28,Day,0,0.063
10609,2023-04-02,9,32,Food,1220,1211.12,Night,1,0.79
10610,2023-04-02,18,403,Raw Materials,446,577.73,Day,0,0.218
10611,2023-04-03,39,137,Machinery,414,456.95,Day,0,0.079
10612,2023-04-03,29,172,Food,1190,519.1,Day,0,0.079
10613,2023-04-03,16,501,Raw Materials,398,434.99,Night,0,0.11
10614,2023-04-03,39,315,Textiles,433,431.08,Night,0,0.288
10615,2023-04-03,23,592,Food,854,471.81,Night,0,0.269
10616,2023-04-03,44,592,Electronics,587,480.38,Night,0,0.001
10617,2023-04-03,44,450,Electronics,964,533.91,Day,0,0.033
10618,2023-04-03,37,219,Textiles,476,542.91,Day,0,0.079
10619,2023-04-03,18,396,Textiles,759,532.87,Night,0,0.201
10620,2023-04-03,22,412,Electronics,476,454.31,Night,0,0.148
10621,2023-04-03,42,145,Raw Materials,740,581.54,Night,0,0.175
10622,2023-04-03,8,145,Vehicles,562,543.68,Night,0,0.157
10623,2023-04-04,31,614,Textiles,711,583.09,Night,0,0.05
10624,2023-04-04,21,284,Chemicals,1001,537.78,Night,0,0.11
10625,2023-04-04,23,279,Electronics,776,466.5,Night,0,0.102
10626,2023-04-04,1,178,Chemicals,1321,502.37,Day,0,0.222
10627,2023-04-04,24,576,Machinery,1154,564.77,Night,0,0.002
10628,2023-04-04,45,535,Food,1319,557.37,Day,0,0.157
10629,2023-04-04,28,620,Raw Materials,860,480.79,Day,0,0.018
10630,2023-04-04,33,437,Textiles,1459,1653.35,Day,1,0.813
10631,2023-04-05,33,148,Food,1273,605.66,Day,0,0.071
10632,2023-04-05,9,512,Textiles,1020,514.16,Night,0,0.089
10633,2023-04-05,21,175,Textiles,230,484.7,Day,0,0.25
10634,2023-04-05,20,629,Vehicles,1102,549.7,Day,0,0.18
10635,2023-04-05,45,139,Food,523,545.4,Day,0,0.25
10636,2023-04-05,15,507,Textiles,1328,517.27,Night,0,0.221
10637,2023-04-05,45,188,Machinery,1385,450.85,Night,0,0.103
10638,2023-04-05,27,31,Electronics,1448,501.13,Night,0,0.237
10639,2023-04-05,31,373,Food,503,489.48,Night,0,0.202
10640,2023-04-06,35,542,Textiles,620,936.7,Day,1,0.997
10641,2023-04-06,17,424,Chemicals,1288,578.28,Night,0,0.297
10642,2023-04-06,24,535,Food,1218,500.39,Day,0,0.015
10643,2023-04-06,25,558,Vehicles,103,559.7,Day,0,0.007
10644,2023-04-06,18,283,Vehicles,347,491.16,Day,0,0.215
10645,2023-04-06,33,289,Chemicals,1022,508.31,Night,0,0.168
10646,2023-04-07,20,555,Electronics,1006,1427.84,Night,1,0.91
10647,2023-04-07,9,179,Food,749,500.66,Day,0,0.222
10648,2023-04-07,24,512,Electronics,1452,475.56,Day,0,0.039
10649,2023-04-07,33,34,Electronics,332,442.49,Day,0,0.043
10650,2023-04-07,24,523,Vehicles,190,408.52,Night,0,0.197
10651,2023-04-07,1,140,Food,190,889.13,Day,1,0.863
10652,2023-04-07,21,345,Machinery,274,424.65,Day,0,0.155
10653,2023-04-07,45,140,Electronics,361,460.89,Night,0,0.169
10654,2023-04-07,29,595,Machinery,109,406.3,Night,0,0.055
10655,2023-04-07,8,546,Raw Materials,128,532.46,Day,0,0.285
10656,2023-04-07,38,359,Food,634,1008.26,Day,1,0.921
10657,2023-04-07,24,115,Food,747,374.61,Day,0,0.09
10658,2023-04-08,43,606,Textiles,417,519.67,Night,0,0.225
10659,2023-04-08,38,73,Machinery,1435,513.95,Day,0,0.2
10660,2023-04-08,25,392,Vehicles,1385,435.33,Night,0,0.131
10661,2023-04-08,15,83,Textiles,1001,434.46,Day,0,0.115
10662,2023-04-08,45,154,Food,1164,491.49,Night,0,0.152
10663,2023-04-08,21,89,Machinery,473,534.62,Night,0,0.235
10664,2023-04-08,19,523,Food,454,475.83,Night,0,0.248
10665,2023-04-08,18,116,Textiles,503,495.21,Night,0,0.034
10666,2023-04-08,46,316,Chemicals,1443,487.13,Night,0,0.155
10667,2023-04-08,13,162,Electronics,767,475.39,Night,0,0.284
10668,2023-04-09,12,257,Chemicals,112,546.13,Day,0,0.222
10669,2023-04-09,34,607,Electronics,1075,531.17,Day,0,0.045
10670,2023-04-09,44,447,Vehicles,601,503.38,Day,0,0.14
10671,2023-04-09,13,315,Chemicals,1201,456.18,Night,0,0.094
10672,2023-04-09,33,8,Vehicles,295,616.27,Day,0,0.008
10673,2023-04-09,15,173,Vehicles,1338,464.67,Night,0,0.244
10674,2023-04-10,41,161,Vehicles,279,515.5,Day,0,0.147
10675,2023-04-10,36,18,Chemicals,1125,515.3,Day,0,0.289
10676,2023-04-10,14,620,Raw Materials,603,544.17,Day,0,0.094
10677,2023-04-10,46,126,Machinery,1465,507.15,Night,0,0.17
10678,2023-04-10,41,636,Raw Materials,1057,503.78,Day,0,0.056
10679,2023-04-10,1,103,Machinery,1040,1056.77,Day,1,0.714
10680,2023-04-10,35,347,Electronics,1397,474.23,Day,0,0.0
10681,2023-04-10,33,279,Textiles,1400,573.16,Day,0,0.269
10682,2023-04-11,38,279,Vehicles,1429,576.45,Day,0,0.154
10683,2023-04-11,31,147,Food,456,564.71,Night,0,0.025
10684,2023-04-11,23,443,Chemicals,984,507.16,Day,0,0.257
10685,2023-04-11,8,372,Vehicles,1345,533.44,Night,0,0.272
10686,2023-04-11,44,78,Textiles,223,413.85,Night,0,0.166
10687,2023-04-11,22,506,Chemicals,636,557.35,Night,0,0.067
10688,2023-04-11,28,273,Vehicles,453,578.59,Day,0,0.135
10689,2023-04-11,37,223,Vehicles,647,435.38,Day,0,0.269
10690,2023-04-11,7,129,Electronics,1453,586.62,Night,0,0.142
10691,2023-04-11,37,29,Food,419,469.18,Night,0,0.191
10692,2023-04-11,9,506,Machinery,453,534.69,Night,0,0.248
10693,2023-04-11,44,469,Vehicles,415,439.27,Night,0,0.23
10694,2023-04-12,1,49,Electronics,450,486.44,Day,0,0.112
10695,2023-04-12,19,526,Machinery,962,534.21,Day,0,0.034
10696,2023-04-12,14,151,Textiles,772,529.91,Day,0,0.044
10697,2023-04-12,22,345,Chemicals,419,533.21,Night,0,0.188
10698,2023-04-12,15,109,Textiles,1456,633.46,Night,0,0.289
10699,2023-04-12,23,96,Electronics,1441,415.7,Night,0,0.038
10700,2023-04-12,33,104,Vehicles,1242,524.2,Day,0,0.167
10701,2023-04-12,33,455,Textiles,1329,507.42,Day,0,0.066
10702,2023-04-13,41,627,Electronics,553,516.65,Day,0,0.009
10703,2023-04-13,26,23,Electronics,491,501.66,Night,0,0.258
10704,2023-04-13,11,412,Machinery,370,546.95,Day,0,0.151
10705,2023-04-13,31,619,Vehicles,687,585.15,Day,0,0.113
10706,2023-04-13,1,593,Electronics,420,454.3,Day,0,0.173
10707,2023-04-13,16,454,Food,649,512.9,Day,0,0.173
10708,2023-04-13,6,620,Textiles,449,523.22,Night,0,0.186
10709,2023-04-13,46,164,Chemicals,1094,582.09,Day,0,0.016
10710,2023-04-13,20,592,Textiles,169,424.76,Night,0,0.231
10711,2023-04-13,7,305,Chemicals,107,588.79,Night,0,0.129
10712,2023-04-14,23,108,Vehicles,250,554.09,Day,0,0.094
10713,2023-04-14,21,203,Raw Materials,1490,589.71,Night,0,0.074
10714,2023-04-14,24,216,Food,862,492.54,Night,0,0.182
10715,2023-04-14,9,563,Machinery,735,558.31,Day,0,0.155
10716,2023-04-14,40,409,Textiles,1360,573.47,Day,0,0.122
10717,2023-04-14,42,546,Food,1001,615.32,Night,0,0.281
10718,2023-04-15,42,16,Machinery,343,480.3,Day,0,0.286
10719,2023-04-15,39,146,Chemicals,874,532.21,Night,0,0.248
10720,2023-04-15,2,460,Machinery,1188,563.02,Day,0,0.038
10721,2023-04-15,14,149,Machinery,328,540.52,Day,0,0.095
10722,2023-04-15,3,94,Raw Materials,1096,523.89,Night,0,0.107
10723,2023-04-15,3,106,Chemicals,1449,520.98,Night,0,0.213
10724,2023-04-15,29,636,Vehicles,1147,522.93,Day,0,0.23
10725,2023-04-16,1,288,Vehicles,1190,527.41,Day,0,0.012
10726,2023-04-16,22,273,Electronics,1140,561.26,Day,0,0.088
10727,2023-04-16,39,480,Machinery,902,481.8,Night,0,0.213
10728,2023-04-16,8,208,Food,951,569.7,Day,0,0.025
10729,2023-04-16,12,477,Electronics,736,552.2,Night,0,0.276
10730,2023-04-16,9,620,Machinery,410,529.18,Night,0,0.121
10731,2023-04-16,44,431,Raw Materials,671,462.78,Day,0,0.093
10732,2023-04-16,17,561,Vehicles,1131,498.92,Night,0,0.142
10733,2023-04-17,38,339,Electronics,1121,509.84,Day,0,0.233
10734,2023-04-17,25,282,Vehicles,1046,531.06,Day,0,0.095
10735,2023-04-17,4,198,Machinery,489,463.27,Night,0,0.243
10736,2023-04-17,7,419,Food,562,453.19,Night,0,0.259
10737,2023-04-17,10,125,Machinery,411,443.15,Day,0,0.292
10738,2023-04-17,43,510,Raw Materials,490,570.72,Night,0,0.144
10739,2023-04-17,36,302,Raw Materials,970,489.4,Day,0,0.102
10740,2023-04-17,25,24,Food,1059,476.8,Day,0,0.11
10741,2023-04-17,7,383,Textiles,978,531.87,Night,0,0.281
10742,2023-04-17,15,282,Vehicles,1220,544.18,Day,0,0.186
10743,2023-04-17,34,515,Chemicals,415,502.55,Night,0,0.083
10744,2023-04-18,10,123,Vehicles,419,542.68,Day,0,0.126
10745,2023-04-18,35,506,Chemicals,436,442.86,Night,0,0.296
10746,2023-04-18,4,626,Raw Materials,1324,640.09,Day,0,0.107
10747,2023-04-18,24,635,Food,632,1791.15,Day,1,0.73
10748,2023-04-18,17,15,Food,250,569.53,Night,0,0.178
10749,2023-04-18,45,112,Electronics,810,497.69,Night,0,0.17
10750,2023-04-18,21,56,Chemicals,1500,404.19,Night,0,0.116
10751,2023-04-19,28,15,Raw Materials,953,407.67,Night,0,0.085
10752,2023-04-19,45,20,Textiles,766,456.47,Night,0,0.075
10753,2023-04-19,24,142,Food,1091,531.0,Day,0,0.114
10754,2023-04-19,26,334,Machinery,676,483.63,Night,0,0.272
10755,2023-04-19,37,600,Vehicles,1327,538.63,Night,0,0.262
10756,2023-04-19,18,407,Machinery,221,574.23,Night,0,0.253
10757,2023-04-19,45,371,Chemicals,940,498.21,Day,0,0.243
10758,2023-04-20,8,201,Food,429,1019.71,Day,1,0.708
10759,2023-04-20,37,66,Vehicles,1022,490.1,Day,0,0.169
10760,2023-04-20,21,304,Vehicles,1441,933.14,Day,1,0.914
10761,2023-04-20,8,272,Textiles,276,478.63,Day,0,0.147
10762,2023-04-20,13,536,Chemicals,1331,618.41,Day,0,0.27
10763,2023-04-20,1,300,Food,934,540.01,Day,0,0.014
10764,2023-04-20,26,72,Chemicals,1132,478.07,Day,0,0.244
10765,2023-04-20,32,350,Food,1059,445.55,Day,0,0.104
10766,2023-04-20,43,186,Food,611,524.56,Night,0,0.179
10767,2023-04-21,46,607,Vehicles,790,542.75,Night,0,0.138
10768,2023-04-21,39,122,Textiles,646,517.98,Night,0,0.26
10769,2023-04-21,22,583,Raw Materials,874,556.61,Day,0,0.175
10770,2023-04-21,42,321,Food,532,626.42,Day,0,0.11
10771,2023-04-21,42,278,Food,1339,461.01,Day,0,0.213
10772,2023-04-21,8,11,Electronics,1231,447.33,Day,0,0.16
10773,2023-04-21,30,172,Textiles,1498,613.79,Night,0,0.135
10774,2023-04-21,13,506,Textiles,359,519.27,Day,0,0.248
10775,2023-04-21,25,436,Raw Materials,1351,439.12,Night,0,0.142
10776,2023-04-22,13,594,Machinery,553,518.61,Night,0,0.232
10777,2023-04-22,12,338,Textiles,1114,559.26,Night,0,0.188
10778,2023-04-22,32,430,Food,222,517.93,Night,0,0.046
10779,2023-04-22,26,498,Vehicles,295,493.85,Night,0,0.228
10780,2023-04-22,38,536,Electronics,652,523.27,Night,0,0.143
10781,2023-04-22,36,144,Food,889,481.6,Night,0,0.189
10782,2023-04-23,20,51,Textiles,1471,484.43,Day,0,0.284
10783,2023-04-23,9,453,Electronics,874,1306.2,Night,1,0.71
10784,2023-04-23,19,587,Vehicles,933,615.91,Day,0,0.145
10785,2023-04-23,13,18,Machinery,842,466.95,Day,0,0.057
10786,2023-04-23,10,11,Electronics,162,439.58,Night,0,0.234
10787,2023-04-23,39,274,Machinery,788,447.52,Day,0,0.147
10788,2023-04-23,18,354,Vehicles,1498,459.9,Night,0,0.063
10789,2023-04-24,28,9,Raw Materials,1313,502.14,Night,0,0.175
10790,2023-04-24,28,594,Chemicals,312,622.86,Day,0,0.039
10791,2023-04-24,45,593,Textiles,911,597.71,Night,0,0.283
10792,2023-04-24,34,368,Textiles,330,545.92,Night,0,0.042
10793,2023-04-24,18,619,Vehicles,1307,537.61,Day,0,0.092
10794,2023-04-24,9,306,Chemicals,538,1338.3,Night,1,0.802
10795,2023-04-24,45,293,Textiles,1447,1483.83,Day,1,0.789
10796,2023-04-24,41,447,Machinery,706,461.01,Night,0,0.202
10797,2023-04-24,22,318,Electronics,1287,493.09,Night,0,0.262
10798,2023-04-24,44,48,Textiles,838,478.37,Night,0,0.015
10799,2023-04-24,8,229,Vehicles,1129,549.19,Day,0,0.144
10800,2023-04-24,21,164,Vehicles,373,491.13,Night,0,0.093
10801,2023-04-25,27,578,Chemicals,859,544.15,Night,0,0.037
10802,2023-04-25,8,568,Chemicals,258,517.93,Day,0,0.289
10803,2023-04-25,8,455,Chemicals,868,507.75,Day,0,0.194
10804,2023-04-25,35,39,Electronics,314,457.39,Day,0,0.182
10805,2023-04-25,20,5,Food,1371,477.54,Night,0,0.133
10806,2023-04-25,24,470,Chemicals,904,528.29,Night,0,0.034
10807,2023-04-26,4,180,Machinery,1337,457.44,Day,0,0.001
10808,2023-04-26,18,522,Vehicles,1412,585.58,Night,0,0.231
10809,2023-04-26,36,58,Textiles,1145,518.9,Day,0,0.229
10810,2023-04-26,13,487,Raw Materials,356,529.23,Night,0,0.022
10811,2023-04-26,14,72,Electronics,1086,476.95,Night,0,0.186
10812,2023-04-26,31,170,Food,1124,549.27,Day,0,0.122
10813,2023-04-26,35,101,Electronics,675,516.12,Day,0,0.221
10814,2023-04-26,9,339,Machinery,1301,509.92,Day,0,0.255
10815,2023-04-27,5,262,Food,1453,446.96,Night,0,0.168
10816,2023-04-27,28,221,Food,938,457.25,Day,0,0.255
10817,2023-04-27,1,283,Raw Materials,299,481.17,Day,0,0.101
10818,2023-04-27,13,625,Raw Materials,275,568.84,Day,0,0.254
10819,2023-04-27,7,139,Raw Materials,904,497.25,Night,0,0.014
10820,2023-04-27,35,551,Machinery,209,584.51,Day,0,0.148
10821,2023-04-27,2,592,Textiles,440,555.87,Day,0,0.036
10822,2023-04-28,9,121,Chemicals,501,480.05,Night,0,0.248
10823,2023-04-28,20,126,Vehicles,323,465.88,Night,0,0.099
10824,2023-04-28,6,450,Textiles,290,487.4,Night,0,0.013
10825,2023-04-28,20,112,Vehicles,1119,501.15,Night,0,0.265
10826,2023-04-28,8,298,Electronics,516,520.37,Night,0,0.25
10827,2023-04-28,34,271,Food,1070,442.79,Night,0,0.199
10828,2023-04-29,44,220,Vehicles,678,429.44,Day,0,0.063
10829,2023-04-29,7,625,Textiles,1338,550.84,Day,0,0.176
10830,2023-04-29,32,547,Raw Materials,184,1021.74,Day,1,0.93
10831,2023-04-29,29,118,Raw Materials,869,482.54,Night,0,0.098
10832,2023-04-29,34,539,Raw Materials,229,1478.74,Day,1,0.966
10833,2023-04-29,39,504,Food,1194,476.38,Day,0,0.108
10834,2023-04-29,24,505,Chemicals,937,454.65,Day,0,0.06
10835,2023-04-29,23,426,Vehicles,830,513.78,Day,0,0.28
10836,2023-04-29,31,25,Food,736,450.2,Day,0,0.195
10837,2023-04-30,17,345,Electronics,977,583.99,Day,0,0.198
10838,2023-04-30,3,112,Chemicals,117,504.52,Day,0,0.148
10839,2023-04-30,11,401,Textiles,400,461.41,Day,0,0.107
10840,2023-04-30,46,151,Raw Materials,719,493.95,Day,0,0.111
10841,2023-04-30,44,525,Chemicals,769,437.47,Day,0,0.112
10842,2023-04-30,38,197,Chemicals,809,502.22,Night,0,0.009
10843,2023-04-30,39,432,Food,276,432.58,Night,0,0.097
10844,2023-04-30,24,94,Vehicles,770,506.95,Night,0,0.247
10845,2023-04-30,18,355,Food,809,558.76,Day,0,0.11
10846,2023-04-30,8,301,Raw Materials,354,589.0,Night,0,0.214
10847,2023-05-01,24,356,Vehicles,1264,506.81,Night,0,0.285
10848,2023-05-01,16,283,Chemicals,398,472.62,Day,0,0.124
10849,2023-05-01,11,521,Machinery,750,548.31,Day,0,0.083
10850,2023-05-01,45,418,Chemicals,815,538.3,Day,0,0.037
10851,2023-05-01,32,198,Raw Materials,634,601.64,Night,0,0.197
10852,2023-05-01,43,347,Electronics,1090,549.06,Night,0,0.293
10853,2023-05-02,38,99,Electronics,202,505.18,Day,0,0.114
10854,2023-05-02,13,496,Chemicals,262,547.22,Day,0,0.17
10855,2023-05-02,34,488,Textiles,233,539.93,Day,0,0.131
10856,2023-05-02,45,474,Machinery,544,506.17,Day,0,0.064
10857,2023-05-02,31,619,Electronics,537,535.89,Night,0,0.048
10858,2023-05-02,31,73,Electronics,543,485.25,Night,0,0.273
10859,2023-05-02,10,443,Electronics,1212,444.47,Day,0,0.074
10860,2023-05-02,25,184,Raw Materials,711,502.25,Night,0,0.162
10861,2023-05-03,4,39,Electronics,1375,530.31,Day,0,0.296
10862,2023-05-03,26,292,Vehicles,1033,538.83,Night,0,0.123
10863,2023-05-03,34,551,Food,1216,523.21,Day,0,0.134
10864,2023-05-03,41,267,Vehicles,1133,492.33,Night,0,0.079
10865,2023-05-03,24,147,Raw Materials,527,533.88,Day,0,0.093
10866,2023-05-03,34,536,Raw Materials,876,563.25,Day,0,0.294
10867,2023-05-03,31,312,Chemicals,1153,520.79,Night,0,0.085
10868,2023-05-03,8,527,Food,675,563.23,Day,0,0.159
10869,2023-05-03,25,302,Chemicals,826,400.17,Night,0,0.095
10870,2023-05-04,44,378,Machinery,111,614.86,Night,0,0.296
10871,2023-05-04,12,195,Textiles,1288,506.03,Day,0,0.229
10872,2023-05-04,8,234,Machinery,1210,480.15,Day,0,0.068
10873,2023-05-04,46,187,Textiles,801,535.47,Day,0,0.268
10874,2023-05-04,40,38,Vehicles,192,493.26,Night,0,0.139
10875,2023-05-04,23,90,Chemicals,847,512.18,Night,0,0.22
10876,2023-05-04,12,116,Raw Materials,179,1125.66,Night,1,0.931
10877,2023-05-04,5,199,Textiles,1299,530.74,Day,0,0.034
10878,2023-05-04,35,183,Textiles,1214,481.51,Night,0,0.018
10879,2023-05-04,42,514,Machinery,579,499.27,Day,0,0.267
10880,2023-05-04,25,364,Vehicles,218,561.91,Day,0,0.157
10881,2023-05-05,18,326,Raw Materials,129,562.56,Night,0,0.071
10882,2023-05-05,3,496,Chemicals,809,474.99,Day,0,0.176
10883,2023-05-05,21,466,Electronics,370,551.06,Night,0,0.292
10884,2023-05-05,13,507,Vehicles,1300,448.13,Night,0,0.093
10885,2023-05-05,10,564,Vehicles,633,591.39,Day,0,0.258
10886,2023-05-05,2,458,Raw Materials,1423,1552.86,Day,1,0.888
10887,2023-05-05,27,227,Textiles,302,501.91,Day,0,0.104
10888,2023-05-06,32,391,Food,1371,512.36,Night,0,0.052
10889,2023-05-06,37,201,Electronics,1462,604.29,Day,0,0.057
10890,2023-05-06,36,620,Electronics,180,481.16,Day,0,0.229
10891,2023-05-06,36,555,Machinery,1256,529.74,Day,0,0.263
10892,2023-05-06,9,80,Machinery,981,515.97,Day,0,0.299
10893,2023-05-06,46,121,Textiles,455,483.42,Night,0,0.13
10894,2023-05-06,34,166,Raw Materials,872,473.58,Night,0,0.029
10895,2023-05-06,39,621,Machinery,751,495.94,Day,0,0.065
10896,2023-05-06,33,111,Vehicles,238,525.8,Night,0,0.068
10897,2023-05-06,3,83,Vehicles,781,443.83,Day,0,0.034
10898,2023-05-06,17,262,Food,1411,498.91,Day,0,0.041
10899,2023-05-07,43,279,Food,892,591.0,Day,0,0.247
10900,2023-05-07,25,202,Machinery,499,593.72,Day,0,0.138
10901,2023-05-07,28,322,Electronics,1255,539.37,Night,0,0.182
10902,2023-05-07,42,591,Food,186,528.96,Day,0,0.144
10903,2023-05-07,20,115,Food,160,519.27,Night,0,0.059
10904,2023-05-07,36,68,Food,815,541.53,Night,0,0.161
10905,2023-05-07,45,363,Chemicals,1059,466.56,Night,0,0.139
10906,2023-05-07,13,173,Vehicles,1179,552.83,Day,0,0.136
10907,2023-05-07,14,210,Chemicals,877,486.38,Night,0,0.135
10908,2023-05-07,4,63,Food,233,537.89,Night,0,0.233
10909,2023-05-08,40,66,Electronics,1060,548.01,Night,0,0.132
10910,2023-05-08,15,348,Chemicals,332,490.93,Day,0,0.03
10911,2023-05-08,9,90,Chemicals,1006,529.85,Day,0,0.059
10912,2023-05-08,19,264,Textiles,1494,552.58,Day,0,0.132
10913,2023-05-08,12,149,Electronics,421,1020.8,Day,1,0.996
10914,2023-05-08,10,231,Food,1219,485.87,Day,0,0.082
10915,2023-05-08,17,285,Food,307,543.87,Day,0,0.19
10916,2023-05-08,35,459,Food,791,599.11,Day,0,0.274
10917,2023-05-09,3,367,Vehicles,468,561.83,Night,0,0.195
10918,2023-05-09,17,314,Electronics,1270,458.94,Day,0,0.156
10919,2023-05-09,11,204,Raw Materials,387,552.6,Day,0,0.05
10920,2023-05-09,12,222,Chemicals,199,485.89,Day,0,0.125
10921,2023-05-09,7,385,Machinery,1408,480.91,Day,0,0.154
10922,2023-05-09,30,534,Chemicals,1433,690.85,Night,0,0.019
10923,2023-05-10,36,310,Vehicles,225,482.42,Night,0,0.146
10924,2023-05-10,40,202,Vehicles,208,535.36,Day,0,0.206
10925,2023-05-10,33,168,Food,563,473.5,Night,0,0.217
10926,2023-05-10,30,242,Electronics,555,539.98,Night,0,0.161
10927,2023-05-10,29,453,Vehicles,952,549.9,Day,0,0.113
10928,2023-05-10,2,434,Food,1283,521.36,Day,0,0.178
10929,2023-05-10,2,393,Vehicles,129,554.36,Night,0,0.23
10930,2023-05-10,3,540,Electronics,756,595.96,Day,0,0.041
10931,2023-05-10,7,445,Chemicals,1280,493.73,Day,0,0.238
10932,2023-05-10,37,541,Food,655,533.85,Night,0,0.058
10933,2023-05-10,15,285,Textiles,323,526.0,Day,0,0.113
10934,2023-05-11,26,53,Chemicals,765,514.77,Night,0,0.298
10935,2023-05-11,5,212,Raw Materials,1162,513.43,Day,0,0.114
10936,2023-05-11,31,476,Electronics,161,570.01,Day,0,0.258
10937,2023-05-11,44,600,Chemicals,1437,531.65,Day,0,0.136
10938,2023-05-11,26,185,Raw Materials,1086,468.92,Night,0,0.116
10939,2023-05-11,24,441,Textiles,758,441.84,Day,0,0.298
10940,2023-05-11,5,368,Raw Materials,154,476.75,Day,0,0.005
10941,2023-05-11,1,242,Machinery,1057,1549.22,Night,1,0.98
10942,2023-05-11,15,226,Machinery,1319,393.3,Night,0,0.237
10943,2023-05-11,44,632,Electronics,809,605.73,Day,0,0.122
10944,2023-05-12,19,530,Textiles,928,437.97,Night,0,0.162
10945,2023-05-12,31,234,Food,1075,514.47,Day,0,0.24
10946,2023-05-12,45,159,Food,310,533.05,Day,0,0.044
10947,2023-05-12,14,591,Electronics,1272,516.15,Day,0,0.291
10948,2023-05-12,46,429,Electronics,297,425.66,Day,0,0.071
10949,2023-05-12,24,619,Food,1125,1225.6,Night,1,0.963
10950,2023-05-12,43,172,Textiles,676,478.45,Day,0,0.231
10951,2023-05-12,33,178,Vehicles,1307,455.37,Night,0,0.006
10952,2023-05-12,5,30,Textiles,128,438.22,Day,0,0.029
10953,2023-05-13,37,139,Vehicles,693,460.21,Night,0,0.172
10954,2023-05-13,15,586,Textiles,1279,546.81,Night,0,0.046
10955,2023-05-13,32,313,Chemicals,565,532.59,Day,0,0.045
10956,2023-05-13,14,623,Machinery,1188,509.32,Day,0,0.012
10957,2023-05-13,4,327,Food,888,530.26,Day,0,0.071
10958,2023-05-13,1,239,Raw Materials,1266,546.24,Night,0,0.013
10959,2023-05-13,5,195,Vehicles,202,532.85,Day,0,0.163
10960,2023-05-13,37,343,Textiles,1455,633.5,Day,0,0.247
10961,2023-05-13,15,129,Raw Materials,886,453.01,Night,0,0.165
10962,2023-05-13,27,301,Food,962,584.25,Night,0,0.214
10963,2023-05-13,14,200,Raw Materials,818,488.25,Night,0,0.143
10964,2023-05-13,16,308,Textiles,1082,550.16,Night,0,0.088
10965,2023-05-14,10,487,Chemicals,415,540.57,Day,0,0.016
10966,2023-05-14,16,177,Vehicles,967,441.6,Day,0,0.027
10967,2023-05-14,8,466,Food,536,458.65,Day,0,0.284
10968,2023-05-14,36,289,Chemicals,1046,521.12,Day,0,0.075
10969,2023-05-14,7,463,Textiles,189,410.01,Night,0,0.145
10970,2023-05-14,39,558,Machinery,328,442.35,Day,0,0.086
10971,2023-05-14,4,498,Chemicals,1059,500.31,Night,0,0.243
10972,2023-05-15,33,314,Food,340,1526.95,Day,1,0.83
10973,2023-05-15,42,516,Textiles,1010,560.52,Night,0,0.246
10974,2023-05-15,17,504,Food,543,526.48,Night,0,0.115
10975,2023-05-15,43,479,Electronics,982,498.96,Night,0,0.217
10976,2023-05-15,23,87,Raw Materials,685,389.35,Night,0,0.238
10977,2023-05-15,10,565,Machinery,406,519.21,Day,0,0.283
10978,2023-05-15,26,574,Chemicals,1240,582.77,Day,0,0.092
10979,2023-05-15,7,295,Food,658,491.69,Night,0,0.22
10980,2023-05-15,22,326,Textiles,543,520.74,Night,0,0.2
10981,2023-05-16,10,96,Machinery,132,452.99,Night,0,0.115
10982,2023-05-16,9,622,Machinery,999,504.85,Night,0,0.298
10983,2023-05-16,33,336,Food,1423,553.42,Night,0,0.227
10984,2023-05-16,18,598,Machinery,726,526.97,Day,0,0.237
10985,2023-05-16,31,593,Vehicles,1240,485.36,Day,0,0.27
10986,2023-05-16,46,440,Textiles,1474,514.66,Day,0,0.299
10987,2023-05-16,38,101,Textiles,1094,524.11,Night,0,0.119
10988,2023-05-16,45,148,Textiles,160,518.68,Night,0,0.075
10989,2023-05-16,14,345,Raw Materials,1175,448.9,Day,0,0.14
10990,2023-05-16,32,574,Textiles,520,569.88,Day,0,0.26
10991,2023-05-17,30,392,Electronics,1036,494.66,Night,0,0.05
10992,2023-05-17,45,115,Textiles,192,492.41,Day,0,0.007
10993,2023-05-17,6,286,Electronics,259,530.65,Night,0,0.089
10994,2023-05-17,20,1,Textiles,164,446.6,Day,0,0.038
10995,2023-05-17,9,311,Chemicals,719,535.67,Night,0,0.12
10996,2023-05-17,38,428,Food,1422,543.97,Day,0,0.168
10997,2023-05-17,13,60,Machinery,1053,473.63,Day,0,0.118
10998,2023-05-17,38,339,Food,883,490.76,Night,0,0.052
10999,2023-05-17,26,2,Raw Materials,1016,563.42,Day,0,0.001
11000,2023-05-17,8,95,Textiles,186,362.34,Day,0,0.273
11001,2023-05-17,30,615,Textiles,1414,559.04,Night,0,0.085
11002,2023-05-17,34,520,Food,1137,524.66,Day,0,0.211
11003,2023-05-18,4,192,Chemicals,769,517.28,Night,0,0.022
11004,2023-05-18,7,441,Electronics,925,452.97,Night,0,0.133
11005,2023-05-18,13,111,Chemicals,1201,482.83,Day,0,0.14
11006,2023-05-18,41,135,Machinery,1073,528.82,Night,0,0.193
11007,2023-05-18,3,178,Chemicals,875,442.34,Day,0,0.159
11008,2023-05-18,4,561,Electronics,1119,502.03,Night,0,0.093
11009,2023-05-18,11,56,Chemicals,1315,546.93,Night,0,0.01
11010,2023-05-19,15,635,Machinery,1036,568.08,Day,0,0.177
11011,2023-05-19,41,576,Raw Materials,485,533.45,Night,0,0.183
11012,2023-05-19,46,556,Raw Materials,1474,1306.07,Night,1,0.82
11013,2023-05-19,34,612,Machinery,139,516.68,Night,0,0.098
11014,2023-05-19,17,129,Electronics,906,527.13,Day,0,0.077
11015,2023-05-19,45,126,Chemicals,726,423.04,Night,0,0.203
11016,2023-05-19,35,458,Vehicles,1259,554.05,Night,0,0.007
11017,2023-05-19,35,427,Textiles,274,510.01,Day,0,0.23
11018,2023-05-19,44,600,Raw Materials,889,538.21,Day,0,0.207
11019,2023-05-20,43,276,Machinery,784,524.05,Day,0,0.259
11020,2023-05-20,41,294,Raw Materials,1447,523.32,Day,0,0.281
11021,2023-05-20,6,602,Machinery,554,590.37,Night,0,0.237
11022,2023-05-20,24,136,Textiles,575,508.93,Night,0,0.058
11023,2023-05-20,43,88,Food,859,545.86,Day,0,0.064
11024,2023-05-20,46,609,Machinery,1304,530.76,Night,0,0.283
11025,2023-05-20,1,106,Textiles,795,410.9,Day,0,0.273
11026,2023-05-20,17,431,Textiles,126,430.44,Night,0,0.221
11027,2023-05-20,23,141,Textiles,439,476.61,Day,0,0.267
11028,2023-05-20,10,230,Raw Materials,438,562.68,Night,0,0.187
11029,2023-05-20,42,170,Textiles,1377,475.81,Night,0,0.228
11030,2023-05-20,46,33,Textiles,658,522.78,Night,0,0.016
11031,2023-05-21,44,5,Machinery,1323,477.75,Night,0,0.172
11032,2023-05-21,5,155,Raw Materials,1459,587.47,Day,0,0.02
11033,2023-05-21,7,446,Raw Materials,1169,547.18,Day,0,0.111
11034,2023-05-21,26,288,Raw Materials,1316,597.41,Day,0,0.197
11035,2023-05-21,42,238,Electronics,1357,416.07,Night,0,0.287
11036,2023-05-21,40,145,Electronics,129,502.62,Day,0,0.279
11037,2023-05-21,22,423,Vehicles,429,567.69,Day,0,0.144
11038,2023-05-21,23,171,Raw Materials,613,534.14,Night,0,0.018
11039,2023-05-21,35,554,Food,1373,585.3,Day,0,0.082
11040,2023-05-21,9,382,Chemicals,347,468.77,Day,0,0.006
11041,2023-05-21,27,371,Electronics,1292,461.19,Night,0,0.091
11042,2023-05-21,1,377,Machinery,272,471.78,Night,0,0.266
11043,2023-05-22,8,327,Raw Materials,571,602.76,Day,0,0.046
11044,2023-05-22,20,34,Machinery,153,468.68,Day,0,0.056
11045,2023-05-22,42,540,Machinery,111,500.57,Day,0,0.049
11046,2023-05-22,44,257,Chemicals,924,498.65,Day,0,0.244
11047,2023-05-22,21,433,Textiles,866,466.02,Night,0,0.017
11048,2023-05-22,26,140,Machinery,1329,570.7,Day,0,0.144
11049,2023-05-22,3,545,Chemicals,571,467.1,Day,0,0.106
11050,2023-05-22,36,198,Electronics,196,461.18,Night,0,0.141
11051,2023-05-23,29,411,Electronics,124,503.9,Night,0,0.015
11052,2023-05-23,2,198,Machinery,287,567.54,Day,0,0.076
11053,2023-05-23,13,230,Food,1266,555.82,Night,0,0.24
11054,2023-05-23,28,519,Machinery,563,496.47,Day,0,0.076
11055,2023-05-23,3,455,Raw Materials,676,382.59,Day,0,0.175
11056,2023-05-23,38,530,Textiles,960,557.8,Night,0,0.018
11057,2023-05-23,43,343,Machinery,1090,531.11,Day,0,0.157
11058,2023-05-23,22,176,Chemicals,1315,525.3,Day,0,0.298
11059,2023-05-24,34,429,Vehicles,1499,601.04,Day,0,0.27
11060,2023-05-24,9,570,Food,1223,500.14,Night,0,0.24
11061,2023-05-24,45,178,Chemicals,313,493.52,Day,0,0.175
11062,2023-05-24,30,581,Chemicals,592,514.46,Day,0,0.189
11063,2023-05-24,46,356,Chemicals,822,590.93,Day,0,0.113
11064,2023-05-24,19,399,Vehicles,980,564.73,Night,0,0.223
11065,2023-05-24,19,467,Food,564,431.82,Day,0,0.027
11066,2023-05-24,27,119,Chemicals,645,381.73,Night,0,0.095
11067,2023-05-24,37,258,Machinery,398,435.99,Night,0,0.284
11068,2023-05-24,13,385,Food,542,433.33,Day,0,0.095
11069,2023-05-24,20,546,Machinery,256,506.39,Night,0,0.112
11070,2023-05-24,31,231,Chemicals,527,499.34,Day,0,0.29
11071,2023-05-25,1,311,Chemicals,1293,570.94,Night,0,0.255
11072,2023-05-25,5,285,Machinery,747,538.85,Day,0,0.291
11073,2023-05-25,11,415,Food,634,601.25,Day,0,0.009
11074,2023-05-25,16,421,Chemicals,629,541.89,Day,0,0.273
11075,2023-05-25,41,280,Machinery,277,461.26,Night,0,0.171
11076,2023-05-25,6,299,Food,217,547.38,Day,0,0.024
11077,2023-05-25,26,109,Electronics,541,539.34,Night,0,0.239
11078,2023-05-25,32,111,Textiles,755,602.08,Day,0,0.289
11079,2023-05-25,1,430,Machinery,1480,562.28,Day,0,0.058
11080,2023-05-26,8,132,Food,955,427.9,Night,0,0.254
11081,2023-05-26,16,331,Vehicles,877,588.75,Day,0,0.085
11082,2023-05-26,28,119,Textiles,379,544.26,Day,0,0.062
11083,2023-05-26,13,39,Machinery,1439,471.12,Day,0,0.168
11084,2023-05-26,1,7,Machinery,555,540.87,Night,0,0.159
11085,2023-05-26,36,427,Food,1291,473.37,Night,0,0.268
11086,2023-05-26,44,566,Food,1267,1379.11,Day,1,0.879
11087,2023-05-27,9,65,Raw Materials,155,519.79,Day,0,0.052
11088,2023-05-27,30,223,Raw Materials,510,579.06,Night,0,0.115
11089,2023-05-27,27,483,Machinery,1303,450.03,Night,0,0.178
11090,2023-05-27,21,568,Chemicals,1021,591.34,Day,0,0.095
11091,2023-05-27,42,311,Machinery,757,534.04,Night,0,0.034
11092,2023-05-27,27,148,Textiles,723,401.7,Night,0,0.2
11093,2023-05-27,26,367,Textiles,228,538.05,Night,0,0.253
11094,2023-05-27,25,19,Chemicals,826,470.85,Night,0,0.066
11095,2023-05-27,44,282,Electronics,541,530.69,Night,0,0.078
11096,2023-05-27,46,595,Electronics,1326,542.16,Day,0,0.28
11097,2023-05-27,17,161,Electronics,1244,512.98,Day,0,0.277
11098,2023-05-27,14,5,Food,1127,465.27,Night,0,0.255
11099,2023-05-28,23,193,Raw Materials,1457,505.3,Night,0,0.201
11100,2023-05-28,30,297,Chemicals,1417,521.27,Day,0,0.148
11101,2023-05-28,45,384,Vehicles,433,480.03,Night,0,0.123
11102,2023-05-28,19,427,Textiles,611,497.22,Night,0,0.033
11103,2023-05-28,20,608,Food,476,408.42,Night,0,0.21
11104,2023-05-28,40,477,Raw Materials,558,512.08,Day,0,0.244
11105,2023-05-28,33,340,Textiles,1155,566.58,Night,0,0.096
11106,2023-05-28,17,529,Chemicals,165,507.24,Night,0,0.128
11107,2023-05-28,28,461,Electronics,618,524.96,Day,0,0.016
11108,2023-05-28,24,217,Food,1423,501.53,Night,0,0.06
11109,2023-05-28,12,619,Machinery,1133,547.37,Day,0,0.216
11110,2023-05-28,9,528,Food,324,443.12,Night,0,0.11
11111,2023-05-29,15,431,Chemicals,1230,559.48,Day,0,0.154
11112,2023-05-29,31,324,Textiles,1099,466.67,Night,0,0.112
11113,2023-05-29,18,299,Raw Materials,595,531.78,Night,0,0.278
11114,2023-05-29,23,483,Raw Materials,972,498.44,Night,0,0.014
11115,2023-05-29,28,418,Chemicals,1103,524.17,Night,0,0.097
11116,2023-05-29,10,543,Raw Materials,206,605.08,Day,0,0.268
11117,2023-05-29,46,411,Machinery,977,447.01,Night,0,0.123
11118,2023-05-29,41,205,Vehicles,998,461.13,Day,0,0.11
11119,2023-05-29,9,350,Textiles,1039,403.15,Night,0,0.168
11120,2023-05-29,3,20,Machinery,525,526.74,Day,0,0.264
11121,2023-05-29,16,477,Raw Materials,959,519.22,Day,0,0.291
11122,2023-05-30,36,349,Textiles,1284,363.68,Night,0,0.112
11123,2023-05-30,9,253,Vehicles,197,538.1,Night,0,0.184
11124,2023-05-30,4,411,Chemicals,974,577.56,Night,0,0.263
11125,2023-05-30,30,592,Food,1031,498.6,Night,0,0.049
11126,2023-05-30,3,358,Chemicals,310,463.26,Day,0,0.052
11127,2023-05-30,16,387,Electronics,1344,510.04,Day,0,0.144
11128,2023-05-30,30,85,Textiles,912,429.84,Day,0,0.173
11129,2023-05-30,18,459,Textiles,212,531.05,Day,0,0.139
11130,2023-05-31,35,106,Textiles,1290,517.51,Night,0,0.202
11131,2023-05-31,31,527,Textiles,100,1244.77,Night,1,0.751
11132,2023-05-31,29,631,Vehicles,948,533.5,Day,0,0.138
11133,2023-05-31,25,77,Machinery,178,563.6,Day,0,0.036
11134,2023-05-31,2,455,Raw Materials,819,558.23,Day,0,0.051
11135,2023-05-31,32,527,Food,345,555.33,Night,0,0.111
11136,2023-05-31,43,224,Food,1358,583.15,Day,0,0.134
11137,2023-05-31,44,476,Electronics,810,551.49,Night,0,0.205
11138,2023-05-31,44,531,Textiles,989,530.58,Day,0,0.14
11139,2023-05-31,9,348,Machinery,438,506.79,Night,0,0.116
11140,2023-05-31,42,75,Textiles,1266,452.96,Night,0,0.147
11141,2023-05-31,6,58,Electronics,522,445.74,Day,0,0.037
11142,2023-06-01,44,303,Food,1064,507.74,Night,0,0.169
11143,2023-06-01,13,540,Textiles,614,393.68,Night,0,0.074
11144,2023-06-01,11,277,Textiles,1219,485.3,Night,0,0.189
11145,2023-06-01,35,360,Electronics,558,544.14,Night,0,0.064
11146,2023-06-01,22,131,Food,1344,533.87,Day,0,0.084
11147,2023-06-01,13,416,Vehicles,387,399.59,Day,0,0.208
11148,2023-06-01,44,397,Textiles,687,435.03,Day,0,0.204
11149,2023-06-01,35,347,Chemicals,109,395.95,Day,0,0.254
11150,2023-06-01,32,104,Raw Materials,768,509.48,Day,0,0.153
11151,2023-06-01,10,270,Food,580,533.32,Day,0,0.123
11152,2023-06-02,19,67,Machinery,336,481.98,Night,0,0.178
11153,2023-06-02,36,627,Chemicals,1335,483.19,Day,0,0.159
11154,2023-06-02,31,525,Raw Materials,462,456.33,Night,0,0.059
11155,2023-06-02,32,129,Vehicles,1408,594.58,Night,0,0.14
11156,2023-06-02,22,130,Vehicles,851,477.07,Day,0,0.125
11157,2023-06-02,30,103,Vehicles,1399,491.29,Day,0,0.28
11158,2023-06-02,13,208,Vehicles,954,453.15,Night,0,0.235
11159,2023-06-02,41,10,Chemicals,696,425.58,Night,0,0.105
11160,2023-06-02,14,46,Machinery,366,492.19,Night,0,0.036
11161,2023-06-02,30,109,Vehicles,501,471.0,Night,0,0.235
11162,2023-06-02,33,272,Textiles,1261,624.32,Day,0,0.225
11163,2023-06-02,19,121,Food,576,557.29,Day,0,0.273
11164,2023-06-03,41,614,Vehicles,1255,584.5,Day,0,0.154
11165,2023-06-03,15,454,Electronics,369,497.16,Day,0,0.018
11166,2023-06-03,6,49,Textiles,595,558.54,Day,0,0.065
11167,2023-06-03,6,83,Textiles,1019,555.59,Day,0,0.077
11168,2023-06-03,12,498,Vehicles,1335,479.13,Night,0,0.115
11169,2023-06-03,12,312,Textiles,460,531.13,Day,0,0.153
11170,2023-06-03,16,91,Electronics,978,550.63,Day,0,0.031
11171,2023-06-03,41,209,Textiles,939,470.0,Night,0,0.067
11172,2023-06-03,36,197,Vehicles,636,470.13,Night,0,0.107
11173,2023-06-04,45,557,Machinery,601,494.74,Day,0,0.201
11174,2023-06-04,7,425,Electronics,668,465.63,Night,0,0.271
11175,2023-06-04,45,100,Textiles,433,482.23,Day,0,0.044
11176,2023-06-04,9,319,Textiles,223,453.0,Night,0,0.141
11177,2023-06-04,7,351,Machinery,585,561.11,Night,0,0.044
11178,2023-06-04,33,513,Vehicles,1145,582.79,Night,0,0.019
11179,2023-06-04,10,296,Chemicals,535,477.86,Day,0,0.24
11180,2023-06-04,17,634,Textiles,1196,536.7,Day,0,0.026
11181,2023-06-05,7,158,Machinery,1232,549.82,Night,0,0.076
11182,2023-06-05,39,243,Food,1279,506.27,Night,0,0.112
11183,2023-06-05,45,358,Electronics,264,577.14,Night,0,0.142
11184,2023-06-05,23,217,Food,791,483.09,Night,0,0.149
11185,2023-06-05,28,274,Food,1330,564.2,Day,0,0.035
11186,2023-06-05,6,18,Vehicles,438,541.59,Day,0,0.264
11187,2023-06-05,12,85,Machinery,1263,409.49,Day,0,0.118
11188,2023-06-06,9,5,Electronics,127,544.81,Night,0,0.18
11189,2023-06-06,41,201,Vehicles,1182,526.2,Day,0,0.04
11190,2023-06-06,23,368,Vehicles,153,481.07,Day,0,0.039
11191,2023-06-06,38,513,Raw Materials,543,491.0,Day,0,0.074
11192,2023-06-06,34,140,Food,1482,531.23,Night,0,0.299
11193,2023-06-06,32,576,Machinery,1363,506.41,Night,0,0.281
11194,2023-06-07,23,592,Electronics,216,535.26,Night,0,0.006
11195,2023-06-07,43,404,Food,394,476.38,Day,0,0.102
11196,2023-06-07,30,430,Chemicals,535,410.47,Night,0,0.095
11197,2023-06-07,3,115,Machinery,755,526.28,Day,0,0.206
11198,2023-06-07,26,357,Food,373,521.82,Day,0,0.278
11199,2023-06-07,7,156,Food,102,480.89,Night,0,0.231
11200,2023-06-07,41,479,Food,375,468.5,Night,0,0.214
11201,2023-06-07,21,308,Machinery,1109,538.25,Night,0,0.248
11202,2023-06-07,30,554,Chemicals,342,545.0,Day,0,0.071
11203,2023-06-07,9,355,Raw Materials,1122,456.53,Day,0,0.039
11204,2023-06-07,31,1,Vehicles,867,541.88,Night,0,0.274
11205,2023-06-07,42,394,Electronics,400,494.73,Night,0,0.065
11206,2023-06-08,39,157,Food,1170,1084.1,Day,1,0.989
11207,2023-06-08,33,202,Vehicles,1150,463.41,Night,0,0.037
11208,2023-06-08,9,297,Food,604,525.98,Day,0,0.056
11209,2023-06-08,34,528,Chemicals,814,516.96,Day,0,0.106
11210,2023-06-08,42,176,Vehicles,117,405.86,Night,0,0.189
11211,2023-06-08,45,371,Textiles,855,477.98,Day,0,0.126
11212,2023-06-08,15,219,Electronics,253,496.58,Day,0,0.228
11213,2023-06-08,31,34,Raw Materials,244,475.41,Day,0,0.269
11214,2023-06-08,25,229,Vehicles,1310,527.41,Day,0,0.272
11215,2023-06-09,7,44,Vehicles,989,527.77,Night,0,0.104
11216,2023-06-09,30,113,Chemicals,1434,558.58,Day,0,0.014
11217,2023-06-09,28,510,Raw Materials,561,532.19,Night,0,0.038
11218,2023-06-09,2,447,Chemicals,448,504.59,Night,0,0.136
11219,2023-06-09,15,602,Textiles,1375,519.33,Night,0,0.209
11220,2023-06-09,20,422,Electronics,356,535.82,Night,0,0.074
11221,2023-06-09,22,605,Textiles,1418,548.45,Night,0,0.045
11222,2023-06-09,15,66,Machinery,1115,586.99,Night,0,0.13
11223,2023-06-09,19,605,Chemicals,748,521.45,Day,0,0.142
11224,2023-06-09,22,351,Textiles,754,465.24,Night,0,0.195
11225,2023-06-09,4,391,Textiles,1440,450.58,Night,0,0.117
11226,2023-06-10,23,27,Food,896,549.01,Night,0,0.126
11227,2023-06-10,35,402,Chemicals,499,465.65,Day,0,0.294
11228,2023-06-10,43,74,Textiles,812,478.38,Night,0,0.002
11229,2023-06-10,45,281,Machinery,1464,483.18,Night,0,0.054
11230,2023-06-10,13,564,Chemicals,794,546.69,Day,0,0.112
11231,2023-06-10,36,89,Textiles,685,509.62,Night,0,0.104
11232,2023-06-10,18,420,Food,1031,482.35,Night,0,0.196
11233,2023-06-10,14,478,Machinery,1483,1358.71,Night,1,0.783
11234,2023-06-10,41,415,Vehicles,722,472.6,Day,0,0.027
11235,2023-06-10,46,511,Textiles,1046,488.88,Night,0,0.234
11236,2023-06-11,15,579,Electronics,643,612.35,Night,0,0.061
11237,2023-06-11,8,526,Raw Materials,235,543.88,Day,0,0.156
11238,2023-06-11,24,33,Electronics,1250,440.75,Night,0,0.176
11239,2023-06-11,16,260,Electronics,935,483.5,Night,0,0.158
11240,2023-06-11,12,318,Vehicles,1309,440.53,Night,0,0.04
11241,2023-06-11,10,169,Textiles,520,500.55,Night,0,0.174
11242,2023-06-11,40,86,Textiles,458,418.19,Night,0,0.215
11243,2023-06-11,13,600,Vehicles,1148,483.35,Day,0,0.049
11244,2023-06-11,32,478,Electronics,830,577.89,Night,0,0.242
11245,2023-06-11,14,477,Textiles,254,519.49,Day,0,0.043
11246,2023-06-12,31,438,Vehicles,747,441.28,Night,0,0.002
11247,2023-06-12,13,274,Food,998,511.75,Night,0,0.189
11248,2023-06-12,23,584,Food,839,568.91,Night,0,0.1
11249,2023-06-12,27,140,Chemicals,242,483.04,Day,0,0.203
11250,2023-06-12,1,107,Food,488,497.01,Night,0,0.216
11251,2023-06-12,5,417,Machinery,130,568.77,Day,0,0.054
11252,2023-06-12,9,57,Textiles,627,477.19,Day,0,0.102
11253,2023-06-12,19,445,Chemicals,982,524.63,Night,0,0.063
11254,2023-06-12,40,262,Vehicles,1026,526.9,Day,0,0.148
11255,2023-06-12,14,52,Electronics,1497,546.29,Night,0,0.085
11256,2023-06-12,25,357,Electronics,1052,566.75,Night,0,0.142
11257,2023-06-13,19,138,Textiles,401,513.49,Day,0,0.102
11258,2023-06-13,17,443,Raw Materials,505,561.21,Night,0,0.122
11259,2023-06-13,33,158,Food,1422,582.38,Night,0,0.084
11260,2023-06-13,31,252,Textiles,1404,632.66,Night,0,0.258
11261,2023-06-13,5,359,Textiles,620,451.24,Day,0,0.262
11262,2023-06-13,32,437,Vehicles,431,465.5,Night,0,0.163
11263,2023-06-13,9,269,Chemicals,754,479.81,Night,0,0.251
11264,2023-06-14,37,233,Machinery,836,457.37,Day,0,0.192
11265,2023-06-14,13,416,Food,516,535.67,Day,0,0.183
11266,2023-06-14,14,481,Textiles,1205,550.66,Night,0,0.205
11267,2023-06-14,19,56,Textiles,644,479.39,Day,0,0.049
11268,2023-06-14,21,294,Electronics,597,483.41,Night,0,0.165
11269,2023-06-14,39,623,Raw Materials,279,496.92,Day,0,0.185
11270,2023-06-14,39,170,Electronics,1031,486.44,Day,0,0.086
11271,2023-06-14,17,367,Machinery,541,517.98,Night,0,0.042
11272,2023-06-14,37,401,Textiles,1054,486.3,Day,0,0.263
11273,2023-06-15,2,62,Electronics,381,452.24,Day,0,0.04
11274,2023-06-15,45,634,Textiles,723,495.45,Day,0,0.224
11275,2023-06-15,23,23,Food,158,569.5,Night,0,0.248
11276,2023-06-15,46,138,Food,1108,493.32,Day,0,0.024
11277,2023-06-15,26,507,Raw Materials,1354,470.42,Day,0,0.102
11278,2023-06-15,26,512,Electronics,729,450.68,Night,0,0.229
11279,2023-06-15,8,101,Raw Materials,1046,437.04,Night,0,0.063
11280,2023-06-15,6,116,Textiles,1237,566.07,Day,0,0.211
11281,2023-06-15,45,558,Vehicles,1384,487.56,Day,0,0.17
11282,2023-06-15,10,469,Vehicles,939,479.05,Day,0,0.029
11283,2023-06-15,3,277,Electronics,635,428.11,Night,0,0.262
11284,2023-06-15,17,195,Raw Materials,1005,526.94,Day,0,0.071
11285,2023-06-16,46,15,Electronics,1450,515.41,Night,0,0.204
11286,2023-06-16,8,58,Electronics,1176,570.9,Night,0,0.235
11287,2023-06-16,17,620,Raw Materials,1286,519.98,Night,0,0.001
11288,2023-06-16,42,618,Raw Materials,595,483.51,Day,0,0.108
11289,2023-06-16,22,329,Electronics,1029,559.34,Day,0,0.112
11290,2023-06-16,1,171,Vehicles,1245,567.38,Night,0,0.206
11291,2023-06-17,10,116,Machinery,879,539.8,Night,0,0.171
11292,2023-06-17,38,192,Chemicals,1241,1795.74,Night,1,0.894
11293,2023-06-17,3,525,Raw Materials,973,556.23,Night,0,0.053
11294,2023-06-17,21,583,Textiles,1393,520.43,Day,0,0.201
11295,2023-06-17,41,524,Textiles,1213,560.47,Night,0,0.036
11296,2023-06-17,36,602,Machinery,1030,470.74,Night,0,0.045
11297,2023-06-17,29,115,Raw Materials,150,433.66,Night,0,0.093
11298,2023-06-17,16,356,Textiles,130,411.26,Day,0,0.143
11299,2023-06-17,5,446,Chemicals,1423,493.65,Day,0,0.164
11300,2023-06-17,40,538,Electronics,1180,517.98,Day,0,0.08
11301,2023-06-18,35,23,Electronics,1135,572.42,Day,0,0.158
11302,2023-06-18,26,344,Chemicals,173,542.34,Day,0,0.231
11303,2023-06-18,25,415,Vehicles,799,521.95,Night,0,0.078
11304,2023-06-18,9,206,Food,1362,1250.56,Day,1,0.968
11305,2023-06-18,16,142,Food,1212,543.49,Day,0,0.039
11306,2023-06-18,10,213,Vehicles,1108,546.09,Night,0,0.175
11307,2023-06-18,23,60,Raw Materials,623,564.92,Night,0,0.05
11308,2023-06-19,9,260,Machinery,1365,457.98,Night,0,0.048
11309,2023-06-19,1,371,Textiles,445,513.01,Night,0,0.265
11310,2023-06-19,8,238,Vehicles,1312,472.72,Day,0,0.202
11311,2023-06-19,15,156,Raw Materials,440,465.42,Night,0,0.019
11312,2023-06-19,12,154,Raw Materials,1138,1071.39,Night,1,0.941
11313,2023-06-19,16,330,Raw Materials,135,552.9,Night,0,0.291
11314,2023-06-19,41,325,Electronics,1088,457.56,Night,0,0.073
11315,2023-06-20,30,28,Machinery,1385,571.96,Night,0,0.247
11316,2023-06-20,29,171,Food,968,565.22,Day,0,0.049
11317,2023-06-20,21,472,Chemicals,239,507.8,Day,0,0.085
11318,2023-06-20,26,334,Chemicals,207,425.92,Night,0,0.059
11319,2023-06-20,11,3,Machinery,516,518.1,Night,0,0.173
11320,2023-06-20,18,42,Vehicles,165,489.9,Day,0,0.034
11321,2023-06-20,31,483,Electronics,1373,533.8,Night,0,0.117
11322,2023-06-20,34,146,Raw Materials,328,517.41,Day,0,0.183
11323,2023-06-20,29,143,Food,1452,522.45,Night,0,0.109
11324,2023-06-20,40,256,Machinery,982,473.32,Day,0,0.062
11325,2023-06-20,41,41,Chemicals,1262,499.14,Day,0,0.162
11326,2023-06-21,6,92,Machinery,159,503.01,Day,0,0.222
11327,2023-06-21,25,133,Machinery,694,1447.48,Day,1,0.834
11328,2023-06-21,34,73,Chemicals,764,450.16,Day,0,0.091
11329,2023-06-21,23,209,Machinery,467,490.24,Day,0,0.024
11330,2023-06-21,42,341,Machinery,1441,519.01,Night,0,0.287
11331,2023-06-21,1,78,Food,1124,560.74,Day,0,0.019
11332,2023-06-21,42,361,Food,485,411.22,Night,0,0.113
11333,2023-06-21,35,607,Machinery,1216,544.24,Day,0,0.169
11334,2023-06-22,13,502,Machinery,1307,554.99,Day,0,0.03
11335,2023-06-22,37,125,Chemicals,129,468.13,Day,0,0.147
11336,2023-06-22,34,373,Food,1172,556.54,Day,0,0.189
11337,2023-06-22,26,294,Chemicals,1444,549.46,Day,0,0.251
11338,2023-06-22,8,307,Chemicals,149,1855.33,Night,1,0.886
11339,2023-06-22,9,374,Chemicals,1117,1276.56,Night,1,0.917
11340,2023-06-22,45,238,Textiles,166,486.24,Day,0,0.1
11341,2023-06-22,23,422,Electronics,802,503.01,Night,0,0.058
11342,2023-06-22,16,372,Food,223,449.22,Night,0,0.127
11343,2023-06-22,6,326,Vehicles,663,512.72,Day,0,0.28
11344,2023-06-22,18,8,Food,1283,454.33,Night,0,0.144
11345,2023-06-22,5,46,Machinery,1259,562.86,Day,0,0.271
11346,2023-06-23,36,39,Electronics,1456,514.07,Night,0,0.123
11347,2023-06-23,28,470,Textiles,845,569.98,Day,0,0.2
11348,2023-06-23,34,561,Vehicles,149,449.27,Day,0,0.2
11349,2023-06-23,21,248,Food,546,553.07,Day,0,0.107
11350,2023-06-23,39,393,Raw Materials,951,1469.66,Day,1,0.908
11351,2023-06-23,9,293,Vehicles,274,566.18,Night,0,0.282
11352,2023-06-23,37,282,Chemicals,1128,502.53,Night,0,0.225
11353,2023-06-23,5,338,Chemicals,1128,517.63,Day,0,0.01
11354,2023-06-23,12,563,Chemicals,1000,530.52,Day,0,0.06
11355,2023-06-23,37,333,Food,950,465.53,Night,0,0.199
11356,2023-06-23,41,223,Chemicals,421,509.2,Night,0,0.054
11357,2023-06-23,21,23,Chemicals,692,552.56,Day,0,0.214
11358,2023-06-24,41,231,Chemicals,914,494.71,Day,0,0.024
11359,2023-06-24,6,303,Textiles,1091,529.99,Day,0,0.148
11360,2023-06-24,30,478,Chemicals,878,551.9,Night,0,0.138
11361,2023-06-24,34,317,Machinery,460,579.5,Day,0,0.202
11362,2023-06-24,8,77,Chemicals,606,506.81,Night,0,0.226
11363,2023-06-24,5,571,Vehicles,1426,451.45,Day,0,0.23
11364,2023-06-24,4,240,Machinery,502,539.37,Night,0,0.279
11365,2023-06-24,8,464,Chemicals,607,466.53,Day,0,0.249
11366,2023-06-24,28,228,Textiles,1286,549.3,Night,0,0.037
11367,2023-06-25,36,461,Electronics,308,563.54,Day,0,0.161
11368,2023-06-25,34,250,Chemicals,290,462.67,Day,0,0.257
11369,2023-06-25,1,158,Chemicals,257,1181.39,Day,1,0.908
11370,2023-06-25,4,80,Textiles,250,518.16,Day,0,0.048
11371,2023-06-25,8,52,Electronics,473,477.12,Night,0,0.205
11372,2023-06-25,1,315,Machinery,1381,552.08,Night,0,0.243
11373,2023-06-25,39,364,Textiles,604,471.53,Night,0,0.078
11374,2023-06-25,23,331,Raw Materials,238,439.41,Day,0,0.205
11375,2023-06-25,1,561,Textiles,794,511.23,Night,0,0.089
11376,2023-06-26,5,525,Chemicals,1315,555.23,Day,0,0.241
11377,2023-06-26,26,27,Electronics,1359,473.99,Day,0,0.098
11378,2023-06-26,45,489,Electronics,1337,484.44,Night,0,0.268
11379,2023-06-26,46,550,Chemicals,637,542.95,Day,0,0.064
11380,2023-06-26,6,539,Chemicals,648,500.51,Night,0,0.097
11381,2023-06-26,2,265,Raw Materials,697,481.11,Day,0,0.265
11382,2023-06-26,13,85,Textiles,446,475.55,Night,0,0.185
11383,2023-06-26,16,286,Chemicals,1097,571.34,Night,0,0.059
11384,2023-06-26,28,239,Food,1403,581.72,Night,0,0.02
11385,2023-06-27,3,553,Machinery,580,515.9,Day,0,0.142
11386,2023-06-27,39,481,Chemicals,871,477.5,Night,0,0.193
11387,2023-06-27,32,426,Chemicals,1262,576.3,Day,0,0.084
11388,2023-06-27,39,94,Food,761,468.64,Day,0,0.288
11389,2023-06-27,15,455,Food,415,522.4,Day,0,0.205
11390,2023-06-27,39,614,Vehicles,1419,526.37,Night,0,0.103
11391,2023-06-27,35,7,Electronics,1088,475.76,Night,0,0.157
11392,2023-06-27,22,543,Textiles,436,422.09,Night,0,0.138
11393,2023-06-27,45,211,Machinery,393,544.77,Night,0,0.099
11394,2023-06-27,20,197,Textiles,932,480.18,Night,0,0.017
11395,2023-06-28,43,503,Textiles,1344,533.24,Day,0,0.229
11396,2023-06-28,10,524,Electronics,139,569.88,Day,0,0.236
11397,2023-06-28,6,240,Food,1415,560.37,Day,0,0.041
11398,2023-06-28,18,254,Food,164,544.54,Night,0,0.211
11399,2023-06-28,35,577,Chemicals,282,441.44,Day,0,0.137
11400,2023-06-28,20,495,Raw Materials,1443,545.99,Day,0,0.042
11401,2023-06-28,28,265,Textiles,234,539.57,Day,0,0.23
11402,2023-06-28,29,334,Textiles,1194,546.41,Day,0,0.21
11403,2023-06-28,41,523,Electronics,621,427.63,Night,0,0.158
11404,2023-06-28,32,565,Chemicals,868,518.24,Night,0,0.255
11405,2023-06-28,28,595,Vehicles,250,513.37,Night,0,0.149
11406,2023-06-28,23,272,Electronics,1156,459.06,Day,0,0.237
11407,2023-06-29,11,607,Vehicles,630,486.35,Night,0,0.183
11408,2023-06-29,26,120,Raw Materials,263,473.66,Night,0,0.0
11409,2023-06-29,45,449,Raw Materials,1422,507.02,Night,0,0.015
11410,2023-06-29,41,368,Chemicals,120,574.58,Night,0,0.044
11411,2023-06-29,6,604,Chemicals,624,492.67,Day,0,0.283
11412,2023-06-29,31,297,Raw Materials,1103,444.99,Night,0,0.114
11413,2023-06-29,20,150,Textiles,1195,463.44,Day,0,0.288
11414,2023-06-29,4,450,Machinery,502,538.44,Day,0,0.154
11415,2023-06-29,5,314,Vehicles,433,1657.94,Night,1,0.992
11416,2023-06-30,6,406,Food,727,517.56,Night,0,0.21
11417,2023-06-30,40,231,Chemicals,1169,466.61,Night,0,0.129
11418,2023-06-30,22,569,Vehicles,1165,607.46,Day,0,0.205
11419,2023-06-30,22,144,Machinery,476,470.87,Night,0,0.056
11420,2023-06-30,44,493,Electronics,363,444.38,Night,0,0.264
11421,2023-06-30,35,246,Raw Materials,1289,456.47,Night,0,0.291
11422,2023-06-30,39,618,Vehicles,371,520.98,Day,0,0.003
11423,2023-06-30,39,404,Textiles,431,524.45,Night,0,0.085
11424,2023-06-30,7,273,Food,1268,483.52,Night,0,0.051
11425,2023-06-30,13,306,Electronics,783,382.13,Night,0,0.028
11426,2023-06-30,38,322,Chemicals,943,481.95,Day,0,0.147
11427,2023-07-01,21,248,Chemicals,627,465.09,Night,0,0.263
11428,2023-07-01,16,389,Textiles,966,560.83,Night,0,0.243
11429,2023-07-01,13,198,Electronics,648,530.8,Day,0,0.065
11430,2023-07-01,45,146,Raw Materials,1388,423.77,Day,0,0.143
11431,2023-07-01,34,202,Raw Materials,1443,511.37,Night,0,0.113
11432,2023-07-01,40,521,Vehicles,286,545.35,Night,0,0.076
11433,2023-07-01,24,260,Electronics,503,493.24,Day,0,0.211
11434,2023-07-01,6,146,Chemicals,241,496.12,Day,0,0.158
11435,2023-07-01,4,499,Machinery,1113,1445.71,Night,1,0.704
11436,2023-07-02,12,313,Chemicals,922,634.8,Day,0,0.037
11437,2023-07-02,26,2,Raw Materials,508,610.72,Night,0,0.244
11438,2023-07-02,25,392,Vehicles,682,563.52,Day,0,0.283
11439,2023-07-02,14,531,Raw Materials,685,513.12,Day,0,0.147
11440,2023-07-02,40,370,Textiles,1004,379.43,Day,0,0.171
11441,2023-07-02,39,462,Food,680,506.63,Night,0,0.083
11442,2023-07-02,44,384,Electronics,1229,1408.65,Night,1,0.767
11443,2023-07-02,31,406,Chemicals,681,596.41,Day,0,0.162
11444,2023-07-02,7,56,Food,134,571.68,Day,0,0.161
11445,2023-07-02,21,193,Chemicals,1396,501.37,Night,0,0.055
11446,2023-07-03,28,489,Raw Materials,512,522.91,Day,0,0.234
11447,2023-07-03,30,542,Food,951,472.93,Day,0,0.024
11448,2023-07-03,37,540,Textiles,913,478.2,Day,0,0.165
11449,2023-07-03,31,534,Vehicles,501,428.67,Night,0,0.113
11450,2023-07-03,32,427,Vehicles,377,511.44,Day,0,0.029
11451,2023-07-03,9,316,Textiles,144,541.2,Night,0,0.16
11452,2023-07-04,28,310,Electronics,1097,580.29,Day,0,0.176
11453,2023-07-04,38,43,Vehicles,548,527.0,Day,0,0.207
11454,2023-07-04,33,232,Chemicals,1423,536.14,Day,0,0.128
11455,2023-07-04,42,450,Food,973,559.76,Day,0,0.018
11456,2023-07-04,13,96,Textiles,940,451.53,Day,0,0.241
11457,2023-07-04,44,255,Electronics,673,586.03,Day,0,0.299
11458,2023-07-04,12,525,Raw Materials,563,465.55,Night,0,0.128
11459,2023-07-04,12,147,Electronics,1086,581.51,Day,0,0.014
11460,2023-07-04,22,472,Food,1088,500.98,Day,0,0.193
11461,2023-07-05,18,67,Raw Materials,873,494.2,Day,0,0.17
11462,2023-07-05,4,377,Chemicals,961,575.19,Day,0,0.231
11463,2023-07-05,25,425,Textiles,224,546.59,Night,0,0.207
11464,2023-07-05,35,103,Machinery,877,527.35,Night,0,0.041
11465,2023-07-05,6,267,Vehicles,261,590.92,Night,0,0.123
11466,2023-07-05,26,357,Chemicals,153,575.69,Day,0,0.132
11467,2023-07-05,29,225,Food,625,471.78,Night,0,0.155
11468,2023-07-05,9,336,Chemicals,1059,518.03,Night,0,0.145
11469,2023-07-05,8,576,Vehicles,741,576.08,Night,0,0.146
11470,2023-07-05,2,66,Textiles,674,521.14,Night,0,0.088
11471,2023-07-06,34,37,Food,926,458.32,Day,0,0.125
11472,2023-07-06,4,325,Chemicals,736,529.58,Night,0,0.208
11473,2023-07-06,23,194,Electronics,1471,372.05,Night,0,0.037
11474,2023-07-06,15,53,Vehicles,455,470.19,Day,0,0.12
11475,2023-07-06,5,567,Machinery,1335,566.4,Day,0,0.138
11476,2023-07-06,7,251,Chemicals,1249,541.03,Night,0,0.147
11477,2023-07-06,10,257,Raw Materials,165,521.64,Day,0,0.077
11478,2023-07-06,22,38,Textiles,276,448.96,Night,0,0.237
11479,2023-07-06,4,556,Vehicles,1238,667.17,Day,0,0.293
11480,2023-07-06,44,154,Raw Materials,1384,563.32,Night,0,0.021
11481,2023-07-06,29,261,Chemicals,1460,614.1,Day,0,0.076
11482,2023-07-07,22,116,Electronics,102,402.77,Day,0,0.019
11483,2023-07-07,42,117,Vehicles,515,492.34,Day,0,0.079
11484,2023-07-07,12,440,Chemicals,452,518.57,Night,0,0.094
11485,2023-07-07,13,271,Food,846,454.72,Night,0,0.267
11486,2023-07-07,32,553,Vehicles,1291,424.97,Night,0,0.073
11487,2023-07-07,16,535,Machinery,715,583.31,Night,0,0.078
11488,2023-07-07,10,159,Food,283,605.41,Night,0,0.216
11489,2023-07-07,23,213,Raw Materials,1088,474.45,Night,0,0.042
11490,2023-07-07,8,8,Machinery,566,511.17,Day,0,0.165
11491,2023-07-07,5,62,Raw Materials,1312,536.78,Night,0,0.123
11492,2023-07-08,41,6,Raw Materials,1459,507.66,Night,0,0.055
11493,2023-07-08,5,270,Raw Materials,631,512.47,Night,0,0.272
11494,2023-07-08,42,280,Chemicals,663,413.15,Day,0,0.229
11495,2023-07-08,37,230,Textiles,651,585.23,Day,0,0.085
11496,2023-07-08,6,459,Machinery,1114,506.14,Day,0,0.059
11497,2023-07-08,25,497,Electronics,1494,475.14,Night,0,0.221
11498,2023-07-08,30,589,Raw Materials,1158,571.31,Day,0,0.214
11499,2023-07-08,35,176,Raw Materials,553,1087.98,Night,1,0.766
11500,2023-07-08,25,456,Food,202,444.09,Day,0,0.169
11501,2023-07-08,11,169,Electronics,1447,529.14,Night,0,0.13
11502,2023-07-08,27,21,Food,191,392.52,Night,0,0.079
11503,2023-07-08,11,478,Machinery,512,499.12,Night,0,0.058
11504,2023-07-09,31,377,Textiles,197,498.65,Night,0,0.116
11505,2023-07-09,29,361,Electronics,519,479.49,Day,0,0.147
11506,2023-07-09,24,344,Textiles,975,456.62,Day,0,0.158
11507,2023-07-09,40,223,Electronics,333,563.25,Night,0,0.069
11508,2023-07-09,4,333,Vehicles,1478,501.01,Night,0,0.248
11509,2023-07-09,43,190,Food,1233,576.89,Night,0,0.021
11510,2023-07-09,32,518,Textiles,1094,547.22,Night,0,0.203
11511,2023-07-09,36,547,Raw Materials,560,471.16,Night,0,0.001
11512,2023-07-09,13,363,Food,1251,536.47,Day,0,0.284
11513,2023-07-09,40,630,Chemicals,762,497.98,Night,0,0.259
11514,2023-07-09,28,199,Textiles,184,505.46,Day,0,0.01
11515,2023-07-09,35,414,Chemicals,258,542.18,Day,0,0.186
11516,2023-07-10,14,326,Electronics,166,488.69,Day,0,0.156
11517,2023-07-10,1,409,Vehicles,1323,477.82,Day,0,0.002
11518,2023-07-10,39,185,Vehicles,668,556.21,Night,0,0.289
11519,2023-07-10,36,633,Chemicals,671,498.55,Day,0,0.138
11520,2023-07-10,23,334,Food,291,504.19,Day,0,0.19
11521,2023-07-10,33,370,Textiles,1287,580.91,Night,0,0.028
11522,2023-07-10,40,420,Chemicals,340,492.83,Day,0,0.157
11523,2023-07-10,35,406,Vehicles,1422,603.33,Day,0,0.163
11524,2023-07-10,37,314,Raw Materials,756,572.11,Night,0,0.147
11525,2023-07-11,7,148,Food,423,490.48,Day,0,0.085
11526,2023-07-11,7,626,Machinery,737,594.25,Day,0,0.062
11527,2023-07-11,31,207,Textiles,202,531.96,Day,0,0.18
11528,2023-07-11,6,232,Food,304,1732.8,Day,1,0.971
11529,2023-07-11,4,400,Chemicals,331,489.56,Day,0,0.006
11530,2023-07-11,40,107,Food,883,577.47,Night,0,0.185
11531,2023-07-11,5,321,Chemicals,179,454.54,Night,0,0.14
11532,2023-07-11,26,250,Raw Materials,1278,519.15,Day,0,0.231
11533,2023-07-11,42,205,Chemicals,314,477.04,Night,0,0.215
11534,2023-07-11,22,276,Textiles,706,492.97,Day,0,0.287
11535,2023-07-11,9,446,Chemicals,1420,528.52,Day,0,0.188
11536,2023-07-12,27,210,Food,1253,467.23,Night,0,0.049
11537,2023-07-12,28,210,Raw Materials,1384,493.83,Night,0,0.238
11538,2023-07-12,45,172,Vehicles,1038,394.94,Night,0,0.158
11539,2023-07-12,3,497,Machinery,945,1928.35,Night,1,0.965
11540,2023-07-12,27,327,Food,1387,472.06,Night,0,0.191
11541,2023-07-12,41,326,Food,1279,455.72,Night,0,0.129
11542,2023-07-12,11,305,Chemicals,1083,608.69,Day,0,0.077
11543,2023-07-12,35,486,Electronics,113,538.82,Night,0,0.075
11544,2023-07-12,35,146,Electronics,956,436.37,Night,0,0.012
11545,2023-07-12,36,470,Chemicals,283,496.66,Day,0,0.153
11546,2023-07-12,33,56,Raw Materials,101,442.79,Day,0,0.014
11547,2023-07-12,45,413,Machinery,147,613.17,Night,0,0.156
11548,2023-07-13,13,419,Machinery,1193,456.14,Night,0,0.217
11549,2023-07-13,23,536,Food,600,469.07,Day,0,0.16
11550,2023-07-13,36,86,Textiles,955,435.16,Night,0,0.246
11551,2023-07-13,20,307,Food,1395,486.17,Night,0,0.055
11552,2023-07-13,4,479,Raw Materials,483,440.62,Day,0,0.047
11553,2023-07-13,30,231,Textiles,1353,576.15,Day,0,0.153
11554,2023-07-13,43,592,Chemicals,1081,482.92,Night,0,0.134
11555,2023-07-13,25,213,Food,795,527.72,Day,0,0.265
11556,2023-07-13,14,499,Textiles,1150,490.58,Night,0,0.018
11557,2023-07-13,24,307,Food,245,461.18,Day,0,0.015
11558,2023-07-13,44,359,Electronics,1106,493.62,Night,0,0.162
11559,2023-07-14,38,586,Vehicles,1452,605.86,Night,0,0.265
11560,2023-07-14,7,546,Food,1355,553.88,Day,0,0.231
11561,2023-07-14,34,220,Electronics,446,472.59,Night,0,0.261
11562,2023-07-14,37,37,Textiles,1018,509.21,Night,0,0.223
11563,2023-07-14,45,459,Machinery,1245,552.85,Night,0,0.073
11564,2023-07-14,24,450,Food,305,1230.1,Night,1,0.824
11565,2023-07-14,38,621,Chemicals,257,589.85,Night,0,0.053
11566,2023-07-15,8,412,Electronics,630,459.52,Night,0,0.189
11567,2023-07-15,14,151,Chemicals,1405,452.92,Night,0,0.292
11568,2023-07-15,28,301,Chemicals,578,472.17,Night,0,0.297
11569,2023-07-15,11,307,Vehicles,1343,526.57,Night,0,0.032
11570,2023-07-15,30,208,Machinery,320,398.18,Night,0,0.254
11571,2023-07-15,12,532,Chemicals,580,533.66,Night,0,0.238
11572,2023-07-15,40,357,Chemicals,301,471.72,Day,0,0.099
11573,2023-07-15,41,544,Textiles,1445,515.57,Night,0,0.234
11574,2023-07-15,25,500,Electronics,1369,1305.13,Night,1,0.998
11575,2023-07-15,14,325,Vehicles,1393,513.4,Night,0,0.161
11576,2023-07-16,12,73,Electronics,783,1806.4,Day,1,0.931
11577,2023-07-16,19,523,Vehicles,283,466.98,Night,0,0.108
11578,2023-07-16,23,496,Electronics,677,466.24,Night,0,0.239
11579,2023-07-16,30,294,Chemicals,804,448.66,Night,0,0.192
11580,2023-07-16,32,396,Raw Materials,259,598.19,Night,0,0.24
11581,2023-07-16,15,311,Machinery,1040,460.71,Night,0,0.231
11582,2023-07-16,6,588,Food,1018,503.43,Night,0,0.111
11583,2023-07-17,42,301,Chemicals,1055,553.71,Night,0,0.258
11584,2023-07-17,43,510,Chemicals,255,415.07,Day,0,0.25
11585,2023-07-17,14,593,Textiles,409,529.3,Night,0,0.158
11586,2023-07-17,11,477,Electronics,1005,501.56,Day,0,0.014
11587,2023-07-17,29,342,Vehicles,222,521.38,Night,0,0.241
11588,2023-07-17,8,269,Machinery,730,451.59,Day,0,0.009
11589,2023-07-18,42,101,Textiles,831,493.43,Night,0,0.165
11590,2023-07-18,31,75,Food,277,394.16,Night,0,0.076
11591,2023-07-18,29,545,Raw Materials,1220,457.37,Night,0,0.184
11592,2023-07-18,25,161,Vehicles,144,462.5,Day,0,0.253
11593,2023-07-18,32,268,Vehicles,735,531.87,Night,0,0.293
11594,2023-07-18,20,575,Chemicals,1272,511.34,Day,0,0.196
11595,2023-07-18,22,112,Food,1104,452.03,Day,0,0.068
11596,2023-07-18,34,368,Chemicals,875,528.9,Night,0,0.185
11597,2023-07-18,12,274,Food,281,1398.96,Day,1,0.882
11598,2023-07-18,44,474,Chemicals,1406,558.06,Day,0,0.078
11599,2023-07-18,9,329,Electronics,1164,476.12,Night,0,0.034
11600,2023-07-19,26,277,Vehicles,1069,490.95,Night,0,0.179
11601,2023-07-19,41,575,Food,308,476.7,Night,0,0.106
11602,2023-07-19,45,143,Chemicals,1493,502.88,Night,0,0.088
11603,2023-07-19,29,11,Raw Materials,877,486.0,Night,0,0.259
11604,2023-07-19,41,452,Vehicles,1487,526.19,Night,0,0.241
11605,2023-07-19,35,454,Textiles,1483,520.86,Day,0,0.162
11606,2023-07-19,37,569,Textiles,463,1891.7,Day,1,0.852
11607,2023-07-19,38,433,Raw Materials,866,476.48,Day,0,0.235
11608,2023-07-19,22,515,Textiles,1169,574.63,Night,0,0.004
11609,2023-07-19,9,137,Chemicals,1397,597.19,Day,0,0.255
11610,2023-07-19,20,106,Raw Materials,327,455.92,Night,0,0.114
11611,2023-07-20,43,275,Textiles,739,1017.98,Night,1,0.765
11612,2023-07-20,38,121,Vehicles,824,486.69,Night,0,0.228
11613,2023-07-20,10,523,Food,531,496.54,Night,0,0.178
11614,2023-07-20,7,74,Electronics,586,434.15,Night,0,0.013
11615,2023-07-20,36,199,Electronics,990,476.65,Day,0,0.279
11616,2023-07-20,46,285,Machinery,860,527.7,Day,0,0.142
11617,2023-07-20,33,440,Food,993,636.16,Day,0,0.138
11618,2023-07-20,22,429,Machinery,1328,569.23,Day,0,0.062
11619,2023-07-20,36,225,Electronics,403,494.01,Day,0,0.113
11620,2023-07-20,32,510,Raw Materials,997,565.58,Day,0,0.161
11621,2023-07-20,38,21,Vehicles,1131,474.65,Day,0,0.084
11622,2023-07-21,8,378,Textiles,1229,577.77,Night,0,0.063
11623,2023-07-21,9,171,Chemicals,683,466.59,Day,0,0.05
11624,2023-07-21,37,26,Chemicals,784,477.2,Day,0,0.032
11625,2023-07-21,18,228,Food,245,610.12,Day,0,0.231
11626,2023-07-21,12,460,Textiles,551,433.95,Night,0,0.018
11627,2023-07-21,19,420,Food,215,482.77,Night,0,0.221
11628,2023-07-21,16,527,Vehicles,1185,567.34,Day,0,0.051
11629,2023-07-21,27,550,Textiles,875,477.1,Day,0,0.192
11630,2023-07-22,29,453,Machinery,689,552.86,Night,0,0.117
11631,2023-07-22,45,40,Food,940,495.17,Day,0,0.264
11632,2023-07-22,40,504,Raw Materials,812,1140.22,Night,1,0.956
11633,2023-07-22,31,423,Machinery,373,473.36,Day,0,0.146
11634,2023-07-22,8,385,Textiles,930,558.72,Day,0,0.26
11635,2023-07-22,43,571,Textiles,388,522.09,Day,0,0.032
11636,2023-07-23,26,557,Electronics,815,538.75,Day,0,0.253
11637,2023-07-23,33,561,Textiles,141,581.31,Night,0,0.142
11638,2023-07-23,7,281,Vehicles,266,610.58,Day,0,0.119
11639,2023-07-23,6,505,Machinery,469,547.47,Night,0,0.156
11640,2023-07-23,24,488,Electronics,1039,1577.35,Night,1,0.844
11641,2023-07-23,5,266,Electronics,938,542.96,Night,0,0.085
11642,2023-07-23,37,327,Food,852,469.17,Night,0,0.054
11643,2023-07-23,45,448,Machinery,621,483.89,Night,0,0.108
11644,2023-07-23,1,609,Textiles,205,488.45,Day,0,0.138
11645,2023-07-23,39,575,Food,1402,554.91,Night,0,0.063
11646,2023-07-23,34,566,Raw Materials,1176,558.97,Day,0,0.076
11647,2023-07-24,1,607,Machinery,520,473.12,Night,0,0.242
11648,2023-07-24,46,340,Chemicals,1437,431.42,Day,0,0.026
11649,2023-07-24,32,536,Raw Materials,282,485.13,Night,0,0.261
11650,2023-07-24,7,501,Textiles,980,564.63,Night,0,0.284
11651,2023-07-24,6,211,Vehicles,662,530.64,Night,0,0.216
11652,2023-07-24,7,621,Machinery,638,590.39,Night,0,0.181
11653,2023-07-25,15,150,Vehicles,357,420.02,Night,0,0.085
11654,2023-07-25,10,98,Food,687,517.55,Night,0,0.019
11655,2023-07-25,34,607,Vehicles,828,518.18,Night,0,0.011
11656,2023-07-25,25,444,Chemicals,248,514.1,Night,0,0.003
11657,2023-07-25,4,97,Machinery,807,434.06,Night,0,0.152
11658,2023-07-25,42,25,Raw Materials,1411,519.72,Day,0,0.227
11659,2023-07-25,3,176,Textiles,938,548.64,Day,0,0.212
11660,2023-07-25,4,263,Electronics,1332,560.03,Night,0,0.283
11661,2023-07-25,32,359,Raw Materials,227,369.36,Night,0,0.029
11662,2023-07-25,33,514,Chemicals,196,567.0,Night,0,0.296
11663,2023-07-25,29,527,Raw Materials,1451,544.5,Day,0,0.288
11664,2023-07-25,35,562,Machinery,757,467.87,Day,0,0.295
11665,2023-07-26,23,434,Machinery,1226,501.52,Day,0,0.09
11666,2023-07-26,34,49,Textiles,1081,471.97,Night,0,0.004
11667,2023-07-26,30,69,Textiles,1172,525.22,Night,0,0.256
11668,2023-07-26,17,413,Food,500,462.49,Day,0,0.054
11669,2023-07-26,36,191,Raw Materials,1143,602.67,Night,0,0.177
11670,2023-07-26,9,340,Raw Materials,958,557.85,Day,0,0.261
11671,2023-07-26,11,548,Raw Materials,907,463.61,Day,0,0.201
11672,2023-07-26,40,386,Raw Materials,663,515.76,Night,0,0.002
11673,2023-07-26,4,74,Textiles,577,490.07,Day,0,0.05
11674,2023-07-27,32,240,Electronics,1142,490.75,Day,0,0.145
11675,2023-07-27,2,546,Food,525,464.6,Day,0,0.16
11676,2023-07-27,5,625,Food,412,526.71,Night,0,0.093
11677,2023-07-27,19,63,Food,1353,441.37,Night,0,0.141
11678,2023-07-27,38,585,Chemicals,402,523.79,Day,0,0.28
11679,2023-07-27,34,306,Textiles,765,527.05,Day,0,0.11
11680,2023-07-27,42,583,Textiles,524,509.55,Night,0,0.08
11681,2023-07-27,38,519,Chemicals,185,548.78,Day,0,0.074
11682,2023-07-27,21,606,Food,444,476.78,Night,0,0.126
11683,2023-07-27,27,266,Machinery,1027,536.22,Day,0,0.291
11684,2023-07-27,45,549,Machinery,194,504.34,Day,0,0.159
11685,2023-07-28,26,138,Machinery,1132,477.45,Day,0,0.202
11686,2023-07-28,5,276,Textiles,1020,506.6,Night,0,0.209
11687,2023-07-28,39,320,Machinery,1328,487.7,Night,0,0.222
11688,2023-07-28,12,388,Food,682,485.03,Day,0,0.249
11689,2023-07-28,40,139,Vehicles,406,1411.71,Night,1,0.938
11690,2023-07-28,37,575,Chemicals,800,497.61,Day,0,0.275
11691,2023-07-28,10,256,Textiles,683,431.07,Night,0,0.078
11692,2023-07-29,31,495,Vehicles,461,536.8,Night,0,0.107
11693,2023-07-29,21,374,Food,373,1575.92,Day,1,0.773
11694,2023-07-29,20,154,Machinery,643,487.53,Night,0,0.048
11695,2023-07-29,3,234,Textiles,185,609.86,Night,0,0.22
11696,2023-07-29,7,549,Food,597,494.34,Night,0,0.161
11697,2023-07-29,12,436,Food,1429,436.62,Day,0,0.247
11698,2023-07-29,13,552,Raw Materials,480,487.71,Night,0,0.181
11699,2023-07-29,30,342,Raw Materials,905,503.42,Night,0,0.271
11700,2023-07-29,19,289,Raw Materials,256,509.12,Day,0,0.228
11701,2023-07-29,13,184,Food,655,494.07,Day,0,0.143
11702,2023-07-30,32,569,Textiles,737,525.08,Night,0,0.224
11703,2023-07-30,4,375,Textiles,382,393.12,Night,0,0.283
11704,2023-07-30,31,258,Raw Materials,483,471.0,Night,0,0.113
11705,2023-07-30,24,342,Chemicals,425,488.99,Night,0,0.093
11706,2023-07-30,12,22,Machinery,424,465.97,Day,0,0.11
11707,2023-07-30,23,139,Textiles,1253,520.34,Night,0,0.171
11708,2023-07-31,15,458,Electronics,273,628.3,Night,0,0.249
11709,2023-07-31,12,112,Textiles,751,523.01,Day,0,0.06
11710,2023-07-31,17,619,Machinery,461,500.72,Night,0,0.195
11711,2023-07-31,3,180,Food,650,510.57,Day,0,0.183
11712,2023-07-31,15,274,Food,1204,472.21,Night,0,0.062
11713,2023-07-31,18,4,Vehicles,1098,470.43,Day,0,0.114
11714,2023-07-31,9,22,Chemicals,1002,454.48,Day,0,0.109
11715,2023-08-01,22,368,Raw Materials,547,551.36,Day,0,0.236
11716,2023-08-01,45,258,Food,929,528.04,Day,0,0.063
11717,2023-08-01,7,39,Food,284,521.24,Night,0,0.237
11718,2023-08-01,35,76,Electronics,318,553.0,Day,0,0.174
11719,2023-08-01,38,461,Raw Materials,397,458.28,Night,0,0.232
11720,2023-08-01,6,463,Chemicals,619,530.0,Day,0,0.117
11721,2023-08-01,15,534,Textiles,158,593.41,Day,0,0.157
11722,2023-08-01,31,93,Chemicals,951,573.65,Day,0,0.242
11723,2023-08-01,15,272,Textiles,413,1772.59,Night,1,0.924
11724,2023-08-01,44,505,Machinery,264,566.44,Day,0,0.117
11725,2023-08-02,46,483,Food,1190,580.52,Day,0,0.157
11726,2023-08-02,24,239,Electronics,308,1183.06,Day,1,0.769
11727,2023-08-02,44,372,Textiles,500,510.24,Night,0,0.131
11728,2023-08-02,6,165,Machinery,1310,497.23,Day,0,0.076
11729,2023-08-02,25,247,Food,147,416.24,Night,0,0.047
11730,2023-08-02,1,212,Electronics,1228,496.92,Day,0,0.267
11731,2023-08-02,39,64,Machinery,898,547.02,Day,0,0.192
11732,2023-08-02,36,375,Chemicals,616,467.87,Night,0,0.101
11733,2023-08-02,13,530,Vehicles,205,476.14,Day,0,0.152
11734,2023-08-03,21,563,Electronics,600,492.45,Night,0,0.293
11735,2023-08-03,40,497,Machinery,763,553.96,Day,0,0.024
11736,2023-08-03,15,7,Chemicals,687,421.73,Day,0,0.251
11737,2023-08-03,37,160,Food,922,445.28,Night,0,0.031
11738,2023-08-03,45,488,Food,774,426.63,Night,0,0.253
11739,2023-08-03,1,338,Textiles,1359,554.24,Night,0,0.003
11740,2023-08-03,39,400,Electronics,1155,532.2,Night,0,0.153
11741,2023-08-03,37,379,Machinery,652,570.58,Day,0,0.1
11742,2023-08-03,38,439,Electronics,1193,405.31,Day,0,0.147
11743,2023-08-04,41,544,Textiles,1183,406.07,Night,0,0.267
11744,2023-08-04,8,603,Vehicles,140,514.12,Night,0,0.111
11745,2023-08-04,25,63,Raw Materials,1481,647.94,Night,0,0.09
11746,2023-08-04,30,593,Chemicals,476,549.29,Day,0,0.1
11747,2023-08-04,22,223,Textiles,336,559.53,Day,0,0.081
11748,2023-08-04,4,136,Vehicles,224,499.86,Day,0,0.218
11749,2023-08-05,3,614,Textiles,1468,567.89,Night,0,0.204
11750,2023-08-05,11,328,Raw Materials,165,361.87,Night,0,0.005
11751,2023-08-05,38,208,Raw Materials,1000,541.04,Day,0,0.01
11752,2023-08-05,1,521,Textiles,1004,610.03,Day,0,0.231
11753,2023-08-05,35,570,Machinery,1494,506.5,Night,0,0.089
11754,2023-08-05,34,435,Electronics,364,476.07,Day,0,0.197
11755,2023-08-06,25,621,Textiles,180,591.6,Night,0,0.198
11756,2023-08-06,6,417,Textiles,1473,516.0,Night,0,0.019
11757,2023-08-06,27,356,Electronics,987,647.11,Day,0,0.186
11758,2023-08-06,40,207,Textiles,1050,455.71,Day,0,0.223
11759,2023-08-06,4,519,Textiles,1364,513.15,Night,0,0.015
11760,2023-08-06,12,359,Textiles,1304,579.13,Day,0,0.175
11761,2023-08-06,16,28,Raw Materials,1343,541.03,Night,0,0.111
11762,2023-08-07,20,117,Food,316,457.92,Night,0,0.066
11763,2023-08-07,24,110,Raw Materials,1150,471.22,Night,0,0.101
11764,2023-08-07,12,14,Vehicles,317,530.74,Day,0,0.263
11765,2023-08-07,10,57,Food,962,517.99,Day,0,0.154
11766,2023-08-07,12,566,Vehicles,534,578.93,Night,0,0.197
11767,2023-08-07,17,126,Machinery,581,508.47,Day,0,0.092
11768,2023-08-07,34,502,Textiles,885,413.72,Night,0,0.254
11769,2023-08-07,36,336,Food,499,520.04,Night,0,0.135
11770,2023-08-07,38,409,Electronics,784,593.67,Day,0,0.128
11771,2023-08-08,32,291,Chemicals,1282,448.61,Day,0,0.222
11772,2023-08-08,40,6,Food,199,458.17,Night,0,0.071
11773,2023-08-08,15,100,Vehicles,1262,554.81,Night,0,0.262
11774,2023-08-08,33,487,Food,931,502.47,Day,0,0.16
11775,2023-08-08,22,618,Chemicals,873,446.49,Day,0,0.014
11776,2023-08-08,43,111,Vehicles,115,480.51,Night,0,0.084
11777,2023-08-09,25,523,Vehicles,604,469.35,Day,0,0.202
11778,2023-08-09,16,74,Textiles,1001,568.46,Day,0,0.051
11779,2023-08-09,8,516,Raw Materials,276,506.95,Day,0,0.09
11780,2023-08-09,16,354,Textiles,1022,498.56,Day,0,0.128
11781,2023-08-09,34,347,Raw Materials,1032,486.67,Night,0,0.121
11782,2023-08-09,38,354,Chemicals,756,511.47,Day,0,0.277
11783,2023-08-09,36,636,Vehicles,791,535.23,Day,0,0.104
11784,2023-08-09,31,320,Raw Materials,903,543.67,Night,0,0.267
11785,2023-08-09,20,188,Raw Materials,181,520.58,Day,0,0.157
11786,2023-08-10,11,226,Raw Materials,169,536.39,Night,0,0.039
11787,2023-08-10,18,32,Food,1427,601.04,Day,0,0.162
11788,2023-08-10,33,333,Textiles,899,511.68,Day,0,0.13
11789,2023-08-10,44,118,Textiles,260,533.7,Night,0,0.209
11790,2023-08-10,1,91,Vehicles,1426,453.86,Night,0,0.168
11791,2023-08-10,7,4,Vehicles,308,419.56,Day,0,0.045
11792,2023-08-11,12,435,Electronics,744,490.66,Night,0,0.146
11793,2023-08-11,22,531,Electronics,1349,584.73,Day,0,0.045
11794,2023-08-11,7,289,Chemicals,205,535.84,Night,0,0.251
11795,2023-08-11,41,619,Raw Materials,1010,557.68,Day,0,0.093
11796,2023-08-11,45,39,Machinery,366,1539.2,Day,1,0.911
11797,2023-08-11,10,351,Raw Materials,1014,530.86,Night,0,0.154
11798,2023-08-11,42,631,Electronics,388,499.72,Night,0,0.141
11799,2023-08-11,23,381,Vehicles,724,448.75,Day,0,0.185
11800,2023-08-11,30,349,Textiles,695,514.39,Day,0,0.032
11801,2023-08-11,45,593,Electronics,1033,480.35,Day,0,0.132
11802,2023-08-11,6,496,Textiles,584,1533.34,Night,1,0.815
11803,2023-08-12,30,510,Food,622,437.99,Night,0,0.25
11804,2023-08-12,31,38,Electronics,514,579.54,Day,0,0.215
11805,2023-08-12,32,229,Raw Materials,1321,566.54,Day,0,0.061
11806,2023-08-12,46,45,Chemicals,228,509.59,Day,0,0.296
11807,2023-08-12,31,293,Chemicals,1109,520.88,Day,0,0.065
11808,2023-08-12,10,309,Food,566,581.2,Day,0,0.261
11809,2023-08-12,2,120,Food,1482,501.08,Day,0,0.159
11810,2023-08-12,4,115,Machinery,965,499.8,Day,0,0.291
11811,2023-08-12,41,515,Chemicals,1232,505.29,Night,0,0.009
11812,2023-08-12,40,629,Chemicals,655,376.68,Night,0,0.293
11813,2023-08-12,20,364,Raw Materials,1294,592.17,Day,0,0.204
11814,2023-08-13,38,86,Chemicals,115,419.07,Night,0,0.081
11815,2023-08-13,2,418,Raw Materials,1169,508.03,Day,0,0.177
11816,2023-08-13,46,518,Machinery,756,450.32,Night,0,0.026
11817,2023-08-13,26,348,Electronics,616,595.61,Night,0,0.082
11818,2023-08-13,17,26,Raw Materials,156,1723.73,Night,1,0.755
11819,2023-08-13,36,606,Raw Materials,707,605.44,Night,0,0.148
11820,2023-08-13,11,75,Machinery,1376,497.17,Day,0,0.159
11821,2023-08-13,14,378,Machinery,601,454.96,Night,0,0.292
11822,2023-08-13,41,266,Chemicals,1392,489.46,Day,0,0.156
11823,2023-08-13,16,300,Machinery,534,525.64,Night,0,0.047
11824,2023-08-13,45,149,Food,1021,493.41,Night,0,0.168
11825,2023-08-14,44,201,Electronics,1019,506.33,Night,0,0.214
11826,2023-08-14,23,41,Vehicles,878,413.98,Night,0,0.164
11827,2023-08-14,25,402,Chemicals,1002,525.84,Night,0,0.014
11828,2023-08-14,15,188,Food,602,505.06,Night,0,0.297
11829,2023-08-14,15,579,Textiles,852,640.47,Night,0,0.054
11830,2023-08-14,16,358,Raw Materials,1442,547.5,Night,0,0.183
11831,2023-08-14,12,43,Machinery,771,562.34,Night,0,0.231
11832,2023-08-15,20,221,Food,1252,530.02,Night,0,0.226
11833,2023-08-15,15,161,Machinery,516,456.0,Night,0,0.105
11834,2023-08-15,5,280,Chemicals,1088,489.27,Day,0,0.083
11835,2023-08-15,33,348,Electronics,490,576.23,Night,0,0.159
11836,2023-08-15,17,227,Machinery,250,549.37,Night,0,0.023
11837,2023-08-15,24,522,Food,1110,572.62,Night,0,0.286
11838,2023-08-15,41,609,Raw Materials,819,484.58,Night,0,0.242
11839,2023-08-15,40,559,Raw Materials,226,537.39,Day,0,0.1
11840,2023-08-16,24,176,Textiles,1302,504.8,Night,0,0.255
11841,2023-08-16,35,160,Electronics,996,429.0,Day,0,0.144
11842,2023-08-16,32,602,Textiles,1123,506.69,Day,0,0.122
11843,2023-08-16,18,481,Machinery,442,503.51,Day,0,0.172
11844,2023-08-16,3,430,Chemicals,1242,456.87,Day,0,0.188
11845,2023-08-16,28,53,Chemicals,400,462.95,Day,0,0.241
11846,2023-08-17,36,188,Machinery,249,498.74,Night,0,0.228
11847,2023-08-17,45,27,Vehicles,1460,467.24,Day,0,0.095
11848,2023-08-17,10,84,Vehicles,1489,500.73,Day,0,0.291
11849,2023-08-17,33,255,Textiles,497,531.15,Day,0,0.123
11850,2023-08-17,17,146,Electronics,169,527.88,Night,0,0.032
11851,2023-08-17,31,286,Food,1363,593.01,Day,0,0.072
11852,2023-08-17,13,228,Machinery,1074,561.17,Day,0,0.134
11853,2023-08-17,11,530,Vehicles,1317,500.44,Day,0,0.102
11854,2023-08-17,20,320,Textiles,1394,479.47,Day,0,0.249
11855,2023-08-18,45,112,Electronics,393,420.37,Day,0,0.161
11856,2023-08-18,27,554,Vehicles,1117,557.06,Night,0,0.299
11857,2023-08-18,8,445,Textiles,201,575.97,Night,0,0.163
11858,2023-08-18,33,583,Raw Materials,876,611.43,Night,0,0.193
11859,2023-08-18,42,484,Chemicals,201,416.5,Night,0,0.14
11860,2023-08-18,23,466,Electronics,1240,540.38,Day,0,0.203
11861,2023-08-18,40,110,Electronics,558,493.86,Day,0,0.171
11862,2023-08-18,32,291,Vehicles,382,558.4,Night,0,0.291
11863,2023-08-18,9,336,Food,868,568.59,Night,0,0.121
11864,2023-08-19,13,632,Machinery,942,492.33,Day,0,0.18
11865,2023-08-19,25,583,Chemicals,501,617.84,Night,0,0.094
11866,2023-08-19,45,636,Raw Materials,653,520.88,Night,0,0.137
11867,2023-08-19,38,264,Machinery,318,573.96,Night,0,0.224
11868,2023-08-19,37,294,Vehicles,972,439.71,Night,0,0.294
11869,2023-08-19,16,20,Textiles,266,491.32,Day,0,0.088
11870,2023-08-19,13,221,Vehicles,885,526.02,Night,0,0.128
11871,2023-08-19,19,49,Vehicles,1266,413.44,Night,0,0.226
11872,2023-08-19,39,376,Chemicals,1409,638.02,Night,0,0.168
11873,2023-08-19,25,36,Textiles,959,524.06,Night,0,0.265
11874,2023-08-19,38,472,Textiles,244,497.56,Night,0,0.117
11875,2023-08-20,44,226,Food,1223,547.39,Day,0,0.295
11876,2023-08-20,38,382,Electronics,764,515.94,Night,0,0.005
11877,2023-08-20,10,48,Food,229,447.64,Night,0,0.054
11878,2023-08-20,42,116,Food,539,594.75,Day,0,0.13
11879,2023-08-20,38,399,Textiles,766,495.62,Day,0,0.063
11880,2023-08-20,10,354,Vehicles,913,437.21,Night,0,0.157
11881,2023-08-20,7,602,Electronics,1420,552.91,Day,0,0.16
11882,2023-08-20,9,108,Machinery,960,512.16,Day,0,0.199
11883,2023-08-20,45,603,Electronics,911,496.51,Night,0,0.209
11884,2023-08-20,2,493,Chemicals,1363,525.85,Day,0,0.249
11885,2023-08-20,23,557,Electronics,596,580.6,Night,0,0.154
11886,2023-08-21,17,155,Electronics,859,571.15,Day,0,0.091
11887,2023-08-21,34,147,Vehicles,523,510.55,Night,0,0.061
11888,2023-08-21,5,483,Raw Materials,191,1323.56,Day,1,0.797
11889,2023-08-21,31,560,Textiles,1107,540.55,Night,0,0.142
11890,2023-08-21,9,590,Chemicals,402,482.24,Night,0,0.292
11891,2023-08-21,39,432,Vehicles,1199,522.4,Night,0,0.015
11892,2023-08-21,31,256,Machinery,164,542.21,Day,0,0.063
11893,2023-08-21,36,332,Machinery,779,363.54,Night,0,0.178
11894,2023-08-22,4,606,Food,1310,498.21,Night,0,0.132
11895,2023-08-22,29,579,Machinery,217,524.92,Day,0,0.023
11896,2023-08-22,26,357,Food,569,468.82,Day,0,0.253
11897,2023-08-22,35,298,Machinery,326,407.01,Night,0,0.027
11898,2023-08-22,10,243,Chemicals,675,411.44,Day,0,0.047
11899,2023-08-22,37,515,Chemicals,474,577.11,Day,0,0.218
11900,2023-08-22,23,492,Chemicals,471,522.76,Night,0,0.053
11901,2023-08-22,21,303,Electronics,748,610.81,Day,0,0.171
11902,2023-08-22,3,113,Machinery,1328,420.06,Day,0,0.231
11903,2023-08-22,7,307,Raw Materials,223,501.8,Night,0,0.195
11904,2023-08-22,9,297,Machinery,1247,448.52,Night,0,0.206
11905,2023-08-23,22,410,Electronics,647,520.63,Day,0,0.092
11906,2023-08-23,33,607,Vehicles,129,582.55,Day,0,0.244
11907,2023-08-23,26,208,Textiles,782,574.57,Night,0,0.016
11908,2023-08-23,32,616,Electronics,1040,605.15,Day,0,0.105
11909,2023-08-23,32,490,Textiles,1061,495.63,Day,0,0.099
11910,2023-08-23,24,463,Raw Materials,412,532.64,Day,0,0.117
11911,2023-08-24,10,526,Food,478,567.33,Night,0,0.259
11912,2023-08-24,41,237,Textiles,1356,501.45,Day,0,0.219
11913,2023-08-24,28,601,Electronics,1070,609.75,Night,0,0.138
11914,2023-08-24,1,560,Chemicals,520,514.55,Night,0,0.214
11915,2023-08-24,35,86,Textiles,1076,486.16,Night,0,0.208
11916,2023-08-24,34,429,Food,1247,500.29,Night,0,0.227
11917,2023-08-25,14,336,Machinery,926,438.75,Night,0,0.17
11918,2023-08-25,22,230,Textiles,1460,437.83,Day,0,0.168
11919,2023-08-25,28,64,Electronics,435,543.23,Day,0,0.26
11920,2023-08-25,34,171,Vehicles,967,473.61,Night,0,0.171
11921,2023-08-25,29,92,Machinery,1158,554.29,Night,0,0.241
11922,2023-08-25,41,202,Machinery,1047,474.39,Day,0,0.081
11923,2023-08-25,2,337,Food,181,564.83,Night,0,0.079
11924,2023-08-25,36,283,Chemicals,911,511.25,Day,0,0.166
11925,2023-08-25,40,333,Food,736,549.02,Night,0,0.159
11926,2023-08-25,39,494,Textiles,443,463.47,Day,0,0.222
11927,2023-08-25,34,581,Chemicals,1455,609.49,Day,0,0.26
11928,2023-08-26,15,211,Raw Materials,1316,563.42,Day,0,0.206
11929,2023-08-26,25,356,Raw Materials,1329,484.18,Day,0,0.118
11930,2023-08-26,14,62,Electronics,172,1676.63,Day,1,0.994
11931,2023-08-26,2,464,Electronics,456,1252.74,Night,1,0.716
11932,2023-08-26,5,143,Machinery,1467,541.89,Day,0,0.178
11933,2023-08-26,40,311,Raw Materials,1024,503.06,Night,0,0.053
11934,2023-08-26,40,397,Electronics,1120,626.96,Night,0,0.276
11935,2023-08-26,25,229,Textiles,919,548.41,Day,0,0.094
11936,2023-08-27,31,13,Electronics,1394,476.43,Night,0,0.016
11937,2023-08-27,20,5,Electronics,445,438.66,Night,0,0.279
11938,2023-08-27,37,9,Electronics,1105,465.24,Day,0,0.043
11939,2023-08-27,22,514,Chemicals,270,487.86,Night,0,0.069
11940,2023-08-27,16,112,Chemicals,531,567.26,Night,0,0.051
11941,2023-08-27,46,332,Raw Materials,471,547.21,Day,0,0.056
11942,2023-08-27,32,320,Textiles,260,567.98,Day,0,0.016
11943,2023-08-27,1,100,Chemicals,1149,501.65,Day,0,0.217
11944,2023-08-28,15,267,Machinery,1121,528.47,Night,0,0.278
11945,2023-08-28,41,588,Chemicals,914,436.24,Night,0,0.262
11946,2023-08-28,3,545,Machinery,1147,508.17,Day,0,0.241
11947,2023-08-28,17,156,Textiles,468,436.25,Day,0,0.153
11948,2023-08-28,3,287,Textiles,1223,490.65,Day,0,0.02
11949,2023-08-28,1,18,Food,1339,560.95,Day,0,0.003
11950,2023-08-28,29,306,Chemicals,1389,560.5,Night,0,0.078
11951,2023-08-29,41,520,Electronics,1055,491.22,Day,0,0.035
11952,2023-08-29,24,375,Food,941,478.66,Day,0,0.093
11953,2023-08-29,44,164,Chemicals,672,488.89,Day,0,0.157
11954,2023-08-29,22,595,Chemicals,796,565.55,Night,0,0.282
11955,2023-08-29,37,191,Chemicals,206,1127.27,Night,1,0.891
11956,2023-08-29,35,299,Chemicals,1404,404.06,Day,0,0.027
11957,2023-08-29,31,569,Machinery,1112,565.22,Day,0,0.293
11958,2023-08-29,26,227,Chemicals,1050,553.79,Day,0,0.256
11959,2023-08-29,19,329,Electronics,769,585.45,Day,0,0.146
11960,2023-08-30,46,324,Food,1100,522.51,Day,0,0.082
11961,2023-08-30,39,160,Textiles,1132,1465.07,Night,1,0.926
11962,2023-08-30,26,587,Food,993,537.37,Night,0,0.034
11963,2023-08-30,27,302,Vehicles,380,488.55,Night,0,0.024
11964,2023-08-30,42,298,Food,848,419.43,Day,0,0.013
11965,2023-08-30,23,114,Machinery,772,391.99,Night,0,0.025
11966,2023-08-30,10,244,Raw Materials,1419,537.16,Night,0,0.286
11967,2023-08-30,29,388,Chemicals,906,433.7,Night,0,0.263
11968,2023-08-30,28,247,Chemicals,894,457.79,Day,0,0.048
11969,2023-08-30,13,450,Chemicals,175,506.33,Night,0,0.063
11970,2023-08-31,8,402,Textiles,203,486.96,Night,0,0.075
11971,2023-08-31,46,138,Electronics,968,455.21,Day,0,0.077
11972,2023-08-31,37,80,Electronics,759,593.0,Night,0,0.005
11973,2023-08-31,4,495,Vehicles,695,551.62,Day,0,0.186
11974,2023-08-31,23,527,Chemicals,647,464.38,Night,0,0.231
11975,2023-08-31,41,82,Textiles,1088,498.48,Day,0,0.237
11976,2023-08-31,5,64,Raw Materials,298,484.93,Night,0,0.116
11977,2023-08-31,35,86,Vehicles,979,498.84,Night,0,0.003
11978,2023-08-31,46,393,Chemicals,402,362.8,Night,0,0.062
11979,2023-08-31,19,191,Chemicals,1202,512.27,Night,0,0.259
11980,2023-08-31,37,344,Food,592,533.93,Day,0,0.029
11981,2023-09-01,12,320,Textiles,1085,460.84,Day,0,0.207
11982,2023-09-01,27,378,Vehicles,542,651.06,Night,0,0.03
11983,2023-09-01,41,3,Chemicals,1003,474.82,Night,0,0.257
11984,2023-09-01,6,623,Chemicals,429,526.04,Night,0,0.039
11985,2023-09-01,3,319,Chemicals,117,481.42,Day,0,0.018
11986,2023-09-01,21,31,Machinery,1210,459.94,Night,0,0.141
11987,2023-09-01,13,315,Machinery,511,502.1,Night,0,0.044
11988,2023-09-01,28,493,Textiles,1325,474.45,Night,0,0.073
11989,2023-09-01,22,93,Machinery,1005,549.82,Day,0,0.004
11990,2023-09-01,11,378,Raw Materials,1038,492.0,Day,0,0.086
11991,2023-09-01,29,289,Electronics,816,524.31,Night,0,0.01
11992,2023-09-01,27,46,Textiles,1323,554.73,Night,0,0.002
11993,2023-09-02,36,376,Raw Materials,701,519.26,Day,0,0.058
11994,2023-09-02,26,557,Food,882,479.8,Night,0,0.182
11995,2023-09-02,5,241,Textiles,504,484.75,Night,0,0.111
11996,2023-09-02,45,32,Raw Materials,1448,421.75,Day,0,0.278
11997,2023-09-02,40,205,Textiles,844,476.93,Day,0,0.068
11998,2023-09-02,26,497,Electronics,1299,561.49,Day,0,0.273
11999,2023-09-03,14,98,Chemicals,310,544.95,Night,0,0.273
12000,2023-09-03,16,278,Food,634,553.71,Day,0,0.088
12001,2023-09-03,30,133,Raw Materials,249,547.2,Day,0,0.096
12002,2023-09-03,25,407,Raw Materials,1275,446.12,Night,0,0.106
12003,2023-09-03,7,127,Textiles,491,491.92,Day,0,0.065
12004,2023-09-03,26,222,Textiles,783,489.15,Day,0,0.282
12005,2023-09-03,24,488,Textiles,1330,506.52,Night,0,0.262
12006,2023-09-04,11,449,Food,331,413.6,Night,0,0.077
12007,2023-09-04,39,164,Vehicles,321,571.19,Night,0,0.011
12008,2023-09-04,18,87,Raw Materials,1394,508.13,Day,0,0.122
12009,2023-09-04,10,37,Machinery,973,577.01,Night,0,0.024
12010,2023-09-04,45,462,Food,332,547.77,Night,0,0.224
12011,2023-09-04,42,544,Food,1014,513.27,Day,0,0.219
12012,2023-09-05,4,3,Electronics,1187,515.4,Day,0,0.142
12013,2023-09-05,31,45,Electronics,459,516.82,Night,0,0.174
12014,2023-09-05,5,228,Chemicals,1422,484.92,Day,0,0.13
12015,2023-09-05,22,44,Electronics,1079,448.38,Day,0,0.188
12016,2023-09-05,23,428,Textiles,175,432.38,Night,0,0.133
12017,2023-09-05,35,565,Machinery,342,512.3,Night,0,0.004
12018,2023-09-05,18,353,Food,1141,546.95,Day,0,0.164
12019,2023-09-05,15,402,Machinery,1137,492.87,Night,0,0.117
12020,2023-09-05,31,263,Raw Materials,568,1158.71,Night,1,0.885
12021,2023-09-06,5,471,Food,994,555.83,Night,0,0.007
12022,2023-09-06,17,39,Textiles,505,525.54,Night,0,0.105
12023,2023-09-06,30,436,Food,726,592.58,Day,0,0.213
12024,2023-09-06,11,75,Vehicles,976,1440.24,Night,1,0.869
12025,2023-09-06,5,575,Chemicals,1334,501.36,Night,0,0.194
12026,2023-09-06,36,266,Machinery,814,1072.65,Night,1,0.813
12027,2023-09-07,18,345,Electronics,603,563.16,Day,0,0.156
12028,2023-09-07,13,438,Vehicles,1113,486.18,Day,0,0.194
12029,2023-09-07,18,152,Raw Materials,1074,498.41,Day,0,0.142
12030,2023-09-07,5,450,Machinery,1436,497.18,Night,0,0.047
12031,2023-09-07,36,198,Electronics,504,1390.41,Night,1,0.739
12032,2023-09-07,31,249,Vehicles,110,502.92,Night,0,0.123
12033,2023-09-07,31,344,Chemicals,1285,505.91,Night,0,0.088
12034,2023-09-07,39,228,Machinery,1040,533.5,Day,0,0.099
12035,2023-09-08,45,53,Machinery,1487,521.9,Day,0,0.252
12036,2023-09-08,33,109,Raw Materials,1436,453.09,Night,0,0.23
12037,2023-09-08,28,27,Vehicles,361,1075.1,Day,1,0.716
12038,2023-09-08,27,9,Machinery,1159,635.8,Day,0,0.239
12039,2023-09-08,29,367,Textiles,1250,438.27,Night,0,0.243
12040,2023-09-08,11,535,Raw Materials,191,540.32,Day,0,0.213
12041,2023-09-08,14,112,Textiles,1281,471.3,Day,0,0.028
12042,2023-09-09,22,530,Chemicals,923,531.24,Night,0,0.104
12043,2023-09-09,15,551,Vehicles,118,628.23,Night,0,0.257
12044,2023-09-09,25,51,Electronics,260,408.49,Day,0,0.062
12045,2023-09-09,40,60,Electronics,737,481.65,Day,0,0.196
12046,2023-09-09,41,583,Textiles,893,502.21,Day,0,0.012
12047,2023-09-09,13,195,Chemicals,853,431.16,Day,0,0.079
12048,2023-09-09,10,45,Chemicals,330,527.63,Night,0,0.011
12049,2023-09-10,37,607,Raw Materials,1434,523.71,Day,0,0.248
12050,2023-09-10,8,122,Chemicals,409,515.26,Night,0,0.055
12051,2023-09-10,42,301,Raw Materials,848,453.08,Day,0,0.144
12052,2023-09-10,25,366,Raw Materials,1267,443.73,Night,0,0.285
12053,2023-09-10,24,255,Raw Materials,645,567.58,Day,0,0.237
12054,2023-09-10,23,585,Machinery,896,605.09,Night,0,0.247
12055,2023-09-10,12,609,Vehicles,316,467.85,Night,0,0.168
12056,2023-09-10,12,530,Machinery,181,500.86,Day,0,0.128
12057,2023-09-11,21,557,Chemicals,406,612.6,Night,0,0.13
12058,2023-09-11,29,135,Textiles,570,498.56,Day,0,0.155
12059,2023-09-11,34,307,Electronics,1462,574.6,Night,0,0.122
12060,2023-09-11,42,329,Textiles,676,1616.52,Day,1,0.968
12061,2023-09-11,40,264,Food,164,532.62,Day,0,0.174
12062,2023-09-11,22,381,Chemicals,1235,479.45,Day,0,0.174
12063,2023-09-11,28,170,Textiles,1146,472.1,Day,0,0.036
12064,2023-09-11,24,194,Raw Materials,984,556.78,Night,0,0.135
12065,2023-09-12,43,245,Machinery,547,467.52,Night,0,0.148
12066,2023-09-12,28,442,Electronics,512,549.14,Day,0,0.144
12067,2023-09-12,8,338,Food,104,564.84,Night,0,0.141
12068,2023-09-12,36,458,Textiles,1409,464.74,Day,0,0.297
12069,2023-09-12,1,448,Vehicles,902,498.08,Night,0,0.082
12070,2023-09-12,23,436,Chemicals,219,571.75,Day,0,0.2
12071,2023-09-12,5,537,Chemicals,413,591.54,Night,0,0.098
12072,2023-09-12,36,64,Food,1386,447.53,Day,0,0.005
12073,2023-09-12,44,228,Machinery,779,584.46,Night,0,0.088
12074,2023-09-12,2,212,Machinery,120,525.2,Day,0,0.013
12075,2023-09-12,33,347,Vehicles,1411,566.32,Night,0,0.093
12076,2023-09-12,34,615,Raw Materials,1065,658.57,Day,0,0.232
12077,2023-09-13,16,514,Vehicles,955,572.3,Night,0,0.147
12078,2023-09-13,46,193,Food,698,511.3,Night,0,0.132
12079,2023-09-13,27,61,Vehicles,272,465.68,Day,0,0.187
12080,2023-09-13,46,597,Raw Materials,273,472.11,Day,0,0.245
12081,2023-09-13,41,255,Textiles,1118,1010.19,Night,1,0.742
12082,2023-09-13,13,20,Textiles,839,535.34,Day,0,0.191
12083,2023-09-13,42,291,Chemicals,1424,509.89,Day,0,0.217
12084,2023-09-13,37,374,Electronics,336,452.78,Night,0,0.138
12085,2023-09-13,40,368,Chemicals,747,495.34,Day,0,0.094
12086,2023-09-13,15,55,Raw Materials,1164,566.96,Night,0,0.258
12087,2023-09-13,46,96,Food,854,525.98,Day,0,0.236
12088,2023-09-13,18,8,Textiles,1322,528.54,Day,0,0.167
12089,2023-09-14,23,330,Textiles,224,460.09,Night,0,0.059
12090,2023-09-14,28,461,Textiles,1094,552.86,Day,0,0.045
12091,2023-09-14,35,450,Raw Materials,897,555.54,Day,0,0.153
12092,2023-09-14,29,470,Food,750,588.16,Night,0,0.087
12093,2023-09-14,36,603,Electronics,958,491.2,Day,0,0.21
12094,2023-09-14,32,299,Chemicals,250,553.44,Day,0,0.021
12095,2023-09-14,13,101,Raw Materials,102,458.85,Night,0,0.144
12096,2023-09-14,41,46,Vehicles,180,446.49,Day,0,0.193
12097,2023-09-14,14,292,Food,183,455.23,Day,0,0.29
12098,2023-09-15,2,237,Chemicals,1223,468.07,Night,0,0.036
12099,2023-09-15,36,630,Chemicals,1214,612.18,Day,0,0.245
12100,2023-09-15,33,143,Raw Materials,1461,453.23,Night,0,0.062
12101,2023-09-15,5,222,Raw Materials,628,543.09,Day,0,0.018
12102,2023-09-15,4,182,Raw Materials,806,395.7,Day,0,0.029
12103,2023-09-15,15,217,Food,532,506.11,Night,0,0.006
12104,2023-09-15,24,555,Electronics,1351,496.71,Day,0,0.037
12105,2023-09-15,15,56,Chemicals,1026,529.43,Night,0,0.16
12106,2023-09-15,18,314,Vehicles,715,521.74,Day,0,0.211
12107,2023-09-15,32,364,Food,173,470.52,Night,0,0.192
12108,2023-09-15,43,326,Raw Materials,723,565.61,Night,0,0.043
12109,2023-09-15,19,401,Electronics,1072,542.38,Night,0,0.201
12110,2023-09-16,7,628,Vehicles,991,600.52,Day,0,0.169
12111,2023-09-16,20,281,Food,1101,524.38,Day,0,0.09
12112,2023-09-16,1,539,Electronics,427,493.44,Day,0,0.039
12113,2023-09-16,41,236,Chemicals,1366,600.93,Day,0,0.073
12114,2023-09-16,2,10,Electronics,1012,378.19,Day,0,0.116
12115,2023-09-16,19,457,Raw Materials,1337,1568.27,Day,1,0.924
12116,2023-09-16,44,102,Food,724,412.23,Night,0,0.027
12117,2023-09-16,3,478,Vehicles,593,637.32,Day,0,0.163
12118,2023-09-17,19,413,Machinery,420,401.44,Night,0,0.022
12119,2023-09-17,39,473,Food,1144,483.63,Day,0,0.028
12120,2023-09-17,31,444,Electronics,602,475.3,Night,0,0.05
12121,2023-09-17,6,618,Electronics,813,518.37,Day,0,0.159
12122,2023-09-17,4,600,Raw Materials,641,496.35,Night,0,0.122
12123,2023-09-17,9,312,Machinery,825,545.89,Day,0,0.013
12124,2023-09-17,15,131,Vehicles,1483,527.25,Night,0,0.111
12125,2023-09-17,38,88,Chemicals,855,538.5,Day,0,0.031
12126,2023-09-17,19,302,Textiles,1276,576.66,Night,0,0.156
12127,2023-09-17,45,556,Vehicles,112,635.53,Night,0,0.154
12128,2023-09-18,7,70,Chemicals,647,602.56,Night,0,0.264
12129,2023-09-18,26,374,Electronics,1173,519.3,Night,0,0.04
12130,2023-09-18,44,217,Raw Materials,536,573.48,Night,0,0.142
12131,2023-09-18,27,91,Chemicals,121,543.66,Night,0,0.273
12132,2023-09-18,40,302,Vehicles,776,555.25,Day,0,0.181
12133,2023-09-18,36,344,Food,1340,574.96,Night,0,0.093
12134,2023-09-18,4,278,Vehicles,303,535.61,Day,0,0.125
12135,2023-09-19,14,281,Electronics,982,493.88,Day,0,0.18
12136,2023-09-19,15,487,Machinery,255,529.8,Day,0,0.173
12137,2023-09-19,19,269,Food,1210,558.89,Day,0,0.102
12138,2023-09-19,8,143,Raw Materials,229,462.58,Night,0,0.219
12139,2023-09-19,40,110,Food,1249,536.16,Night,0,0.277
12140,2023-09-19,30,25,Machinery,722,439.17,Night,0,0.288
12141,2023-09-19,4,118,Textiles,260,509.16,Night,0,0.08
12142,2023-09-20,11,406,Electronics,893,570.4,Day,0,0.02
12143,2023-09-20,30,473,Electronics,821,342.65,Night,0,0.105
12144,2023-09-20,42,111,Machinery,627,537.1,Day,0,0.072
12145,2023-09-20,2,104,Raw Materials,1373,469.21,Night,0,0.17
12146,2023-09-20,41,441,Vehicles,433,421.08,Night,0,0.071
12147,2023-09-20,42,503,Electronics,733,467.41,Day,0,0.015
12148,2023-09-20,11,386,Raw Materials,737,467.99,Night,0,0.255
12149,2023-09-20,33,633,Machinery,913,552.97,Day,0,0.25
12150,2023-09-20,28,291,Electronics,627,520.88,Day,0,0.185
12151,2023-09-20,30,623,Vehicles,1376,428.72,Night,0,0.291
12152,2023-09-20,21,452,Electronics,935,506.72,Night,0,0.198
12153,2023-09-20,2,93,Vehicles,1225,532.43,Day,0,0.29
12154,2023-09-21,6,38,Textiles,1136,514.03,Day,0,0.218
12155,2023-09-21,24,222,Food,550,426.07,Day,0,0.22
12156,2023-09-21,29,13,Textiles,352,568.73,Day,0,0.055
12157,2023-09-21,15,393,Raw Materials,1263,500.34,Night,0,0.172
12158,2023-09-21,31,65,Vehicles,1472,454.8,Night,0,0.235
12159,2023-09-21,28,525,Machinery,649,542.03,Night,0,0.156
12160,2023-09-21,41,163,Raw Materials,197,349.61,Night,0,0.234
12161,2023-09-21,15,209,Machinery,1160,574.49,Night,0,0.257
12162,2023-09-21,13,372,Textiles,1030,522.35,Night,0,0.134
12163,2023-09-21,40,528,Chemicals,793,414.71,Night,0,0.242
12164,2023-09-22,31,311,Textiles,1453,573.99,Night,0,0.174
12165,2023-09-22,46,515,Vehicles,174,466.37,Night,0,0.112
12166,2023-09-22,14,582,Vehicles,251,553.51,Day,0,0.092
12167,2023-09-22,1,252,Electronics,1070,479.88,Night,0,0.103
12168,2023-09-22,4,399,Chemicals,1427,455.1,Day,0,0.233
12169,2023-09-22,18,611,Electronics,474,1336.72,Day,1,0.862
12170,2023-09-22,46,54,Electronics,695,472.58,Night,0,0.091
12171,2023-09-22,6,433,Chemicals,564,485.4,Day,0,0.228
12172,2023-09-22,13,234,Machinery,753,523.7,Night,0,0.273
12173,2023-09-22,19,379,Food,1435,453.39,Day,0,0.149
12174,2023-09-22,29,187,Food,580,424.48,Day,0,0.084
12175,2023-09-23,14,17,Textiles,1397,462.88,Day,0,0.161
12176,2023-09-23,34,475,Chemicals,1362,575.21,Day,0,0.009
12177,2023-09-23,44,535,Food,533,532.18,Night,0,0.155
12178,2023-09-23,41,74,Chemicals,102,535.84,Day,0,0.13
12179,2023-09-23,42,185,Machinery,448,469.94,Day,0,0.102
12180,2023-09-23,35,548,Chemicals,711,564.31,Night,0,0.168
12181,2023-09-23,1,562,Textiles,1442,527.35,Day,0,0.045
12182,2023-09-23,42,335,Textiles,1496,529.12,Day,0,0.077
12183,2023-09-24,6,333,Food,715,1094.98,Night,1,0.829
12184,2023-09-24,27,529,Vehicles,999,532.18,Night,0,0.263
12185,2023-09-24,41,142,Machinery,782,447.79,Day,0,0.169
12186,2023-09-24,43,624,Chemicals,316,577.95,Day,0,0.184
12187,2023-09-24,40,253,Raw Materials,828,563.89,Day,0,0.198
12188,2023-09-24,22,86,Raw Materials,940,598.73,Night,0,0.043
12189,2023-09-24,14,304,Electronics,1267,511.55,Day,0,0.088
12190,2023-09-24,40,630,Machinery,696,567.69,Day,0,0.091
12191,2023-09-24,26,191,Vehicles,549,487.6,Night,0,0.099
12192,2023-09-24,1,246,Electronics,243,483.78,Night,0,0.129
12193,2023-09-24,23,588,Raw Materials,670,2028.65,Night,1,0.783
12194,2023-09-25,13,9,Vehicles,754,542.36,Night,0,0.292
12195,2023-09-25,42,31,Machinery,1029,489.71,Night,0,0.026
12196,2023-09-25,21,468,Raw Materials,535,508.72,Night,0,0.099
12197,2023-09-25,5,366,Food,976,598.33,Night,0,0.151
12198,2023-09-25,35,196,Chemicals,625,506.51,Day,0,0.249
12199,2023-09-25,23,203,Machinery,415,512.85,Day,0,0.264
12200,2023-09-25,22,150,Food,1013,470.89,Day,0,0.275
12201,2023-09-25,15,102,Textiles,1227,452.62,Night,0,0.284
12202,2023-09-25,24,584,Textiles,633,496.08,Night,0,0.057
12203,2023-09-25,37,133,Food,888,549.33,Night,0,0.271
12204,2023-09-26,21,402,Electronics,414,462.18,Day,0,0.191
12205,2023-09-26,13,352,Raw Materials,1139,423.17,Day,0,0.099
12206,2023-09-26,28,484,Vehicles,307,540.36,Day,0,0.242
12207,2023-09-26,18,128,Electronics,661,507.77,Night,0,0.167
12208,2023-09-26,6,613,Machinery,914,466.57,Day,0,0.036
12209,2023-09-26,10,27,Food,166,530.6,Day,0,0.123
12210,2023-09-26,28,485,Food,1303,515.79,Night,0,0.078
12211,2023-09-26,8,244,Vehicles,1187,454.84,Night,0,0.286
12212,2023-09-26,31,7,Vehicles,878,442.09,Day,0,0.234
12213,2023-09-26,6,615,Textiles,219,609.63,Day,0,0.132
12214,2023-09-26,12,299,Food,638,615.06,Night,0,0.205
12215,2023-09-27,7,356,Electronics,1404,546.15,Night,0,0.016
12216,2023-09-27,6,628,Raw Materials,227,470.25,Night,0,0.005
12217,2023-09-27,15,275,Chemicals,556,477.77,Day,0,0.08
12218,2023-09-27,6,375,Electronics,529,616.95,Day,0,0.126
12219,2023-09-27,41,320,Vehicles,1001,537.43,Day,0,0.224
12220,2023-09-27,1,477,Chemicals,1248,491.71,Day,0,0.24
12221,2023-09-27,34,288,Textiles,875,591.02,Night,0,0.084
12222,2023-09-27,33,281,Raw Materials,1228,579.8,Day,0,0.186
12223,2023-09-27,14,238,Vehicles,614,499.45,Day,0,0.217
12224,2023-09-27,45,628,Raw Materials,1158,599.39,Night,0,0.252
12225,2023-09-28,41,523,Machinery,549,545.38,Night,0,0.008
12226,2023-09-28,27,1,Textiles,167,472.63,Night,0,0.175
12227,2023-09-28,3,224,Chemicals,1497,581.2,Day,0,0.054
12228,2023-09-28,43,341,Raw Materials,1467,442.1,Day,0,0.131
12229,2023-09-28,39,544,Vehicles,932,578.97,Day,0,0.072
12230,2023-09-28,2,567,Raw Materials,1465,474.85,Night,0,0.098
12231,2023-09-28,10,283,Electronics,402,521.07,Day,0,0.11
12232,2023-09-29,6,135,Textiles,1188,468.81,Night,0,0.122
12233,2023-09-29,30,54,Vehicles,632,505.29,Day,0,0.175
12234,2023-09-29,8,303,Textiles,862,564.32,Day,0,0.015
12235,2023-09-29,24,12,Vehicles,1366,548.26,Day,0,0.151
12236,2023-09-29,1,326,Raw Materials,1271,522.49,Day,0,0.298
12237,2023-09-29,8,23,Raw Materials,557,465.57,Night,0,0.153
12238,2023-09-29,12,365,Food,897,513.43,Night,0,0.192
12239,2023-09-30,41,260,Machinery,505,567.27,Day,0,0.223
12240,2023-09-30,33,42,Chemicals,695,895.97,Day,1,0.823
12241,2023-09-30,42,449,Raw Materials,1444,492.33,Day,0,0.16
12242,2023-09-30,1,241,Food,746,525.35,Day,0,0.262
12243,2023-09-30,32,14,Vehicles,1177,551.86,Night,0,0.024
12244,2023-09-30,37,300,Electronics,249,560.77,Night,0,0.225
12245,2023-09-30,17,579,Food,1380,588.25,Night,0,0.174
12246,2023-09-30,31,43,Vehicles,721,415.78,Night,0,0.097
12247,2023-10-01,40,56,Raw Materials,143,1013.6,Day,1,0.714
12248,2023-10-01,6,339,Food,1181,440.71,Day,0,0.175
12249,2023-10-01,44,572,Food,1250,478.35,Day,0,0.008
12250,2023-10-01,1,596,Machinery,333,502.35,Day,0,0.038
12251,2023-10-01,2,182,Raw Materials,1489,578.36,Day,0,0.143
12252,2023-10-01,1,624,Electronics,1262,596.76,Day,0,0.256
12253,2023-10-01,33,568,Machinery,1100,558.59,Day,0,0.254
12254,2023-10-01,28,510,Textiles,703,484.64,Day,0,0.195
12255,2023-10-02,27,563,Electronics,101,515.78,Day,0,0.266
12256,2023-10-02,2,204,Food,526,517.84,Night,0,0.252
12257,2023-10-02,25,387,Chemicals,1490,506.22,Day,0,0.253
12258,2023-10-02,40,365,Raw Materials,1206,548.27,Day,0,0.149
12259,2023-10-02,9,581,Machinery,688,565.51,Night,0,0.275
12260,2023-10-02,25,6,Textiles,1210,519.9,Day,0,0.209
12261,2023-10-02,38,524,Electronics,360,572.59,Day,0,0.019
12262,2023-10-02,5,150,Raw Materials,795,443.57,Day,0,0.002
12263,2023-10-03,43,521,Raw Materials,1260,1240.36,Night,1,0.818
12264,2023-10-03,32,137,Textiles,629,520.05,Night,0,0.159
12265,2023-10-03,24,399,Raw Materials,1498,513.48,Night,0,0.052
12266,2023-10-03,7,397,Chemicals,1298,462.71,Day,0,0.106
12267,2023-10-03,32,190,Raw Materials,624,494.21,Night,0,0.134
12268,2023-10-03,19,268,Electronics,702,543.71,Day,0,0.245
12269,2023-10-03,3,315,Textiles,630,544.32,Night,0,0.227
12270,2023-10-03,30,419,Food,1430,447.14,Night,0,0.249
12271,2023-10-03,45,497,Textiles,763,515.79,Night,0,0.298
12272,2023-10-03,23,177,Vehicles,289,540.1,Night,0,0.207
12273,2023-10-03,17,263,Vehicles,1396,518.97,Day,0,0.125
12274,2023-10-03,16,340,Textiles,685,570.32,Night,0,0.03
12275,2023-10-04,34,267,Raw Materials,280,502.43,Night,0,0.237
12276,2023-10-04,9,619,Chemicals,149,498.0,Day,0,0.225
12277,2023-10-04,43,489,Electronics,1347,448.3,Day,0,0.009
12278,2023-10-04,23,510,Vehicles,390,570.91,Night,0,0.17
12279,2023-10-04,17,140,Electronics,965,477.61,Day,0,0.129
12280,2023-10-04,29,406,Machinery,898,474.55,Day,0,0.005
12281,2023-10-04,45,630,Chemicals,226,498.83,Night,0,0.055
12282,2023-10-05,23,552,Chemicals,1380,504.43,Night,0,0.167
12283,2023-10-05,8,386,Textiles,1018,441.83,Night,0,0.077
12284,2023-10-05,8,572,Machinery,937,502.26,Day,0,0.034
12285,2023-10-05,15,20,Raw Materials,108,502.44,Day,0,0.18
12286,2023-10-05,41,260,Chemicals,916,560.0,Day,0,0.269
12287,2023-10-05,42,436,Machinery,632,406.89,Night,0,0.067
12288,2023-10-05,14,275,Electronics,1086,551.85,Day,0,0.014
12289,2023-10-05,30,138,Food,817,470.64,Day,0,0.152
12290,2023-10-05,26,563,Electronics,1067,514.4,Night,0,0.094
12291,2023-10-05,4,189,Textiles,496,1217.28,Night,1,0.723
12292,2023-10-05,22,348,Textiles,531,498.82,Day,0,0.237
12293,2023-10-05,23,186,Chemicals,813,421.97,Day,0,0.024
12294,2023-10-06,8,579,Machinery,1417,619.32,Day,0,0.208
12295,2023-10-06,7,3,Machinery,829,437.73,Night,0,0.229
12296,2023-10-06,18,390,Food,1190,507.83,Day,0,0.034
12297,2023-10-06,5,71,Raw Materials,922,439.59,Day,0,0.151
12298,2023-10-06,12,337,Food,449,503.15,Night,0,0.082
12299,2023-10-06,16,308,Chemicals,969,506.97,Night,0,0.216
12300,2023-10-06,19,551,Textiles,191,518.1,Day,0,0.175
12301,2023-10-06,30,602,Chemicals,708,532.05,Night,0,0.127
12302,2023-10-07,18,348,Raw Materials,573,550.32,Day,0,0.298
12303,2023-10-07,37,138,Textiles,430,490.75,Day,0,0.004
12304,2023-10-07,23,549,Chemicals,1243,521.28,Day,0,0.079
12305,2023-10-07,36,200,Raw Materials,785,510.95,Day,0,0.093
12306,2023-10-07,2,603,Machinery,1133,625.34,Night,0,0.16
12307,2023-10-07,25,284,Raw Materials,671,485.06,Night,0,0.06
12308,2023-10-08,16,535,Machinery,304,471.56,Night,0,0.037
12309,2023-10-08,10,165,Electronics,340,555.24,Night,0,0.068
12310,2023-10-08,22,456,Machinery,1445,501.91,Day,0,0.241
12311,2023-10-08,39,238,Food,1493,613.88,Day,0,0.047
12312,2023-10-08,43,98,Vehicles,1065,511.61,Night,0,0.194
12313,2023-10-08,1,231,Electronics,768,534.01,Day,0,0.159
12314,2023-10-08,38,542,Electronics,743,452.77,Day,0,0.296
12315,2023-10-09,13,469,Food,549,552.18,Night,0,0.221
12316,2023-10-09,17,252,Electronics,847,548.23,Day,0,0.043
12317,2023-10-09,26,445,Vehicles,619,494.06,Night,0,0.191
12318,2023-10-09,44,264,Raw Materials,254,411.8,Day,0,0.15
12319,2023-10-09,15,29,Food,1065,447.76,Day,0,0.278
12320,2023-10-09,33,196,Food,1339,577.14,Night,0,0.04
12321,2023-10-09,46,620,Raw Materials,924,585.64,Night,0,0.256
12322,2023-10-09,42,235,Electronics,1084,451.57,Day,0,0.204
12323,2023-10-09,11,100,Raw Materials,908,487.27,Day,0,0.256
12324,2023-10-09,15,556,Electronics,1159,503.26,Day,0,0.163
12325,2023-10-09,36,419,Chemicals,1364,565.26,Night,0,0.024
12326,2023-10-10,30,299,Vehicles,770,474.05,Day,0,0.092
12327,2023-10-10,1,627,Vehicles,860,467.42,Night,0,0.146
12328,2023-10-10,45,446,Textiles,910,493.27,Night,0,0.168
12329,2023-10-10,4,626,Food,649,517.33,Day,0,0.038
12330,2023-10-10,14,86,Vehicles,1060,1189.49,Night,1,0.739
12331,2023-10-10,16,36,Machinery,1289,479.79,Night,0,0.075
12332,2023-10-10,23,595,Food,1054,585.43,Day,0,0.094
12333,2023-10-10,13,32,Textiles,911,496.61,Night,0,0.108
12334,2023-10-11,16,341,Raw Materials,1158,523.81,Day,0,0.061
12335,2023-10-11,33,411,Food,1471,526.69,Day,0,0.226
12336,2023-10-11,9,169,Textiles,597,490.63,Day,0,0.275
12337,2023-10-11,41,16,Machinery,745,470.58,Day,0,0.231
12338,2023-10-11,34,71,Chemicals,583,529.17,Night,0,0.031
12339,2023-10-11,10,298,Vehicles,363,498.03,Day,0,0.131
12340,2023-10-12,26,421,Food,498,491.2,Day,0,0.251
12341,2023-10-12,18,261,Chemicals,703,501.82,Night,0,0.088
12342,2023-10-12,5,225,Chemicals,1020,519.09,Day,0,0.073
12343,2023-10-12,30,610,Chemicals,1344,509.76,Night,0,0.295
12344,2023-10-12,39,130,Vehicles,759,417.21,Day,0,0.284
12345,2023-10-12,7,327,Machinery,592,473.31,Night,0,0.071
12346,2023-10-12,26,388,Chemicals,1471,1366.47,Night,1,0.782
12347,2023-10-13,10,528,Food,1388,507.9,Day,0,0.282
12348,2023-10-13,14,138,Food,1386,537.35,Day,0,0.228
12349,2023-10-13,2,51,Electronics,330,485.68,Day,0,0.286
12350,2023-10-13,28,282,Machinery,633,562.74,Day,0,0.273
12351,2023-10-13,44,413,Chemicals,399,528.75,Day,0,0.21
12352,2023-10-13,7,572,Textiles,907,465.1,Day,0,0.23
12353,2023-10-14,5,146,Machinery,111,484.63,Night,0,0.077
12354,2023-10-14,3,134,Food,213,529.91,Day,0,0.029
12355,2023-10-14,19,602,Electronics,640,1217.52,Day,1,0.727
12356,2023-10-14,21,292,Chemicals,412,545.6,Day,0,0.237
12357,2023-10-14,4,425,Chemicals,122,466.8,Night,0,0.216
12358,2023-10-14,13,214,Electronics,1487,597.85,Day,0,0.056
12359,2023-10-14,33,224,Raw Materials,214,542.04,Night,0,0.1
12360,2023-10-14,35,117,Electronics,598,500.92,Day,0,0.274
12361,2023-10-14,6,88,Electronics,924,459.86,Night,0,0.203
12362,2023-10-14,7,199,Electronics,262,579.96,Night,0,0.289
12363,2023-10-14,41,270,Chemicals,696,538.9,Night,0,0.297
12364,2023-10-14,34,267,Machinery,293,527.08,Day,0,0.234
12365,2023-10-15,45,546,Food,990,524.62,Night,0,0.03
12366,2023-10-15,5,518,Machinery,749,1679.94,Night,1,0.985
12367,2023-10-15,2,463,Vehicles,467,434.1,Night,0,0.25
12368,2023-10-15,18,629,Vehicles,598,575.66,Day,0,0.085
12369,2023-10-15,29,415,Raw Materials,926,521.99,Night,0,0.087
12370,2023-10-15,27,214,Electronics,1173,617.33,Day,0,0.089
12371,2023-10-15,22,2,Food,415,466.87,Day,0,0.255
12372,2023-10-15,24,279,Electronics,564,502.65,Day,0,0.22
12373,2023-10-15,16,383,Raw Materials,1314,553.37,Day,0,0.249
12374,2023-10-15,37,20,Raw Materials,868,486.0,Day,0,0.055
12375,2023-10-15,44,162,Chemicals,689,511.32,Night,0,0.27
12376,2023-10-16,43,94,Chemicals,483,392.1,Day,0,0.145
12377,2023-10-16,18,143,Machinery,990,489.87,Day,0,0.263
12378,2023-10-16,4,618,Food,439,454.04,Night,0,0.042
12379,2023-10-16,22,587,Raw Materials,1327,451.46,Night,0,0.201
12380,2023-10-16,24,321,Chemicals,1074,499.01,Night,0,0.001
12381,2023-10-16,34,113,Chemicals,1389,504.75,Night,0,0.191
12382,2023-10-16,15,183,Food,1272,502.32,Day,0,0.053
12383,2023-10-17,28,530,Raw Materials,1264,460.9,Night,0,0.102
12384,2023-10-17,6,139,Textiles,1112,482.49,Night,0,0.15
12385,2023-10-17,10,260,Chemicals,810,438.16,Night,0,0.182
12386,2023-10-17,10,74,Textiles,1239,481.71,Day,0,0.105
12387,2023-10-17,21,493,Textiles,122,542.14,Night,0,0.179
12388,2023-10-17,11,433,Electronics,825,544.9,Night,0,0.03
12389,2023-10-17,26,341,Vehicles,1243,580.06,Night,0,0.14
12390,2023-10-17,10,200,Food,152,534.0,Day,0,0.099
12391,2023-10-17,23,312,Chemicals,1062,569.3,Day,0,0.231
12392,2023-10-18,38,184,Raw Materials,135,503.94,Day,0,0.102
12393,2023-10-18,11,52,Raw Materials,806,407.74,Day,0,0.02
12394,2023-10-18,7,293,Textiles,1457,552.08,Night,0,0.103
12395,2023-10-18,41,47,Vehicles,232,473.82,Night,0,0.151
12396,2023-10-18,46,262,Food,1032,484.87,Night,0,0.029
12397,2023-10-18,29,152,Chemicals,779,450.95,Night,0,0.2
12398,2023-10-18,4,199,Machinery,806,450.6,Night,0,0.126
12399,2023-10-18,39,617,Electronics,1109,545.74,Night,0,0.09
12400,2023-10-18,2,233,Vehicles,162,448.56,Day,0,0.181
12401,2023-10-18,22,250,Food,125,1380.2,Day,1,0.813
12402,2023-10-19,10,442,Machinery,1248,511.34,Night,0,0.09
12403,2023-10-19,38,283,Food,871,473.48,Night,0,0.17
12404,2023-10-19,17,423,Textiles,661,469.41,Night,0,0.225
12405,2023-10-19,10,419,Electronics,449,520.55,Day,0,0.08
12406,2023-10-19,31,115,Electronics,572,505.2,Day,0,0.241
12407,2023-10-19,15,628,Chemicals,217,1637.45,Day,1,0.821
12408,2023-10-19,29,403,Electronics,789,427.37,Day,0,0.292
12409,2023-10-19,39,23,Food,268,487.41,Night,0,0.026
12410,2023-10-19,30,108,Food,1230,578.67,Day,0,0.011
12411,2023-10-20,16,489,Electronics,414,552.59,Day,0,0.006
12412,2023-10-20,39,275,Food,363,471.1,Day,0,0.054
12413,2023-10-20,35,548,Electronics,731,516.56,Day,0,0.206
12414,2023-10-20,44,61,Raw Materials,139,536.91,Night,0,0.247
12415,2023-10-20,1,504,Textiles,1143,598.1,Night,0,0.105
12416,2023-10-20,24,230,Raw Materials,1060,517.01,Night,0,0.105
12417,2023-10-20,31,396,Electronics,540,497.07,Night,0,0.068
12418,2023-10-20,6,30,Vehicles,125,478.48,Night,0,0.068
12419,2023-10-20,11,290,Chemicals,1031,480.01,Night,0,0.28
12420,2023-10-21,26,235,Textiles,637,426.91,Night,0,0.088
12421,2023-10-21,33,447,Food,110,574.69,Day,0,0.001
12422,2023-10-21,17,447,Machinery,544,580.86,Night,0,0.206
12423,2023-10-21,45,528,Vehicles,878,387.54,Night,0,0.019
12424,2023-10-21,41,41,Machinery,1057,548.33,Day,0,0.105
12425,2023-10-21,37,80,Electronics,1024,463.38,Day,0,0.158
12426,2023-10-21,21,109,Machinery,110,406.23,Night,0,0.071
12427,2023-10-21,32,480,Machinery,854,454.95,Night,0,0.096
12428,2023-10-22,18,411,Vehicles,528,490.28,Night,0,0.248
12429,2023-10-22,42,350,Vehicles,455,552.35,Day,0,0.083
12430,2023-10-22,24,571,Machinery,277,562.81,Day,0,0.297
12431,2023-10-22,4,419,Food,1047,507.01,Night,0,0.119
12432,2023-10-22,38,376,Machinery,1136,490.86,Night,0,0.108
12433,2023-10-22,5,593,Machinery,406,484.21,Night,0,0.285
12434,2023-10-22,29,495,Electronics,442,587.8,Night,0,0.28
12435,2023-10-22,22,230,Food,107,1350.11,Day,1,0.842
12436,2023-10-22,28,489,Machinery,158,457.34,Day,0,0.133
12437,2023-10-22,15,398,Food,790,412.07,Night,0,0.127
12438,2023-10-22,37,618,Vehicles,1306,448.77,Night,0,0.024
12439,2023-10-22,20,413,Vehicles,437,510.45,Day,0,0.211
12440,2023-10-23,12,253,Textiles,564,473.0,Day,0,0.266
12441,2023-10-23,18,180,Machinery,176,494.36,Night,0,0.142
12442,2023-10-23,14,249,Textiles,626,536.76,Day,0,0.202
12443,2023-10-23,27,23,Electronics,1491,501.38,Night,0,0.092
12444,2023-10-23,31,320,Textiles,180,524.5,Day,0,0.009
12445,2023-10-23,11,61,Food,217,496.23,Day,0,0.083
12446,2023-10-23,20,577,Electronics,1211,477.03,Night,0,0.299
12447,2023-10-23,21,303,Electronics,1054,538.42,Day,0,0.134
12448,2023-10-23,32,109,Machinery,662,490.23,Night,0,0.233
12449,2023-10-23,26,272,Chemicals,545,564.11,Night,0,0.216
12450,2023-10-24,26,74,Machinery,130,484.11,Night,0,0.254
12451,2023-10-24,40,266,Food,1305,590.6,Day,0,0.029
12452,2023-10-24,29,173,Raw Materials,1021,503.7,Night,0,0.236
12453,2023-10-24,36,631,Food,1461,504.97,Day,0,0.114
12454,2023-10-24,40,177,Raw Materials,170,502.84,Night,0,0.027
12455,2023-10-24,9,51,Textiles,1129,465.78,Day,0,0.243
12456,2023-10-24,8,472,Machinery,1076,490.34,Day,0,0.278
12457,2023-10-24,15,73,Textiles,522,486.9,Day,0,0.022
12458,2023-10-24,17,380,Raw Materials,223,530.18,Night,0,0.124
12459,2023-10-25,5,318,Machinery,406,615.15,Day,0,0.061
12460,2023-10-25,29,568,Food,1230,548.71,Night,0,0.135
12461,2023-10-25,17,256,Machinery,1389,504.36,Night,0,0.287
12462,2023-10-25,33,400,Textiles,100,488.87,Night,0,0.009
12463,2023-10-25,5,249,Electronics,491,500.14,Day,0,0.144
12464,2023-10-25,6,61,Textiles,1440,580.56,Day,0,0.265
12465,2023-10-25,4,127,Food,147,435.87,Night,0,0.123
12466,2023-10-25,43,336,Electronics,1266,622.06,Night,0,0.062
12467,2023-10-25,35,581,Food,1021,1095.25,Night,1,0.801
12468,2023-10-26,15,108,Raw Materials,1270,1327.47,Night,1,0.931
12469,2023-10-26,38,61,Chemicals,1457,532.31,Night,0,0.256
12470,2023-10-26,44,137,Chemicals,1162,548.13,Night,0,0.266
12471,2023-10-26,27,330,Vehicles,342,516.21,Day,0,0.013
12472,2023-10-26,2,511,Electronics,1392,1529.21,Day,1,0.749
12473,2023-10-26,31,501,Machinery,976,572.26,Night,0,0.139
12474,2023-10-26,5,30,Vehicles,604,484.73,Night,0,0.257
12475,2023-10-26,3,408,Textiles,916,499.61,Day,0,0.06
12476,2023-10-26,31,394,Vehicles,1488,468.33,Day,0,0.132
12477,2023-10-27,41,531,Food,626,435.96,Day,0,0.13
12478,2023-10-27,9,409,Raw Materials,505,479.51,Night,0,0.128
12479,2023-10-27,18,363,Food,332,483.71,Day,0,0.253
12480,2023-10-27,46,527,Vehicles,250,450.29,Night,0,0.172
12481,2023-10-27,22,115,Machinery,468,485.62,Night,0,0.232
12482,2023-10-27,41,223,Raw Materials,332,508.91,Night,0,0.257
12483,2023-10-27,39,197,Raw Materials,1056,457.66,Day,0,0.123
12484,2023-10-27,24,254,Machinery,705,547.47,Day,0,0.092
12485,2023-10-27,7,281,Machinery,966,478.64,Day,0,0.129
12486,2023-10-27,1,166,Vehicles,977,421.63,Night,0,0.282
12487,2023-10-27,18,364,Chemicals,1276,500.22,Day,0,0.068
12488,2023-10-27,8,616,Machinery,1437,525.42,Night,0,0.072
12489,2023-10-28,11,264,Machinery,1418,587.67,Day,0,0.068
12490,2023-10-28,20,147,Textiles,784,544.25,Day,0,0.154
12491,2023-10-28,10,115,Food,568,434.07,Day,0,0.182
12492,2023-10-28,30,193,Food,1244,485.7,Day,0,0.298
12493,2023-10-28,13,115,Food,1311,528.63,Day,0,0.273
12494,2023-10-28,35,610,Food,1114,494.41,Night,0,0.176
12495,2023-10-28,33,454,Vehicles,929,544.49,Day,0,0.224
12496,2023-10-28,39,454,Chemicals,1230,506.2,Night,0,0.019
12497,2023-10-29,13,132,Textiles,1050,541.64,Day,0,0.166
12498,2023-10-29,18,619,Textiles,489,556.05,Night,0,0.296
12499,2023-10-29,17,245,Textiles,707,449.34,Night,0,0.217
12500,2023-10-29,31,477,Chemicals,739,474.93,Day,0,0.015
12501,2023-10-29,19,573,Chemicals,891,586.28,Day,0,0.123
12502,2023-10-29,31,636,Machinery,1225,562.01,Night,0,0.117
12503,2023-10-29,45,523,Vehicles,602,489.14,Night,0,0.226
12504,2023-10-29,40,37,Electronics,717,531.21,Night,0,0.239
12505,2023-10-29,14,186,Machinery,533,477.16,Day,0,0.149
12506,2023-10-29,20,367,Chemicals,1403,468.55,Night,0,0.199
12507,2023-10-29,8,49,Vehicles,951,448.77,Night,0,0.171
12508,2023-10-29,43,13,Vehicles,492,416.88,Night,0,0.208
12509,2023-10-30,44,279,Food,1127,1394.58,Day,1,0.963
12510,2023-10-30,33,54,Food,792,529.63,Night,0,0.086
12511,2023-10-30,5,393,Electronics,987,527.58,Night,0,0.157
12512,2023-10-30,30,635,Vehicles,1138,600.02,Day,0,0.123
12513,2023-10-30,28,311,Vehicles,903,487.55,Night,0,0.239
12514,2023-10-30,9,73,Electronics,350,466.54,Night,0,0.277
12515,2023-10-30,39,591,Textiles,1159,532.16,Night,0,0.209
12516,2023-10-30,29,546,Raw Materials,169,355.24,Day,0,0.017
12517,2023-10-30,2,490,Chemicals,1089,590.26,Night,0,0.05
12518,2023-10-31,26,609,Vehicles,596,442.55,Day,0,0.117
12519,2023-10-31,18,281,Chemicals,364,570.79,Day,0,0.157
12520,2023-10-31,23,496,Vehicles,1301,500.78,Night,0,0.114
12521,2023-10-31,10,498,Vehicles,1017,528.17,Night,0,0.128
12522,2023-10-31,16,106,Food,176,558.92,Night,0,0.135
12523,2023-10-31,24,354,Machinery,549,537.09,Day,0,0.011
12524,2023-10-31,21,74,Vehicles,1056,432.21,Night,0,0.165
12525,2023-10-31,30,258,Food,462,534.39,Night,0,0.02
12526,2023-10-31,4,496,Electronics,1374,630.6,Day,0,0.207
12527,2023-11-01,29,359,Vehicles,1177,524.94,Night,0,0.005
12528,2023-11-01,23,446,Raw Materials,960,553.32,Night,0,0.089
12529,2023-11-01,26,342,Machinery,369,581.27,Night,0,0.226
12530,2023-11-01,22,627,Textiles,1234,612.06,Day,0,0.108
12531,2023-11-01,28,498,Textiles,218,509.1,Night,0,0.272
12532,2023-11-01,12,250,Electronics,377,520.54,Day,0,0.265
12533,2023-11-01,4,525,Electronics,1247,381.37,Day,0,0.212
12534,2023-11-01,13,315,Food,1166,457.16,Night,0,0.012
12535,2023-11-01,30,486,Raw Materials,1126,554.66,Day,0,0.057
12536,2023-11-01,21,228,Textiles,929,493.54,Night,0,0.095
12537,2023-11-02,43,514,Textiles,1276,530.03,Day,0,0.12
12538,2023-11-02,33,422,Raw Materials,1096,515.18,Night,0,0.123
12539,2023-11-02,2,409,Electronics,1261,529.55,Day,0,0.231
12540,2023-11-02,3,31,Vehicles,557,530.36,Night,0,0.08
12541,2023-11-02,18,564,Electronics,578,552.92,Night,0,0.057
12542,2023-11-02,43,479,Chemicals,1229,494.43,Night,0,0.08
12543,2023-11-02,34,333,Machinery,1384,484.42,Day,0,0.247
12544,2023-11-02,35,530,Machinery,1303,505.13,Night,0,0.164
12545,2023-11-02,25,338,Raw Materials,988,522.95,Night,0,0.049
12546,2023-11-03,29,624,Electronics,998,1742.3,Night,1,0.873
12547,2023-11-03,10,509,Electronics,888,485.1,Night,0,0.291
12548,2023-11-03,41,414,Food,458,521.62,Night,0,0.237
12549,2023-11-03,22,73,Machinery,384,590.9,Night,0,0.223
12550,2023-11-03,26,426,Food,103,585.34,Day,0,0.259
12551,2023-11-03,31,3,Textiles,314,495.97,Night,0,0.146
12552,2023-11-03,27,219,Chemicals,1221,429.78,Night,0,0.061
12553,2023-11-03,14,523,Food,994,553.89,Day,0,0.028
12554,2023-11-04,6,521,Raw Materials,110,576.95,Day,0,0.12
12555,2023-11-04,19,362,Raw Materials,160,425.84,Night,0,0.053
12556,2023-11-04,14,64,Raw Materials,261,445.2,Day,0,0.163
12557,2023-11-04,11,432,Vehicles,780,559.35,Night,0,0.293
12558,2023-11-04,36,198,Textiles,244,509.95,Night,0,0.272
12559,2023-11-04,31,103,Raw Materials,918,506.02,Night,0,0.059
12560,2023-11-04,44,357,Vehicles,1264,568.43,Day,0,0.016
12561,2023-11-04,26,339,Electronics,1050,468.52,Day,0,0.212
12562,2023-11-04,11,597,Vehicles,956,537.09,Night,0,0.228
12563,2023-11-04,8,250,Textiles,1203,521.75,Day,0,0.181
12564,2023-11-05,10,461,Textiles,260,557.66,Day,0,0.268
12565,2023-11-05,23,233,Machinery,991,530.33,Night,0,0.016
12566,2023-11-05,16,502,Chemicals,839,516.15,Night,0,0.15
12567,2023-11-05,7,423,Electronics,725,496.97,Night,0,0.09
12568,2023-11-05,4,600,Raw Materials,1362,499.74,Night,0,0.123
12569,2023-11-05,22,305,Electronics,938,435.59,Day,0,0.184
12570,2023-11-05,18,240,Textiles,760,588.65,Night,0,0.044
12571,2023-11-05,46,579,Electronics,1270,488.2,Night,0,0.058
12572,2023-11-06,13,589,Vehicles,722,529.39,Day,0,0.197
12573,2023-11-06,33,70,Chemicals,1440,537.16,Day,0,0.215
12574,2023-11-06,35,156,Machinery,1099,535.69,Night,0,0.247
12575,2023-11-06,32,207,Chemicals,745,551.26,Day,0,0.077
12576,2023-11-06,16,593,Electronics,1430,503.09,Night,0,0.057
12577,2023-11-06,38,452,Chemicals,104,589.98,Night,0,0.031
12578,2023-11-06,33,513,Machinery,588,474.64,Night,0,0.217
12579,2023-11-06,14,401,Food,940,483.56,Night,0,0.016
12580,2023-11-06,19,608,Machinery,1047,495.52,Night,0,0.012
12581,2023-11-06,9,501,Textiles,119,458.9,Night,0,0.014
12582,2023-11-07,14,299,Raw Materials,127,462.36,Day,0,0.268
12583,2023-11-07,2,254,Vehicles,826,456.38,Night,0,0.272
12584,2023-11-07,4,9,Textiles,343,543.97,Night,0,0.283
12585,2023-11-07,36,629,Chemicals,1454,1820.85,Day,1,0.938
12586,2023-11-07,33,572,Textiles,1497,572.41,Day,0,0.181
12587,2023-11-07,45,387,Chemicals,1342,516.66,Night,0,0.049
12588,2023-11-07,26,431,Food,865,533.08,Night,0,0.28
12589,2023-11-07,13,484,Vehicles,758,426.38,Day,0,0.152
12590,2023-11-07,44,243,Raw Materials,915,513.82,Night,0,0.187
12591,2023-11-07,16,630,Textiles,799,549.0,Day,0,0.233
12592,2023-11-08,30,580,Textiles,1283,516.41,Night,0,0.126
12593,2023-11-08,14,568,Raw Materials,1484,574.85,Day,0,0.167
12594,2023-11-08,17,466,Textiles,1276,522.96,Day,0,0.184
12595,2023-11-08,17,142,Electronics,653,488.77,Day,0,0.113
12596,2023-11-08,37,497,Raw Materials,701,423.38,Day,0,0.243
12597,2023-11-08,36,102,Chemicals,1308,564.99,Day,0,0.16
12598,2023-11-08,17,37,Vehicles,379,500.29,Night,0,0.166
12599,2023-11-08,35,210,Textiles,232,610.43,Day,0,0.008
12600,2023-11-09,24,502,Machinery,1083,515.14,Day,0,0.06
12601,2023-11-09,42,515,Electronics,673,538.51,Night,0,0.177
12602,2023-11-09,19,251,Chemicals,158,460.27,Day,0,0.272
12603,2023-11-09,20,290,Textiles,347,510.84,Day,0,0.212
12604,2023-11-09,28,253,Raw Materials,296,611.29,Day,0,0.019
12605,2023-11-09,16,418,Food,313,1393.39,Night,1,0.93
12606,2023-11-09,14,233,Chemicals,681,428.67,Night,0,0.068
12607,2023-11-09,5,535,Machinery,896,1661.91,Night,1,0.974
12608,2023-11-09,39,209,Textiles,1301,528.68,Night,0,0.29
12609,2023-11-09,4,277,Vehicles,1106,562.67,Night,0,0.051
12610,2023-11-09,4,518,Textiles,723,490.61,Day,0,0.19
12611,2023-11-09,37,284,Textiles,763,431.74,Night,0,0.062
12612,2023-11-10,26,530,Food,1406,493.87,Night,0,0.168
12613,2023-11-10,10,529,Vehicles,266,430.68,Day,0,0.095
12614,2023-11-10,44,82,Machinery,473,492.63,Night,0,0.167
12615,2023-11-10,14,73,Chemicals,664,542.27,Day,0,0.049
12616,2023-11-10,17,491,Vehicles,1343,570.17,Night,0,0.246
12617,2023-11-10,16,13,Raw Materials,1177,476.18,Day,0,0.009
12618,2023-11-10,24,350,Machinery,1385,560.21,Night,0,0.064
12619,2023-11-10,42,444,Machinery,237,468.29,Day,0,0.017
12620,2023-11-10,25,314,Food,929,584.24,Night,0,0.079
12621,2023-11-10,14,621,Food,956,586.31,Night,0,0.091
12622,2023-11-10,28,308,Raw Materials,828,504.81,Day,0,0.094
12623,2023-11-10,1,465,Raw Materials,734,387.61,Day,0,0.199
12624,2023-11-11,16,280,Chemicals,1407,476.38,Day,0,0.057
12625,2023-11-11,1,110,Electronics,1075,1136.69,Night,1,0.94
12626,2023-11-11,2,220,Textiles,709,1423.26,Night,1,0.877
12627,2023-11-11,11,162,Vehicles,1047,528.73,Night,0,0.011
12628,2023-11-11,12,388,Chemicals,1103,577.37,Night,0,0.019
12629,2023-11-11,3,610,Food,1044,508.68,Night,0,0.063
12630,2023-11-12,16,258,Textiles,1339,513.21,Night,0,0.215
12631,2023-11-12,1,334,Electronics,1153,567.33,Night,0,0.024
12632,2023-11-12,31,470,Textiles,1089,551.56,Day,0,0.056
12633,2023-11-12,10,214,Chemicals,372,520.14,Night,0,0.086
12634,2023-11-12,10,235,Raw Materials,712,474.33,Night,0,0.073
12635,2023-11-12,19,12,Chemicals,380,461.5,Night,0,0.047
12636,2023-11-12,44,392,Machinery,104,498.05,Day,0,0.154
12637,2023-11-12,43,375,Vehicles,433,573.62,Day,0,0.151
12638,2023-11-13,3,576,Raw Materials,1400,570.15,Day,0,0.212
12639,2023-11-13,18,141,Food,683,367.57,Night,0,0.162
12640,2023-11-13,25,573,Vehicles,724,517.9,Day,0,0.214
12641,2023-11-13,11,427,Vehicles,862,508.07,Day,0,0.291
12642,2023-11-13,24,411,Machinery,976,464.21,Night,0,0.007
12643,2023-11-13,11,534,Food,977,472.97,Day,0,0.181
12644,2023-11-13,21,258,Vehicles,887,478.47,Night,0,0.06
12645,2023-11-13,13,328,Food,473,474.54,Day,0,0.056
12646,2023-11-13,33,99,Food,1415,531.57,Day,0,0.128
12647,2023-11-14,3,439,Textiles,184,513.51,Night,0,0.123
12648,2023-11-14,8,392,Food,1419,566.95,Day,0,0.058
12649,2023-11-14,9,216,Chemicals,1344,528.03,Night,0,0.076
12650,2023-11-14,27,410,Food,1333,515.52,Night,0,0.268
12651,2023-11-14,33,27,Raw Materials,569,1680.59,Night,1,0.749
12652,2023-11-14,15,392,Raw Materials,336,527.08,Day,0,0.081
12653,2023-11-14,27,88,Chemicals,472,480.98,Night,0,0.254
12654,2023-11-14,42,402,Food,1103,454.68,Night,0,0.024
12655,2023-11-15,33,61,Chemicals,1407,1748.0,Night,1,0.972
12656,2023-11-15,9,127,Chemicals,855,430.1,Day,0,0.061
12657,2023-11-15,16,558,Textiles,1275,544.73,Night,0,0.243
12658,2023-11-15,39,62,Food,1260,559.35,Night,0,0.286
12659,2023-11-15,27,388,Raw Materials,666,499.47,Night,0,0.266
12660,2023-11-15,10,419,Food,1143,532.96,Day,0,0.077
12661,2023-11-15,24,270,Chemicals,1092,526.68,Day,0,0.214
12662,2023-11-15,45,372,Vehicles,485,536.6,Night,0,0.276
12663,2023-11-16,34,303,Raw Materials,950,536.05,Night,0,0.154
12664,2023-11-16,44,633,Vehicles,217,557.15,Night,0,0.069
12665,2023-11-16,31,613,Machinery,1329,599.11,Night,0,0.118
12666,2023-11-16,23,104,Textiles,710,489.91,Day,0,0.096
12667,2023-11-16,20,236,Textiles,891,559.52,Night,0,0.193
12668,2023-11-16,30,69,Chemicals,1123,498.96,Night,0,0.295
12669,2023-11-16,42,53,Chemicals,1078,513.63,Night,0,0.026
12670,2023-11-16,41,252,Vehicles,918,497.77,Night,0,0.083
12671,2023-11-16,32,69,Machinery,1093,516.57,Day,0,0.062
12672,2023-11-16,16,122,Electronics,1073,538.36,Night,0,0.284
12673,2023-11-16,1,7,Textiles,611,1056.11,Night,1,0.733
12674,2023-11-17,15,24,Textiles,973,453.05,Day,0,0.005
12675,2023-11-17,35,352,Electronics,884,505.79,Day,0,0.071
12676,2023-11-17,45,375,Machinery,1181,463.5,Day,0,0.211
12677,2023-11-17,3,140,Electronics,1203,461.85,Night,0,0.066
12678,2023-11-17,19,4,Electronics,886,521.72,Day,0,0.018
12679,2023-11-17,39,99,Food,752,466.4,Night,0,0.187
12680,2023-11-17,1,300,Machinery,1400,553.18,Night,0,0.177
12681,2023-11-18,45,446,Chemicals,1288,443.33,Night,0,0.111
12682,2023-11-18,4,285,Food,371,620.66,Day,0,0.139
12683,2023-11-18,29,483,Machinery,249,504.15,Night,0,0.195
12684,2023-11-18,7,607,Machinery,1000,559.9,Night,0,0.028
12685,2023-11-18,35,564,Chemicals,392,506.13,Night,0,0.115
12686,2023-11-18,44,149,Vehicles,802,560.97,Day,0,0.112
12687,2023-11-18,43,208,Chemicals,1248,506.94,Day,0,0.081
12688,2023-11-18,35,39,Chemicals,734,418.32,Day,0,0.051
12689,2023-11-19,3,214,Food,470,443.02,Night,0,0.209
12690,2023-11-19,23,322,Raw Materials,245,650.67,Day,0,0.117
12691,2023-11-19,20,497,Raw Materials,1298,1846.46,Day,1,0.896
12692,2023-11-19,34,421,Chemicals,297,492.41,Night,0,0.198
12693,2023-11-19,42,378,Chemicals,1020,425.04,Night,0,0.06
12694,2023-11-19,26,186,Food,1131,446.05,Night,0,0.267
12695,2023-11-19,1,119,Chemicals,272,576.55,Day,0,0.151
12696,2023-11-19,32,30,Electronics,1179,500.9,Night,0,0.274
12697,2023-11-19,29,559,Chemicals,137,1266.82,Night,1,0.989
12698,2023-11-19,30,236,Vehicles,1184,528.05,Day,0,0.09
12699,2023-11-19,16,325,Chemicals,518,458.24,Night,0,0.288
12700,2023-11-20,10,261,Food,1087,591.62,Day,0,0.051
12701,2023-11-20,22,556,Chemicals,151,598.45,Night,0,0.244
12702,2023-11-20,11,447,Food,1412,466.45,Night,0,0.225
12703,2023-11-20,41,242,Raw Materials,649,482.23,Day,0,0.055
12704,2023-11-20,39,356,Machinery,1333,649.67,Night,0,0.202
12705,2023-11-20,22,194,Machinery,1249,510.08,Day,0,0.244
12706,2023-11-20,10,177,Vehicles,1367,431.3,Night,0,0.1
12707,2023-11-20,28,279,Electronics,127,535.95,Night,0,0.088
12708,2023-11-20,3,274,Textiles,1287,471.71,Night,0,0.131
12709,2023-11-20,44,270,Textiles,663,491.08,Night,0,0.119
12710,2023-11-20,1,558,Chemicals,1499,481.26,Day,0,0.177
12711,2023-11-20,29,249,Electronics,397,536.13,Night,0,0.269
12712,2023-11-21,12,492,Electronics,1422,456.67,Day,0,0.009
12713,2023-11-21,24,30,Electronics,1151,484.57,Night,0,0.133
12714,2023-11-21,45,82,Electronics,163,499.03,Night,0,0.038
12715,2023-11-21,41,452,Chemicals,550,459.98,Night,0,0.206
12716,2023-11-21,33,88,Machinery,1225,472.53,Day,0,0.234
12717,2023-11-21,16,423,Textiles,955,496.26,Night,0,0.003
12718,2023-11-21,43,504,Textiles,1106,1581.61,Night,1,0.748
12719,2023-11-21,18,116,Vehicles,1209,483.19,Day,0,0.207
12720,2023-11-21,4,97,Vehicles,681,577.65,Night,0,0.007
12721,2023-11-22,29,189,Chemicals,669,536.91,Day,0,0.096
12722,2023-11-22,14,556,Electronics,1034,601.54,Day,0,0.267
12723,2023-11-22,37,144,Machinery,816,481.03,Day,0,0.177
12724,2023-11-22,19,444,Machinery,624,448.25,Night,0,0.055
12725,2023-11-22,28,63,Chemicals,323,447.07,Night,0,0.243
12726,2023-11-22,7,261,Electronics,403,514.08,Night,0,0.275
12727,2023-11-22,46,610,Food,497,480.77,Day,0,0.149
12728,2023-11-22,6,238,Chemicals,1163,544.72,Night,0,0.182
12729,2023-11-22,37,399,Textiles,696,463.09,Night,0,0.17
12730,2023-11-22,20,9,Textiles,1456,457.69,Night,0,0.278
12731,2023-11-23,16,433,Machinery,263,557.66,Night,0,0.227
12732,2023-11-23,4,491,Textiles,1301,548.16,Night,0,0.228
12733,2023-11-23,8,371,Chemicals,1374,535.09,Night,0,0.258
12734,2023-11-23,29,197,Raw Materials,695,499.04,Night,0,0.237
12735,2023-11-23,2,481,Vehicles,332,461.91,Day,0,0.174
12736,2023-11-23,1,363,Raw Materials,1162,468.56,Day,0,0.237
12737,2023-11-23,6,8,Vehicles,985,481.7,Day,0,0.186
12738,2023-11-23,37,539,Raw Materials,811,1775.82,Day,1,0.75
12739,2023-11-23,34,328,Chemicals,211,517.69,Day,0,0.128
12740,2023-11-24,15,212,Food,967,578.08,Night,0,0.129
12741,2023-11-24,17,183,Machinery,857,531.02,Day,0,0.05
12742,2023-11-24,20,581,Vehicles,371,517.82,Day,0,0.084
12743,2023-11-24,21,401,Raw Materials,1451,509.83,Day,0,0.002
12744,2023-11-24,32,225,Electronics,1424,496.86,Night,0,0.266
12745,2023-11-24,1,340,Electronics,858,588.96,Day,0,0.288
12746,2023-11-24,14,87,Food,130,544.31,Night,0,0.028
12747,2023-11-24,24,518,Chemicals,1179,554.15,Day,0,0.134
12748,2023-11-25,11,577,Machinery,339,579.26,Day,0,0.192
12749,2023-11-25,27,29,Chemicals,1144,564.69,Night,0,0.204
12750,2023-11-25,25,151,Food,1414,406.76,Night,0,0.209
12751,2023-11-25,16,427,Machinery,272,1509.54,Night,1,0.935
12752,2023-11-25,30,159,Food,1336,387.95,Night,0,0.097
12753,2023-11-25,7,141,Electronics,773,449.41,Day,0,0.083
12754,2023-11-26,43,29,Food,1496,550.0,Night,0,0.241
12755,2023-11-26,17,497,Food,995,541.05,Night,0,0.217
12756,2023-11-26,42,596,Machinery,317,1872.09,Day,1,0.988
12757,2023-11-26,26,458,Vehicles,788,484.42,Night,0,0.017
12758,2023-11-26,7,170,Food,1198,484.74,Day,0,0.246
12759,2023-11-26,14,400,Vehicles,784,602.08,Night,0,0.13
12760,2023-11-26,40,536,Machinery,982,595.38,Day,0,0.166
12761,2023-11-26,43,49,Textiles,680,512.41,Night,0,0.214
12762,2023-11-27,4,207,Vehicles,585,475.6,Day,0,0.115
12763,2023-11-27,41,181,Chemicals,794,551.22,Day,0,0.04
12764,2023-11-27,2,607,Textiles,1060,529.08,Night,0,0.203
12765,2023-11-27,45,165,Chemicals,555,540.25,Day,0,0.293
12766,2023-11-27,24,110,Textiles,555,502.81,Night,0,0.269
12767,2023-11-27,24,83,Raw Materials,563,367.99,Day,0,0.183
12768,2023-11-27,23,296,Textiles,413,473.74,Night,0,0.152
12769,2023-11-28,13,124,Food,1016,1725.4,Day,1,0.758
12770,2023-11-28,37,593,Raw Materials,1456,632.68,Day,0,0.102
12771,2023-11-28,10,446,Food,143,557.35,Night,0,0.06
12772,2023-11-28,3,58,Machinery,502,395.04,Day,0,0.297
12773,2023-11-28,31,501,Vehicles,411,1913.64,Day,1,0.96
12774,2023-11-28,12,528,Electronics,268,519.3,Day,0,0.002
12775,2023-11-28,13,626,Food,1071,578.97,Night,0,0.226
12776,2023-11-28,24,446,Machinery,1441,584.05,Night,0,0.191
12777,2023-11-28,32,76,Vehicles,187,535.47,Day,0,0.006
12778,2023-11-29,1,186,Food,1272,423.43,Day,0,0.0
12779,2023-11-29,26,111,Vehicles,666,561.58,Night,0,0.06
12780,2023-11-29,26,521,Chemicals,753,504.85,Day,0,0.268
12781,2023-11-29,34,116,Vehicles,224,518.11,Day,0,0.266
12782,2023-11-29,41,101,Chemicals,899,452.64,Day,0,0.204
12783,2023-11-29,45,98,Vehicles,454,482.51,Night,0,0.089
12784,2023-11-30,33,188,Electronics,510,572.43,Day,0,0.161
12785,2023-11-30,20,169,Raw Materials,506,488.79,Night,0,0.061
12786,2023-11-30,24,219,Machinery,655,513.99,Night,0,0.24
12787,2023-11-30,20,12,Chemicals,130,410.56,Day,0,0.208
12788,2023-11-30,9,118,Food,397,606.09,Day,0,0.064
12789,2023-11-30,41,612,Machinery,237,559.66,Night,0,0.298
12790,2023-11-30,8,288,Chemicals,573,534.1,Day,0,0.128
12791,2023-11-30,46,115,Chemicals,818,469.44,Day,0,0.009
12792,2023-11-30,41,193,Electronics,913,452.56,Day,0,0.213
12793,2023-11-30,24,625,Machinery,464,1895.83,Day,1,0.921
12794,2023-11-30,25,461,Electronics,707,536.68,Night,0,0.29
12795,2023-12-01,24,516,Food,1110,531.45,Night,0,0.238
12796,2023-12-01,36,125,Electronics,1472,445.95,Night,0,0.293
12797,2023-12-01,11,82,Machinery,937,536.94,Night,0,0.178
12798,2023-12-01,24,278,Electronics,700,620.2,Day,0,0.129
12799,2023-12-01,19,573,Electronics,122,570.14,Night,0,0.062
12800,2023-12-01,37,392,Electronics,305,557.6,Night,0,0.195
12801,2023-12-01,19,628,Electronics,351,534.68,Night,0,0.012
12802,2023-12-01,21,578,Electronics,158,478.4,Day,0,0.215
12803,2023-12-01,2,68,Vehicles,1203,521.36,Day,0,0.218
12804,2023-12-02,3,147,Raw Materials,845,557.89,Day,0,0.291
12805,2023-12-02,4,306,Vehicles,1134,479.87,Day,0,0.082
12806,2023-12-02,15,70,Food,1177,475.97,Night,0,0.139
12807,2023-12-02,8,155,Food,209,521.24,Day,0,0.041
12808,2023-12-02,6,233,Electronics,1327,545.09,Day,0,0.281
12809,2023-12-02,25,395,Chemicals,1366,489.98,Day,0,0.279
12810,2023-12-02,26,590,Electronics,1064,554.2,Night,0,0.29
12811,2023-12-03,27,512,Raw Materials,260,501.32,Day,0,0.084
12812,2023-12-03,29,336,Chemicals,930,594.81,Day,0,0.198
12813,2023-12-03,34,428,Textiles,1382,461.43,Day,0,0.263
12814,2023-12-03,5,510,Vehicles,291,553.55,Night,0,0.257
12815,2023-12-03,37,561,Raw Materials,1051,570.09,Night,0,0.176
12816,2023-12-03,23,614,Chemicals,1004,431.86,Night,0,0.198
12817,2023-12-03,26,361,Raw Materials,351,441.69,Day,0,0.025
12818,2023-12-04,39,177,Vehicles,1207,513.15,Day,0,0.07
12819,2023-12-04,2,187,Textiles,890,1652.86,Night,1,0.883
12820,2023-12-04,30,243,Electronics,129,543.16,Day,0,0.158
12821,2023-12-04,16,486,Raw Materials,710,534.17,Night,0,0.073
12822,2023-12-04,21,437,Textiles,104,558.54,Night,0,0.171
12823,2023-12-04,4,404,Machinery,1276,535.07,Day,0,0.242
12824,2023-12-04,25,317,Textiles,1229,623.84,Day,0,0.058
12825,2023-12-04,19,385,Chemicals,683,496.92,Day,0,0.136
12826,2023-12-04,11,175,Electronics,1386,473.95,Day,0,0.002
12827,2023-12-05,1,7,Electronics,433,486.45,Night,0,0.289
12828,2023-12-05,13,338,Food,1344,484.54,Day,0,0.131
12829,2023-12-05,19,51,Raw Materials,820,507.05,Day,0,0.051
12830,2023-12-05,13,430,Chemicals,880,524.98,Day,0,0.12
12831,2023-12-05,37,555,Raw Materials,1129,515.15,Day,0,0.163
12832,2023-12-05,10,62,Textiles,1339,617.7,Day,0,0.283
12833,2023-12-05,15,381,Machinery,357,531.45,Day,0,0.028
12834,2023-12-05,36,362,Raw Materials,171,1533.64,Day,1,0.956
12835,2023-12-06,39,500,Food,1059,482.23,Night,0,0.011
12836,2023-12-06,7,602,Vehicles,269,505.98,Night,0,0.035
12837,2023-12-06,30,7,Textiles,389,514.46,Night,0,0.089
12838,2023-12-06,32,422,Machinery,877,541.58,Night,0,0.26
12839,2023-12-06,3,398,Food,617,445.43,Day,0,0.09
12840,2023-12-06,32,269,Machinery,931,541.21,Day,0,0.089
12841,2023-12-07,4,387,Textiles,440,566.25,Day,0,0.094
12842,2023-12-07,5,142,Chemicals,174,512.0,Day,0,0.071
12843,2023-12-07,35,506,Machinery,525,462.43,Night,0,0.219
12844,2023-12-07,33,315,Raw Materials,295,437.79,Night,0,0.073
12845,2023-12-07,7,516,Food,847,466.96,Day,0,0.086
12846,2023-12-07,3,422,Chemicals,705,1211.76,Night,1,0.754
12847,2023-12-08,32,223,Machinery,1026,1042.1,Day,1,0.963
12848,2023-12-08,17,293,Electronics,1324,510.84,Day,0,0.109
12849,2023-12-08,9,230,Chemicals,1151,539.06,Night,0,0.168
12850,2023-12-08,2,348,Textiles,621,518.55,Day,0,0.198
12851,2023-12-08,8,365,Electronics,1032,445.74,Night,0,0.166
12852,2023-12-08,7,194,Textiles,1152,464.5,Day,0,0.022
12853,2023-12-08,1,528,Electronics,720,491.8,Night,0,0.287
12854,2023-12-08,15,541,Electronics,1311,639.65,Night,0,0.157
12855,2023-12-08,18,599,Vehicles,1261,492.45,Night,0,0.072
12856,2023-12-09,7,326,Vehicles,637,530.73,Night,0,0.069
12857,2023-12-09,13,306,Raw Materials,658,589.71,Day,0,0.297
12858,2023-12-09,24,106,Textiles,918,530.98,Night,0,0.075
12859,2023-12-09,10,172,Vehicles,1127,506.64,Night,0,0.193
12860,2023-12-09,1,310,Chemicals,1177,586.62,Night,0,0.2
12861,2023-12-09,42,631,Chemicals,817,475.19,Night,0,0.035
12862,2023-12-09,41,125,Electronics,1247,474.7,Night,0,0.217
12863,2023-12-09,8,456,Textiles,1237,428.54,Day,0,0.106
12864,2023-12-09,20,73,Raw Materials,522,465.29,Night,0,0.058
12865,2023-12-10,11,342,Chemicals,1133,537.5,Day,0,0.193
12866,2023-12-10,27,335,Machinery,518,473.07,Day,0,0.204
12867,2023-12-10,17,173,Chemicals,165,445.98,Night,0,0.031
12868,2023-12-10,19,226,Textiles,867,450.32,Night,0,0.231
12869,2023-12-10,34,271,Vehicles,1408,550.15,Night,0,0.224
12870,2023-12-10,44,133,Vehicles,658,429.09,Night,0,0.167
12871,2023-12-10,19,217,Electronics,1462,569.56,Day,0,0.24
12872,2023-12-10,21,197,Chemicals,466,422.36,Night,0,0.29
12873,2023-12-10,40,155,Vehicles,1061,549.91,Night,0,0.191
12874,2023-12-10,8,137,Electronics,213,458.99,Night,0,0.041
12875,2023-12-10,11,171,Machinery,366,542.48,Night,0,0.218
12876,2023-12-11,21,80,Machinery,934,387.79,Night,0,0.073
12877,2023-12-11,5,508,Electronics,306,444.36,Day,0,0.269
12878,2023-12-11,18,175,Machinery,1480,545.45,Day,0,0.02
12879,2023-12-11,29,444,Electronics,115,498.54,Day,0,0.238
12880,2023-12-11,37,197,Vehicles,909,473.09,Night,0,0.116
12881,2023-12-11,9,402,Textiles,1357,595.01,Day,0,0.152
12882,2023-12-11,45,204,Raw Materials,342,483.82,Night,0,0.062
12883,2023-12-11,41,337,Food,526,554.6,Night,0,0.287
12884,2023-12-11,19,122,Food,120,467.04,Night,0,0.025
12885,2023-12-12,39,142,Chemicals,346,490.93,Day,0,0.292
12886,2023-12-12,35,505,Raw Materials,618,601.48,Day,0,0.251
12887,2023-12-12,3,555,Vehicles,643,621.84,Day,0,0.258
12888,2023-12-12,37,631,Electronics,1286,519.79,Day,0,0.151
12889,2023-12-12,35,443,Machinery,1080,500.24,Night,0,0.291
12890,2023-12-12,24,601,Electronics,1088,491.52,Night,0,0.21
12891,2023-12-12,21,176,Machinery,973,417.03,Night,0,0.005
12892,2023-12-12,1,9,Chemicals,1309,445.37,Night,0,0.24
12893,2023-12-13,11,401,Food,1480,490.18,Day,0,0.138
12894,2023-12-13,5,322,Electronics,102,549.28,Night,0,0.056
12895,2023-12-13,33,3,Food,590,488.03,Day,0,0.107
12896,2023-12-13,36,531,Machinery,1047,590.42,Day,0,0.259
12897,2023-12-13,11,306,Chemicals,1277,585.83,Day,0,0.091
12898,2023-12-13,11,170,Electronics,140,506.17,Day,0,0.052
12899,2023-12-13,21,66,Textiles,549,513.97,Day,0,0.185
12900,2023-12-13,4,36,Electronics,422,587.21,Day,0,0.189
12901,2023-12-14,30,580,Electronics,908,475.34,Day,0,0.265
12902,2023-12-14,6,515,Textiles,281,555.48,Day,0,0.269
12903,2023-12-14,31,574,Vehicles,231,547.18,Night,0,0.164
12904,2023-12-14,33,6,Electronics,365,497.53,Day,0,0.262
12905,2023-12-14,14,542,Raw Materials,212,564.34,Night,0,0.086
12906,2023-12-14,10,476,Textiles,265,527.72,Night,0,0.178
12907,2023-12-14,14,495,Raw Materials,1292,473.38,Day,0,0.105
12908,2023-12-14,2,441,Raw Materials,1311,537.02,Day,0,0.251
12909,2023-12-14,3,274,Machinery,524,519.7,Night,0,0.022
12910,2023-12-14,2,325,Food,642,608.69,Day,0,0.201
12911,2023-12-14,45,592,Chemicals,1052,566.66,Night,0,0.021
12912,2023-12-14,8,131,Raw Materials,542,450.38,Night,0,0.16
12913,2023-12-15,17,338,Machinery,1094,581.13,Day,0,0.111
12914,2023-12-15,44,119,Raw Materials,1356,502.27,Day,0,0.014
12915,2023-12-15,15,82,Electronics,1466,412.26,Night,0,0.235
12916,2023-12-15,28,166,Chemicals,1275,484.37,Night,0,0.022
12917,2023-12-15,31,538,Chemicals,444,579.61,Day,0,0.05
12918,2023-12-15,45,211,Textiles,1403,627.0,Day,0,0.19
12919,2023-12-15,45,94,Machinery,1224,502.83,Day,0,0.06
12920,2023-12-15,9,198,Food,558,461.91,Night,0,0.125
12921,2023-12-15,10,140,Textiles,1175,1459.34,Day,1,0.884
12922,2023-12-16,37,494,Food,378,462.02,Day,0,0.171
12923,2023-12-16,19,436,Vehicles,1375,558.14,Day,0,0.05
12924,2023-12-16,31,351,Electronics,679,519.8,Night,0,0.119
12925,2023-12-16,16,594,Food,1048,523.4,Day,0,0.162
12926,2023-12-16,4,275,Machinery,837,504.28,Night,0,0.171
12927,2023-12-16,20,555,Raw Materials,898,531.52,Day,0,0.26
12928,2023-12-16,35,302,Machinery,318,438.53,Night,0,0.212
12929,2023-12-17,31,343,Raw Materials,1269,576.62,Night,0,0.128
12930,2023-12-17,8,487,Electronics,1404,548.51,Day,0,0.126
12931,2023-12-17,23,230,Electronics,628,483.14,Day,0,0.047
12932,2023-12-17,39,457,Textiles,146,455.18,Day,0,0.094
12933,2023-12-17,23,614,Textiles,444,536.01,Night,0,0.193
12934,2023-12-17,25,569,Electronics,571,531.22,Day,0,0.106
12935,2023-12-18,28,203,Textiles,640,491.98,Day,0,0.089
12936,2023-12-18,31,52,Raw Materials,1112,495.65,Day,0,0.204
12937,2023-12-18,14,299,Chemicals,1069,503.08,Day,0,0.298
12938,2023-12-18,42,593,Raw Materials,752,572.61,Night,0,0.067
12939,2023-12-18,38,379,Vehicles,1072,443.2,Day,0,0.247
12940,2023-12-18,46,383,Chemicals,628,531.0,Night,0,0.292
12941,2023-12-18,45,244,Textiles,1125,559.81,Day,0,0.11
12942,2023-12-18,23,355,Electronics,734,552.4,Night,0,0.278
12943,2023-12-18,21,561,Vehicles,1330,527.58,Night,0,0.242
12944,2023-12-19,3,410,Raw Materials,1444,497.77,Night,0,0.297
12945,2023-12-19,12,287,Textiles,564,532.62,Night,0,0.04
12946,2023-12-19,22,616,Food,915,524.47,Day,0,0.22
12947,2023-12-19,3,519,Raw Materials,104,421.74,Night,0,0.26
12948,2023-12-19,32,274,Textiles,1093,449.82,Night,0,0.155
12949,2023-12-19,27,523,Chemicals,705,460.99,Night,0,0.205
12950,2023-12-19,3,592,Vehicles,1409,627.43,Day,0,0.081
12951,2023-12-19,12,451,Chemicals,1371,536.86,Day,0,0.177
12952,2023-12-19,36,249,Chemicals,570,546.83,Night,0,0.045
12953,2023-12-20,32,478,Electronics,994,538.96,Night,0,0.207
12954,2023-12-20,14,179,Food,638,565.56,Night,0,0.014
12955,2023-12-20,8,558,Food,1138,524.21,Night,0,0.17
12956,2023-12-20,13,636,Machinery,1007,446.17,Night,0,0.077
12957,2023-12-20,41,108,Machinery,1002,552.36,Night,0,0.131
12958,2023-12-20,21,174,Chemicals,815,527.62,Night,0,0.274
12959,2023-12-20,39,16,Chemicals,524,471.27,Day,0,0.176
12960,2023-12-20,25,296,Textiles,685,592.24,Night,0,0.016
12961,2023-12-20,20,31,Machinery,1025,557.01,Day,0,0.244
12962,2023-12-21,3,6,Food,1282,399.31,Day,0,0.079
12963,2023-12-21,44,68,Food,361,470.98,Day,0,0.015
12964,2023-12-21,41,257,Electronics,1204,496.38,Day,0,0.142
12965,2023-12-21,19,30,Electronics,782,475.16,Day,0,0.264
12966,2023-12-21,43,509,Raw Materials,703,430.72,Night,0,0.219
12967,2023-12-21,29,443,Electronics,1256,514.45,Night,0,0.261
12968,2023-12-21,28,195,Machinery,547,586.29,Day,0,0.262
12969,2023-12-22,11,618,Vehicles,1274,539.02,Day,0,0.23
12970,2023-12-22,18,113,Textiles,1378,433.91,Night,0,0.285
12971,2023-12-22,40,453,Textiles,983,512.87,Day,0,0.149
12972,2023-12-22,36,273,Electronics,1296,586.2,Day,0,0.085
12973,2023-12-22,25,158,Raw Materials,300,554.06,Night,0,0.189
12974,2023-12-22,41,503,Chemicals,406,411.78,Day,0,0.073
12975,2023-12-22,20,527,Raw Materials,1040,508.7,Night,0,0.1
12976,2023-12-22,31,568,Textiles,1398,516.78,Day,0,0.233
12977,2023-12-22,20,596,Chemicals,589,1292.19,Night,1,0.747
12978,2023-12-22,25,263,Raw Materials,969,405.61,Night,0,0.135
12979,2023-12-22,40,256,Raw Materials,1446,533.63,Night,0,0.125
12980,2023-12-23,35,136,Chemicals,1263,488.89,Day,0,0.249
12981,2023-12-23,15,136,Vehicles,1045,514.53,Day,0,0.27
12982,2023-12-23,14,356,Textiles,244,389.86,Night,0,0.265
12983,2023-12-23,8,562,Chemicals,175,455.56,Day,0,0.101
12984,2023-12-23,9,507,Food,127,584.85,Day,0,0.034
12985,2023-12-23,36,424,Food,927,531.63,Day,0,0.005
12986,2023-12-23,24,374,Raw Materials,866,458.11,Day,0,0.123
12987,2023-12-23,18,400,Machinery,1102,471.21,Day,0,0.269
12988,2023-12-24,19,383,Textiles,986,478.41,Day,0,0.123
12989,2023-12-24,1,588,Vehicles,920,549.72,Night,0,0.06
12990,2023-12-24,26,311,Textiles,1288,481.02,Night,0,0.068
12991,2023-12-24,15,628,Electronics,1081,521.9,Day,0,0.171
12992,2023-12-24,8,57,Raw Materials,108,516.99,Night,0,0.193
12993,2023-12-24,35,220,Textiles,1076,459.25,Night,0,0.266
12994,2023-12-24,5,624,Food,1424,530.3,Night,0,0.256
12995,2023-12-25,32,432,Electronics,621,529.71,Night,0,0.271
12996,2023-12-25,42,344,Electronics,927,527.37,Day,0,0.094
12997,2023-12-25,39,615,Food,355,641.61,Day,0,0.247
12998,2023-12-25,19,515,Electronics,653,466.6,Night,0,0.147
12999,2023-12-25,37,333,Electronics,806,494.79,Night,0,0.132
13000,2023-12-25,6,123,Vehicles,616,506.43,Day,0,0.3
13001,2023-12-25,21,126,Food,582,504.59,Day,0,0.271
13002,2023-12-26,44,109,Raw Materials,575,492.64,Night,0,0.215
13003,2023-12-26,19,262,Electronics,691,527.59,Day,0,0.019
13004,2023-12-26,4,133,Vehicles,632,473.82,Day,0,0.126
13005,2023-12-26,44,382,Machinery,1492,616.66,Night,0,0.094
13006,2023-12-26,13,465,Textiles,752,500.69,Day,0,0.019
13007,2023-12-26,43,170,Vehicles,459,505.16,Night,0,0.24
13008,2023-12-26,45,406,Vehicles,488,507.11,Night,0,0.119
13009,2023-12-26,24,279,Vehicles,1414,534.71,Day,0,0.084
13010,2023-12-27,26,339,Machinery,1170,518.24,Day,0,0.165
13011,2023-12-27,28,29,Chemicals,1363,601.63,Night,0,0.282
13012,2023-12-27,24,576,Textiles,289,538.95,Night,0,0.204
13013,2023-12-27,42,607,Machinery,749,552.14,Night,0,0.119
13014,2023-12-27,13,47,Chemicals,779,470.45,Day,0,0.141
13015,2023-12-27,7,401,Machinery,1349,464.76,Night,0,0.203
13016,2023-12-27,20,408,Machinery,147,498.79,Night,0,0.118
13017,2023-12-27,21,73,Food,1219,530.49,Day,0,0.022
13018,2023-12-27,30,294,Food,986,500.07,Night,0,0.121
13019,2023-12-27,28,301,Chemicals,1421,554.16,Night,0,0.248
13020,2023-12-28,44,581,Vehicles,909,518.43,Night,0,0.119
13021,2023-12-28,31,610,Raw Materials,833,1319.27,Night,1,0.818
13022,2023-12-28,9,123,Machinery,812,541.06,Night,0,0.151
13023,2023-12-28,26,28,Vehicles,445,489.54,Day,0,0.279
13024,2023-12-28,15,634,Machinery,454,540.96,Night,0,0.298
13025,2023-12-28,4,588,Electronics,878,678.13,Night,0,0.266
13026,2023-12-28,44,73,Machinery,1497,454.62,Night,0,0.127
13027,2023-12-28,23,423,Raw Materials,1334,516.81,Day,0,0.192
13028,2023-12-28,13,396,Electronics,907,500.75,Day,0,0.034
13029,2023-12-28,28,517,Vehicles,552,612.55,Day,0,0.27
13030,2023-12-29,42,478,Raw Materials,1416,573.9,Night,0,0.129
13031,2023-12-29,42,159,Food,223,477.12,Night,0,0.197
13032,2023-12-29,2,435,Chemicals,295,566.48,Day,0,0.018
13033,2023-12-29,41,495,Machinery,656,513.27,Day,0,0.052
13034,2023-12-29,7,201,Electronics,427,504.72,Night,0,0.278
13035,2023-12-29,2,535,Textiles,1038,559.87,Day,0,0.257
13036,2023-12-29,20,514,Electronics,512,495.81,Night,0,0.248
13037,2023-12-30,45,546,Textiles,1056,594.46,Day,0,0.063
13038,2023-12-30,19,384,Chemicals,412,461.67,Night,0,0.267
13039,2023-12-30,24,510,Vehicles,768,583.54,Night,0,0.139
13040,2023-12-30,18,624,Food,421,527.34,Day,0,0.068
13041,2023-12-30,18,473,Textiles,213,453.04,Day,0,0.134
13042,2023-12-30,14,182,Vehicles,808,577.67,Day,0,0.09
13043,2023-12-31,36,490,Raw Materials,330,442.12,Night,0,0.153
13044,2023-12-31,1,345,Machinery,1274,517.67,Day,0,0.169
13045,2023-12-31,7,294,Electronics,122,563.51,Night,0,0.117
13046,2023-12-31,21,79,Machinery,811,477.55,Night,0,0.175
13047,2023-12-31,12,403,Chemicals,254,448.42,Night,0,0.026
13048,2023-12-31,2,386,Chemicals,284,529.1,Day,0,0.152
13049,2023-12-31,17,165,Vehicles,325,563.73,Day,0,0.204
13050,2023-12-31,3,354,Raw Materials,1474,455.67,Night,0,0.221
13051,2023-12-31,41,618,Raw Materials,829,1193.96,Night,1,0.97
13052,2023-12-31,38,6,Machinery,906,483.5,Day,0,0.083
13053,2024-01-01,31,318,Textiles,1456,531.27,Day,0,0.132
13054,2024-01-01,29,251,Textiles,1087,489.62,Day,0,0.132
13055,2024-01-01,5,78,Raw Materials,542,521.09,Day,0,0.272
13056,2024-01-01,23,565,Electronics,166,574.65,Day,0,0.048
13057,2024-01-01,6,132,Chemicals,678,565.1,Night,0,0.204
13058,2024-01-01,2,152,Vehicles,432,502.95,Night,0,0.185
13059,2024-01-01,42,558,Raw Materials,387,496.24,Night,0,0.129
13060,2024-01-01,24,218,Chemicals,197,551.35,Day,0,0.062
13061,2024-01-01,44,347,Electronics,574,467.03,Night,0,0.259
13062,2024-01-01,30,582,Raw Materials,121,510.66,Night,0,0.091
13063,2024-01-01,38,109,Vehicles,1116,421.63,Night,0,0.004
13064,2024-01-01,18,261,Raw Materials,783,654.67,Night,0,0.148
13065,2024-01-02,43,63,Machinery,1036,565.42,Night,0,0.002
13066,2024-01-02,26,375,Machinery,472,458.59,Night,0,0.114
13067,2024-01-02,13,478,Machinery,719,540.8,Day,0,0.081
13068,2024-01-02,30,203,Machinery,152,1681.58,Night,1,0.936
13069,2024-01-02,5,97,Vehicles,1283,535.67,Night,0,0.03
13070,2024-01-02,29,522,Raw Materials,287,466.04,Night,0,0.211
13071,2024-01-03,36,449,Electronics,680,455.43,Day,0,0.002
13072,2024-01-03,4,261,Food,1098,437.4,Night,0,0.058
13073,2024-01-03,20,242,Vehicles,261,551.37,Day,0,0.012
13074,2024-01-03,22,516,Textiles,818,471.05,Day,0,0.135
13075,2024-01-03,30,147,Textiles,1262,428.74,Day,0,0.266
13076,2024-01-03,22,98,Vehicles,435,501.68,Day,0,0.085
13077,2024-01-03,18,536,Electronics,1309,539.12,Night,0,0.192
13078,2024-01-03,18,520,Vehicles,992,550.98,Night,0,0.179
13079,2024-01-04,25,250,Machinery,453,558.78,Night,0,0.245
13080,2024-01-04,11,463,Machinery,340,521.68,Night,0,0.056
13081,2024-01-04,30,523,Machinery,339,518.64,Day,0,0.192
13082,2024-01-04,7,220,Raw Materials,335,540.07,Day,0,0.153
13083,2024-01-04,21,434,Food,1033,511.73,Night,0,0.189
13084,2024-01-04,11,48,Chemicals,604,511.37,Day,0,0.085
13085,2024-01-04,10,328,Textiles,970,534.3,Night,0,0.289
13086,2024-01-04,35,375,Machinery,1175,508.75,Day,0,0.229
13087,2024-01-04,4,598,Raw Materials,1037,556.19,Night,0,0.136
13088,2024-01-04,37,267,Raw Materials,286,448.64,Night,0,0.255
13089,2024-01-04,3,587,Machinery,223,548.1,Day,0,0.122
13090,2024-01-05,13,488,Food,680,435.19,Night,0,0.052
13091,2024-01-05,20,41,Electronics,889,446.79,Night,0,0.222
13092,2024-01-05,14,589,Machinery,1011,452.03,Night,0,0.206
13093,2024-01-05,32,191,Food,132,467.26,Night,0,0.176
13094,2024-01-05,6,569,Machinery,424,533.08,Day,0,0.269
13095,2024-01-05,39,243,Chemicals,1469,582.07,Day,0,0.019
13096,2024-01-05,1,296,Textiles,1016,419.36,Night,0,0.105
13097,2024-01-05,27,93,Chemicals,112,533.48,Day,0,0.135
13098,2024-01-06,24,381,Food,129,457.33,Night,0,0.199
13099,2024-01-06,25,453,Food,795,599.27,Night,0,0.211
13100,2024-01-06,9,223,Vehicles,680,531.56,Night,0,0.092
13101,2024-01-06,16,2,Textiles,122,444.7,Day,0,0.09
13102,2024-01-06,46,448,Chemicals,763,515.47,Day,0,0.192
13103,2024-01-06,46,525,Vehicles,443,549.83,Day,0,0.237
13104,2024-01-06,35,122,Vehicles,469,572.12,Night,0,0.138
13105,2024-01-06,5,241,Food,349,501.71,Day,0,0.164
13106,2024-01-07,23,369,Chemicals,828,462.86,Day,0,0.138
13107,2024-01-07,38,143,Food,262,1254.51,Day,1,0.883
13108,2024-01-07,46,486,Textiles,742,439.37,Night,0,0.09
13109,2024-01-07,24,253,Chemicals,1152,523.12,Night,0,0.193
13110,2024-01-07,2,600,Chemicals,963,573.1,Night,0,0.257
13111,2024-01-07,37,261,Chemicals,1255,491.4,Day,0,0.083
13112,2024-01-07,10,234,Food,698,577.1,Day,0,0.012
13113,2024-01-08,30,184,Raw Materials,841,410.13,Day,0,0.214
13114,2024-01-08,9,491,Textiles,932,508.14,Day,0,0.055
13115,2024-01-08,44,419,Textiles,790,423.74,Night,0,0.095
13116,2024-01-08,33,265,Electronics,519,583.08,Day,0,0.284
13117,2024-01-08,9,154,Raw Materials,973,540.01,Day,0,0.239
13118,2024-01-08,26,416,Chemicals,1070,451.83,Day,0,0.28
13119,2024-01-09,23,272,Food,575,505.04,Day,0,0.15
13120,2024-01-09,36,27,Raw Materials,604,1372.77,Night,1,0.89
13121,2024-01-09,43,89,Textiles,741,366.22,Night,0,0.045
13122,2024-01-09,2,470,Food,801,519.96,Night,0,0.182
13123,2024-01-09,13,49,Electronics,1493,506.48,Night,0,0.16
13124,2024-01-09,4,464,Food,1328,530.71,Day,0,0.158
13125,2024-01-09,25,612,Raw Materials,1087,479.86,Night,0,0.291
13126,2024-01-09,24,457,Machinery,643,584.95,Night,0,0.108
13127,2024-01-09,30,259,Textiles,885,509.65,Day,0,0.159
13128,2024-01-09,41,617,Textiles,565,527.88,Night,0,0.122
13129,2024-01-09,4,253,Food,1227,469.06,Night,0,0.29
13130,2024-01-09,44,629,Raw Materials,388,539.2,Day,0,0.017
13131,2024-01-10,22,213,Electronics,964,500.72,Day,0,0.14
13132,2024-01-10,37,396,Textiles,1253,580.76,Night,0,0.169
13133,2024-01-10,26,373,Textiles,101,494.76,Day,0,0.191
13134,2024-01-10,15,529,Machinery,1292,456.48,Day,0,0.103
13135,2024-01-10,44,29,Machinery,213,533.97,Night,0,0.254
13136,2024-01-10,2,304,Raw Materials,821,478.72,Day,0,0.139
13137,2024-01-10,25,634,Textiles,762,541.06,Night,0,0.037
13138,2024-01-10,30,289,Chemicals,210,597.76,Night,0,0.192
13139,2024-01-10,2,565,Vehicles,634,637.42,Day,0,0.033
13140,2024-01-10,36,412,Chemicals,393,512.17,Night,0,0.111
13141,2024-01-10,28,28,Chemicals,1473,550.27,Night,0,0.246
13142,2024-01-10,11,308,Food,686,465.7,Night,0,0.05
13143,2024-01-11,19,531,Electronics,413,488.68,Night,0,0.085
13144,2024-01-11,27,470,Food,537,531.62,Day,0,0.199
13145,2024-01-11,2,523,Raw Materials,1238,484.47,Day,0,0.028
13146,2024-01-11,36,607,Textiles,109,401.06,Day,0,0.233
13147,2024-01-11,19,31,Vehicles,712,546.22,Day,0,0.24
13148,2024-01-11,45,61,Electronics,1479,510.71,Day,0,0.218
13149,2024-01-11,41,272,Raw Materials,616,482.12,Night,0,0.029
13150,2024-01-11,13,351,Textiles,1351,461.72,Day,0,0.289
13151,2024-01-11,45,352,Machinery,1402,560.42,Night,0,0.025
13152,2024-01-11,45,102,Food,247,595.37,Day,0,0.21
13153,2024-01-12,20,601,Machinery,637,539.14,Day,0,0.22
13154,2024-01-12,6,86,Vehicles,120,438.82,Night,0,0.015
13155,2024-01-12,20,576,Chemicals,1372,539.69,Night,0,0.174
13156,2024-01-12,24,451,Vehicles,1056,504.84,Day,0,0.209
13157,2024-01-12,16,422,Food,552,519.91,Night,0,0.058
13158,2024-01-12,39,124,Chemicals,801,517.72,Day,0,0.189
13159,2024-01-12,9,158,Machinery,847,542.5,Night,0,0.241
13160,2024-01-12,19,560,Chemicals,1448,593.75,Day,0,0.25
13161,2024-01-12,17,223,Raw Materials,1391,516.59,Day,0,0.094
13162,2024-01-13,20,289,Vehicles,484,588.31,Day,0,0.052
13163,2024-01-13,4,495,Electronics,1210,522.89,Day,0,0.168
13164,2024-01-13,10,557,Raw Materials,1129,501.88,Night,0,0.211
13165,2024-01-13,23,621,Raw Materials,992,517.64,Day,0,0.047
13166,2024-01-13,12,76,Chemicals,913,434.66,Night,0,0.083
13167,2024-01-13,30,429,Electronics,1053,527.15,Night,0,0.249
13168,2024-01-13,33,540,Textiles,555,510.29,Night,0,0.121
13169,2024-01-13,7,567,Food,474,520.68,Night,0,0.238
13170,2024-01-13,20,234,Textiles,110,542.2,Night,0,0.271
13171,2024-01-13,4,565,Textiles,1046,586.63,Day,0,0.011
13172,2024-01-13,18,10,Chemicals,468,449.43,Night,0,0.143
13173,2024-01-14,23,72,Raw Materials,927,1197.32,Night,1,0.924
13174,2024-01-14,10,201,Vehicles,696,494.5,Day,0,0.134
13175,2024-01-14,8,116,Chemicals,481,477.8,Day,0,0.162
13176,2024-01-14,6,231,Machinery,1336,554.15,Day,0,0.019
13177,2024-01-14,43,241,Textiles,854,469.33,Day,0,0.259
13178,2024-01-14,42,336,Raw Materials,174,492.02,Night,0,0.196
13179,2024-01-14,39,302,Raw Materials,904,474.11,Day,0,0.038
13180,2024-01-14,9,483,Machinery,521,526.32,Night,0,0.158
13181,2024-01-14,19,25,Chemicals,311,439.8,Night,0,0.265
13182,2024-01-15,46,555,Textiles,841,591.17,Day,0,0.169
13183,2024-01-15,20,380,Vehicles,302,499.45,Night,0,0.257
13184,2024-01-15,11,187,Machinery,1326,463.31,Day,0,0.052
13185,2024-01-15,32,228,Machinery,411,1207.36,Day,1,0.938
13186,2024-01-15,1,159,Raw Materials,566,503.22,Night,0,0.185
13187,2024-01-15,25,43,Electronics,1161,515.89,Night,0,0.089
13188,2024-01-15,6,172,Raw Materials,178,458.04,Day,0,0.29
13189,2024-01-15,15,126,Food,526,468.71,Night,0,0.072
13190,2024-01-15,37,42,Electronics,432,484.39,Day,0,0.062
13191,2024-01-15,45,491,Food,644,506.66,Night,0,0.238
13192,2024-01-15,12,7,Chemicals,1476,476.73,Day,0,0.235
13193,2024-01-15,8,498,Chemicals,846,513.8,Day,0,0.174
13194,2024-01-16,16,125,Raw Materials,625,495.83,Night,0,0.115
13195,2024-01-16,5,327,Electronics,726,522.42,Day,0,0.109
13196,2024-01-16,12,532,Textiles,278,443.72,Night,0,0.298
13197,2024-01-16,9,496,Food,602,513.7,Day,0,0.166
13198,2024-01-16,13,40,Chemicals,524,434.2,Day,0,0.031
13199,2024-01-16,4,211,Textiles,1240,609.81,Night,0,0.172
13200,2024-01-16,24,399,Vehicles,899,441.21,Night,0,0.175
13201,2024-01-16,10,594,Vehicles,245,583.1,Day,0,0.127
13202,2024-01-16,33,606,Textiles,1089,442.37,Day,0,0.1
13203,2024-01-16,28,599,Food,1097,531.78,Night,0,0.076
13204,2024-01-17,18,401,Chemicals,1037,439.89,Day,0,0.119
13205,2024-01-17,2,94,Textiles,726,500.42,Night,0,0.063
13206,2024-01-17,35,16,Textiles,1292,1863.99,Night,1,0.743
13207,2024-01-17,14,111,Chemicals,1127,511.89,Day,0,0.238
13208,2024-01-17,1,261,Food,963,459.78,Day,0,0.091
13209,2024-01-17,5,189,Vehicles,966,559.32,Day,0,0.138
13210,2024-01-17,13,595,Textiles,1427,1286.63,Night,1,0.89
13211,2024-01-17,43,158,Raw Materials,141,559.17,Night,0,0.1
13212,2024-01-17,40,418,Electronics,673,514.33,Day,0,0.116
13213,2024-01-18,45,291,Food,231,448.29,Day,0,0.148
13214,2024-01-18,25,553,Machinery,520,495.54,Day,0,0.061
13215,2024-01-18,6,610,Chemicals,591,542.65,Day,0,0.287
13216,2024-01-18,25,395,Textiles,493,481.77,Day,0,0.073
13217,2024-01-18,9,566,Raw Materials,221,470.96,Day,0,0.105
13218,2024-01-18,4,448,Food,1431,424.86,Night,0,0.006
13219,2024-01-19,46,540,Electronics,588,501.63,Night,0,0.221
13220,2024-01-19,21,263,Textiles,1330,491.96,Night,0,0.213
13221,2024-01-19,26,608,Vehicles,901,526.51,Day,0,0.091
13222,2024-01-19,34,79,Electronics,409,524.33,Night,0,0.277
13223,2024-01-19,24,343,Machinery,694,491.89,Night,0,0.138
13224,2024-01-19,4,4,Raw Materials,865,1755.26,Day,1,0.713
13225,2024-01-20,35,368,Chemicals,1127,482.38,Night,0,0.177
13226,2024-01-20,34,199,Chemicals,715,540.68,Day,0,0.165
13227,2024-01-20,38,452,Textiles,899,494.23,Day,0,0.023
13228,2024-01-20,3,480,Vehicles,804,511.42,Night,0,0.185
13229,2024-01-20,35,362,Textiles,1301,593.71,Night,0,0.107
13230,2024-01-20,5,583,Machinery,478,580.41,Night,0,0.209
13231,2024-01-20,31,532,Electronics,418,500.91,Night,0,0.263
13232,2024-01-20,44,415,Food,562,420.8,Night,0,0.098
13233,2024-01-21,33,40,Chemicals,514,497.22,Night,0,0.255
13234,2024-01-21,36,192,Machinery,1136,522.01,Night,0,0.278
13235,2024-01-21,23,14,Electronics,196,517.94,Night,0,0.016
13236,2024-01-21,32,458,Food,1207,573.51,Night,0,0.16
13237,2024-01-21,42,471,Machinery,594,469.87,Day,0,0.155
13238,2024-01-21,3,348,Textiles,317,543.45,Night,0,0.254
13239,2024-01-21,13,4,Vehicles,582,420.75,Day,0,0.072
13240,2024-01-21,39,40,Electronics,407,511.77,Day,0,0.057
13241,2024-01-21,28,229,Vehicles,1315,559.17,Night,0,0.299
13242,2024-01-21,38,292,Vehicles,286,482.94,Night,0,0.139
13243,2024-01-21,22,611,Textiles,667,520.8,Night,0,0.04
13244,2024-01-21,33,580,Raw Materials,1217,518.01,Day,0,0.296
13245,2024-01-22,3,180,Food,1319,506.87,Night,0,0.01
13246,2024-01-22,29,536,Machinery,190,517.35,Day,0,0.059
13247,2024-01-22,39,395,Vehicles,951,617.56,Night,0,0.029
13248,2024-01-22,10,199,Chemicals,1273,453.1,Night,0,0.047
13249,2024-01-22,14,57,Food,147,479.08,Night,0,0.017
13250,2024-01-22,28,437,Machinery,1256,1074.08,Day,1,0.857
13251,2024-01-22,30,568,Chemicals,1464,555.04,Day,0,0.237
13252,2024-01-22,38,40,Raw Materials,1250,510.28,Day,0,0.176
13253,2024-01-22,11,429,Electronics,174,509.91,Night,0,0.109
13254,2024-01-22,35,204,Chemicals,671,573.18,Night,0,0.03
13255,2024-01-22,43,122,Food,1437,554.37,Day,0,0.299
13256,2024-01-23,10,505,Machinery,1222,555.51,Night,0,0.046
13257,2024-01-23,10,445,Machinery,290,454.25,Day,0,0.08
13258,2024-01-23,26,620,Raw Materials,710,612.47,Day,0,0.036
13259,2024-01-23,10,254,Electronics,1050,524.66,Night,0,0.046
13260,2024-01-23,19,618,Raw Materials,1034,595.53,Day,0,0.268
13261,2024-01-23,5,208,Electronics,1210,1702.13,Day,1,0.875
13262,2024-01-23,32,406,Food,1452,549.95,Night,0,0.091
13263,2024-01-23,29,483,Food,1201,527.58,Night,0,0.16
13264,2024-01-23,27,277,Electronics,467,527.12,Night,0,0.025
13265,2024-01-23,28,561,Food,1073,548.06,Day,0,0.271
13266,2024-01-24,45,392,Food,688,474.45,Day,0,0.202
13267,2024-01-24,15,345,Raw Materials,275,493.49,Night,0,0.158
13268,2024-01-24,16,492,Chemicals,867,518.53,Night,0,0.224
13269,2024-01-24,42,166,Vehicles,723,436.74,Day,0,0.023
13270,2024-01-24,26,498,Textiles,132,539.09,Day,0,0.254
13271,2024-01-24,28,603,Vehicles,570,441.3,Night,0,0.012
13272,2024-01-24,11,374,Chemicals,1190,386.67,Night,0,0.212
13273,2024-01-24,43,60,Vehicles,836,501.06,Day,0,0.096
13274,2024-01-24,27,513,Chemicals,757,544.83,Day,0,0.119
13275,2024-01-24,32,491,Textiles,976,434.38,Day,0,0.139
13276,2024-01-24,35,420,Machinery,316,562.09,Night,0,0.288
13277,2024-01-24,30,108,Chemicals,124,475.9,Day,0,0.236
13278,2024-01-25,27,501,Chemicals,431,484.63,Night,0,0.121
13279,2024-01-25,32,152,Chemicals,539,564.14,Day,0,0.266
13280,2024-01-25,30,346,Textiles,339,431.6,Night,0,0.169
13281,2024-01-25,5,583,Food,1065,433.82,Night,0,0.209
13282,2024-01-25,27,104,Electronics,952,546.43,Day,0,0.259
13283,2024-01-25,2,626,Vehicles,222,507.12,Day,0,0.107
13284,2024-01-25,1,316,Textiles,1094,499.78,Night,0,0.193
13285,2024-01-25,4,535,Machinery,303,446.41,Day,0,0.049
13286,2024-01-25,41,55,Vehicles,463,562.32,Day,0,0.13
13287,2024-01-25,37,360,Raw Materials,708,517.83,Day,0,0.117
13288,2024-01-25,17,402,Electronics,286,574.81,Day,0,0.241
13289,2024-01-26,26,447,Machinery,466,455.72,Day,0,0.194
13290,2024-01-26,21,526,Electronics,1307,502.21,Day,0,0.067
13291,2024-01-26,28,431,Raw Materials,290,534.39,Night,0,0.215
13292,2024-01-26,25,375,Machinery,589,464.14,Night,0,0.233
13293,2024-01-26,30,377,Machinery,282,555.04,Day,0,0.021
13294,2024-01-26,18,604,Vehicles,214,518.06,Day,0,0.236
13295,2024-01-27,21,218,Food,186,547.28,Day,0,0.032
13296,2024-01-27,36,117,Machinery,1255,506.19,Night,0,0.017
13297,2024-01-27,14,482,Electronics,900,492.98,Day,0,0.193
13298,2024-01-27,38,185,Vehicles,561,539.7,Day,0,0.255
13299,2024-01-27,39,146,Machinery,510,440.94,Day,0,0.123
13300,2024-01-27,32,160,Electronics,868,492.77,Day,0,0.202
13301,2024-01-27,36,319,Textiles,406,510.25,Day,0,0.037
13302,2024-01-27,46,244,Electronics,752,594.86,Night,0,0.119
13303,2024-01-27,13,464,Food,642,572.73,Day,0,0.117
13304,2024-01-27,37,97,Raw Materials,372,366.16,Night,0,0.275
13305,2024-01-27,20,146,Vehicles,757,455.54,Night,0,0.207
13306,2024-01-28,22,243,Raw Materials,1482,575.93,Day,0,0.149
13307,2024-01-28,21,491,Textiles,391,497.24,Night,0,0.107
13308,2024-01-28,45,351,Textiles,490,568.16,Day,0,0.015
13309,2024-01-28,24,197,Vehicles,1148,540.73,Night,0,0.271
13310,2024-01-28,37,366,Raw Materials,1052,585.1,Day,0,0.127
13311,2024-01-28,30,516,Food,1097,506.59,Night,0,0.299
13312,2024-01-28,34,595,Vehicles,1157,598.41,Night,0,0.288
13313,2024-01-28,17,158,Chemicals,681,423.65,Night,0,0.176
13314,2024-01-28,6,614,Raw Materials,460,468.77,Day,0,0.23
13315,2024-01-28,1,341,Textiles,1480,592.13,Day,0,0.005
13316,2024-01-29,23,537,Vehicles,525,479.8,Night,0,0.198
13317,2024-01-29,26,517,Food,348,525.48,Day,0,0.197
13318,2024-01-29,37,201,Raw Materials,841,513.79,Night,0,0.154
13319,2024-01-29,23,399,Chemicals,1491,575.82,Night,0,0.071
13320,2024-01-29,23,364,Vehicles,718,546.98,Night,0,0.051
13321,2024-01-29,9,485,Textiles,466,539.86,Night,0,0.269
13322,2024-01-29,16,81,Chemicals,738,597.33,Night,0,0.075
13323,2024-01-30,20,632,Vehicles,1345,453.48,Day,0,0.078
13324,2024-01-30,43,529,Textiles,154,1764.67,Night,1,0.704
13325,2024-01-30,44,44,Chemicals,478,402.87,Day,0,0.168
13326,2024-01-30,14,118,Food,879,421.72,Night,0,0.047
13327,2024-01-30,12,544,Vehicles,835,576.17,Day,0,0.218
13328,2024-01-30,22,230,Electronics,1357,552.96,Day,0,0.162
13329,2024-01-30,20,263,Food,1012,497.65,Day,0,0.294
13330,2024-01-30,6,369,Vehicles,740,439.96,Day,0,0.115
13331,2024-01-30,36,530,Raw Materials,413,1568.06,Night,1,0.822
13332,2024-01-30,13,546,Food,1020,563.65,Day,0,0.252
13333,2024-01-30,31,555,Textiles,212,563.88,Day,0,0.084
13334,2024-01-30,18,60,Vehicles,1376,522.28,Day,0,0.015
13335,2024-01-31,19,630,Chemicals,467,535.58,Day,0,0.225
13336,2024-01-31,5,539,Raw Materials,385,476.01,Night,0,0.192
13337,2024-01-31,23,240,Chemicals,552,460.5,Day,0,0.153
13338,2024-01-31,37,102,Machinery,267,521.28,Night,0,0.245
13339,2024-01-31,34,111,Vehicles,1190,531.02,Day,0,0.058
13340,2024-01-31,10,564,Chemicals,775,571.42,Day,0,0.137
13341,2024-01-31,19,302,Food,1388,478.12,Night,0,0.112
13342,2024-01-31,5,62,Chemicals,993,521.91,Day,0,0.165
13343,2024-01-31,30,615,Raw Materials,961,561.16,Night,0,0.076
13344,2024-01-31,20,297,Electronics,728,536.77,Day,0,0.264
13345,2024-01-31,27,544,Machinery,554,489.7,Day,0,0.298
13346,2024-02-01,45,544,Machinery,747,542.45,Day,0,0.136
13347,2024-02-01,40,232,Electronics,535,578.74,Day,0,0.03
13348,2024-02-01,22,471,Machinery,1263,458.75,Day,0,0.091
13349,2024-02-01,37,89,Raw Materials,897,408.24,Night,0,0.164
13350,2024-02-01,19,460,Textiles,900,472.95,Night,0,0.25
13351,2024-02-01,6,537,Food,680,517.65,Night,0,0.095
13352,2024-02-01,1,155,Food,787,495.69,Day,0,0.046
13353,2024-02-01,32,127,Electronics,1429,472.78,Day,0,0.033
13354,2024-02-02,42,39,Food,1459,557.59,Day,0,0.272
13355,2024-02-02,13,301,Chemicals,503,591.79,Day,0,0.203
13356,2024-02-02,14,254,Raw Materials,1412,510.59,Night,0,0.199
13357,2024-02-02,17,481,Raw Materials,991,468.28,Night,0,0.124
13358,2024-02-02,2,9,Chemicals,357,1307.23,Day,1,0.769
13359,2024-02-02,41,487,Electronics,371,527.2,Night,0,0.015
13360,2024-02-02,46,292,Food,342,385.36,Day,0,0.256
13361,2024-02-02,3,499,Textiles,1371,561.55,Day,0,0.058
13362,2024-02-02,19,337,Food,914,431.37,Night,0,0.238
13363,2024-02-02,19,541,Vehicles,392,434.43,Day,0,0.06
13364,2024-02-03,17,235,Chemicals,498,543.49,Day,0,0.283
13365,2024-02-03,33,587,Raw Materials,109,552.7,Day,0,0.173
13366,2024-02-03,14,571,Raw Materials,1430,534.2,Night,0,0.198
13367,2024-02-03,6,318,Chemicals,527,552.32,Night,0,0.201
13368,2024-02-03,43,205,Textiles,1349,613.15,Day,0,0.068
13369,2024-02-03,7,8,Raw Materials,630,495.35,Day,0,0.208
13370,2024-02-03,23,58,Food,790,452.52,Day,0,0.203
13371,2024-02-03,32,224,Electronics,457,1749.02,Day,1,0.832
13372,2024-02-03,31,444,Food,855,1401.44,Night,1,0.792
13373,2024-02-03,26,190,Raw Materials,125,501.98,Day,0,0.282
13374,2024-02-04,31,356,Raw Materials,1157,1452.0,Day,1,0.883
13375,2024-02-04,38,107,Vehicles,144,556.88,Day,0,0.069
13376,2024-02-04,44,414,Vehicles,114,559.97,Night,0,0.032
13377,2024-02-04,27,143,Machinery,1272,487.7,Day,0,0.289
13378,2024-02-04,6,367,Food,164,472.38,Night,0,0.281
13379,2024-02-04,28,99,Vehicles,199,439.63,Day,0,0.108
13380,2024-02-04,44,56,Vehicles,1015,485.19,Day,0,0.217
13381,2024-02-04,11,34,Machinery,423,546.02,Day,0,0.277
13382,2024-02-05,1,521,Raw Materials,390,467.96,Night,0,0.232
13383,2024-02-05,19,421,Electronics,1184,636.39,Day,0,0.172
13384,2024-02-05,12,296,Raw Materials,667,416.32,Day,0,0.079
13385,2024-02-05,37,621,Food,832,512.39,Day,0,0.26
13386,2024-02-05,36,632,Electronics,980,575.66,Day,0,0.04
13387,2024-02-05,45,252,Electronics,464,520.79,Night,0,0.295
13388,2024-02-05,30,195,Chemicals,1409,445.63,Night,0,0.094
13389,2024-02-05,37,333,Chemicals,653,514.28,Day,0,0.239
13390,2024-02-05,32,391,Raw Materials,543,466.09,Day,0,0.137
13391,2024-02-05,27,580,Food,622,641.52,Night,0,0.229
13392,2024-02-06,33,470,Vehicles,374,543.66,Night,0,0.023
13393,2024-02-06,38,206,Food,505,572.68,Day,0,0.264
13394,2024-02-06,6,150,Raw Materials,828,541.9,Day,0,0.013
13395,2024-02-06,8,485,Chemicals,766,561.74,Day,0,0.196
13396,2024-02-06,18,79,Raw Materials,643,406.76,Night,0,0.082
13397,2024-02-06,36,562,Machinery,674,470.45,Day,0,0.014
13398,2024-02-06,34,336,Vehicles,1391,463.63,Day,0,0.246
13399,2024-02-06,39,576,Chemicals,713,449.33,Night,0,0.181
13400,2024-02-06,31,611,Textiles,441,444.53,Night,0,0.072
13401,2024-02-06,20,482,Electronics,656,445.89,Day,0,0.142
13402,2024-02-06,1,560,Machinery,1427,567.7,Day,0,0.089
13403,2024-02-06,13,328,Chemicals,1218,555.53,Night,0,0.026
13404,2024-02-07,7,389,Electronics,554,528.13,Night,0,0.208
13405,2024-02-07,2,582,Chemicals,1396,544.08,Night,0,0.229
13406,2024-02-07,37,157,Chemicals,1364,443.77,Day,0,0.026
13407,2024-02-07,28,15,Raw Materials,1263,462.11,Day,0,0.163
13408,2024-02-07,2,372,Electronics,792,479.61,Day,0,0.112
13409,2024-02-07,31,304,Textiles,474,569.09,Day,0,0.025
13410,2024-02-07,13,274,Electronics,1357,586.77,Night,0,0.238
13411,2024-02-07,29,540,Food,1243,593.56,Night,0,0.206
13412,2024-02-07,12,210,Machinery,329,1320.18,Day,1,0.955
13413,2024-02-07,13,125,Raw Materials,715,490.93,Night,0,0.017
13414,2024-02-08,44,90,Raw Materials,1331,455.07,Day,0,0.232
13415,2024-02-08,24,212,Electronics,1451,510.48,Night,0,0.28
13416,2024-02-08,8,491,Vehicles,1334,462.12,Day,0,0.297
13417,2024-02-08,35,529,Chemicals,368,417.12,Day,0,0.075
13418,2024-02-08,32,303,Electronics,452,390.41,Night,0,0.138
13419,2024-02-08,29,210,Textiles,1100,566.67,Day,0,0.055
13420,2024-02-09,29,619,Machinery,838,548.68,Night,0,0.114
13421,2024-02-09,15,466,Chemicals,1023,513.28,Night,0,0.1
13422,2024-02-09,17,477,Raw Materials,670,1517.54,Day,1,0.72
13423,2024-02-09,40,634,Electronics,1240,513.23,Day,0,0.191
13424,2024-02-09,34,391,Food,858,470.58,Day,0,0.058
13425,2024-02-09,5,243,Vehicles,1269,564.77,Night,0,0.124
13426,2024-02-09,39,533,Textiles,625,603.45,Night,0,0.264
13427,2024-02-10,36,300,Raw Materials,904,479.99,Night,0,0.118
13428,2024-02-10,12,137,Textiles,1064,476.67,Night,0,0.025
13429,2024-02-10,34,493,Food,1077,625.44,Day,0,0.023
13430,2024-02-10,20,204,Chemicals,1297,533.89,Night,0,0.093
13431,2024-02-10,7,158,Textiles,1410,487.86,Day,0,0.222
13432,2024-02-10,26,271,Electronics,123,509.05,Day,0,0.286
13433,2024-02-10,38,552,Vehicles,1479,441.76,Night,0,0.161
13434,2024-02-10,1,625,Machinery,1181,510.98,Night,0,0.233
13435,2024-02-11,2,102,Chemicals,856,508.42,Day,0,0.144
13436,2024-02-11,38,511,Textiles,1087,530.39,Day,0,0.282
13437,2024-02-11,19,497,Textiles,1109,497.41,Day,0,0.263
13438,2024-02-11,3,170,Chemicals,1386,589.69,Day,0,0.196
13439,2024-02-11,4,192,Textiles,428,485.55,Day,0,0.129
13440,2024-02-11,16,220,Electronics,924,1481.41,Day,1,0.938
13441,2024-02-11,26,160,Food,1293,581.88,Day,0,0.01
13442,2024-02-11,34,446,Vehicles,1361,520.65,Day,0,0.072
13443,2024-02-11,13,515,Food,319,464.44,Night,0,0.189
13444,2024-02-11,37,117,Textiles,205,515.36,Day,0,0.299
13445,2024-02-11,45,552,Textiles,469,616.13,Day,0,0.187
13446,2024-02-11,41,408,Chemicals,929,587.65,Day,0,0.104
13447,2024-02-12,21,598,Vehicles,1223,572.06,Night,0,0.157
13448,2024-02-12,30,564,Food,118,606.35,Day,0,0.28
13449,2024-02-12,15,618,Chemicals,1426,1729.07,Day,1,0.754
13450,2024-02-12,28,491,Machinery,379,534.75,Day,0,0.094
13451,2024-02-12,10,387,Vehicles,829,442.35,Night,0,0.111
13452,2024-02-12,19,384,Chemicals,1129,524.67,Day,0,0.249
13453,2024-02-13,41,141,Electronics,268,561.4,Day,0,0.218
13454,2024-02-13,4,155,Machinery,1272,455.3,Night,0,0.26
13455,2024-02-13,8,375,Chemicals,899,438.66,Night,0,0.236
13456,2024-02-13,7,213,Food,1498,617.48,Night,0,0.254
13457,2024-02-13,17,214,Chemicals,781,446.29,Night,0,0.212
13458,2024-02-13,3,413,Vehicles,1203,544.61,Night,0,0.101
13459,2024-02-14,17,236,Textiles,1436,492.94,Night,0,0.186
13460,2024-02-14,5,517,Food,520,468.0,Day,0,0.239
13461,2024-02-14,46,497,Vehicles,1478,491.04,Night,0,0.047
13462,2024-02-14,32,508,Vehicles,417,512.44,Day,0,0.05
13463,2024-02-14,4,501,Chemicals,359,501.68,Night,0,0.184
13464,2024-02-14,3,122,Electronics,917,474.08,Night,0,0.111
13465,2024-02-14,19,122,Vehicles,466,617.54,Day,0,0.064
13466,2024-02-14,46,530,Electronics,1421,481.91,Night,0,0.009
13467,2024-02-14,12,147,Textiles,558,480.59,Night,0,0.044
13468,2024-02-14,24,618,Textiles,449,503.12,Day,0,0.017
13469,2024-02-15,15,166,Electronics,156,416.46,Night,0,0.032
13470,2024-02-15,7,531,Textiles,758,549.68,Night,0,0.052
13471,2024-02-15,1,180,Textiles,713,478.77,Day,0,0.059
13472,2024-02-15,40,581,Raw Materials,696,573.24,Day,0,0.216
13473,2024-02-15,8,436,Electronics,1036,468.63,Day,0,0.1
13474,2024-02-15,9,39,Vehicles,303,506.08,Night,0,0.09
13475,2024-02-16,39,169,Electronics,491,493.54,Night,0,0.102
13476,2024-02-16,11,121,Food,584,548.58,Night,0,0.11
13477,2024-02-16,31,305,Textiles,1407,448.44,Night,0,0.085
13478,2024-02-16,40,108,Chemicals,920,524.9,Day,0,0.11
13479,2024-02-16,4,615,Food,666,539.13,Day,0,0.09
13480,2024-02-16,23,78,Textiles,293,491.83,Day,0,0.296
13481,2024-02-17,35,484,Textiles,796,522.24,Day,0,0.055
13482,2024-02-17,18,182,Food,1251,533.97,Day,0,0.173
13483,2024-02-17,16,350,Chemicals,1289,420.84,Day,0,0.2
13484,2024-02-17,22,338,Raw Materials,104,448.64,Night,0,0.266
13485,2024-02-17,29,270,Machinery,769,572.7,Night,0,0.205
13486,2024-02-17,17,207,Food,1080,503.37,Day,0,0.238
13487,2024-02-17,6,69,Chemicals,639,497.99,Night,0,0.122
13488,2024-02-17,37,492,Food,1479,541.72,Night,0,0.25
13489,2024-02-17,43,469,Machinery,665,449.76,Day,0,0.257
13490,2024-02-17,11,628,Machinery,287,483.57,Day,0,0.28
13491,2024-02-17,28,371,Chemicals,231,507.58,Day,0,0.148
13492,2024-02-17,31,560,Vehicles,1473,537.31,Night,0,0.25
13493,2024-02-18,46,404,Vehicles,876,492.69,Night,0,0.235
13494,2024-02-18,20,619,Electronics,1479,479.04,Day,0,0.112
13495,2024-02-18,21,455,Raw Materials,614,592.19,Day,0,0.299
13496,2024-02-18,11,406,Vehicles,529,518.21,Night,0,0.185
13497,2024-02-18,3,132,Raw Materials,1156,478.77,Night,0,0.105
13498,2024-02-18,27,121,Raw Materials,1291,555.83,Day,0,0.096
13499,2024-02-18,19,29,Machinery,1343,492.71,Day,0,0.248
13500,2024-02-18,39,576,Food,495,475.71,Day,0,0.051
13501,2024-02-18,5,46,Chemicals,1137,541.64,Night,0,0.073
13502,2024-02-18,4,50,Raw Materials,1002,483.93,Day,0,0.035
13503,2024-02-18,12,491,Food,1085,507.58,Day,0,0.056
13504,2024-02-19,4,77,Textiles,323,494.79,Night,0,0.189
13505,2024-02-19,31,54,Machinery,1282,1009.06,Night,1,0.739
13506,2024-02-19,18,160,Vehicles,520,455.45,Night,0,0.074
13507,2024-02-19,12,408,Textiles,670,435.81,Day,0,0.114
13508,2024-02-19,43,246,Electronics,1465,533.56,Night,0,0.164
13509,2024-02-19,21,209,Electronics,456,481.3,Night,0,0.058
13510,2024-02-19,7,339,Textiles,114,521.33,Day,0,0.248
13511,2024-02-19,38,442,Machinery,1084,543.13,Day,0,0.009
13512,2024-02-19,12,121,Electronics,1452,520.02,Day,0,0.102
13513,2024-02-19,2,598,Machinery,434,459.32,Day,0,0.167
13514,2024-02-19,19,149,Electronics,512,527.77,Night,0,0.22
13515,2024-02-19,15,446,Raw Materials,245,454.23,Night,0,0.142
13516,2024-02-20,16,374,Vehicles,316,519.51,Day,0,0.089
13517,2024-02-20,5,539,Raw Materials,1443,574.26,Day,0,0.154
13518,2024-02-20,15,25,Vehicles,311,899.88,Day,1,0.931
13519,2024-02-20,11,475,Machinery,171,480.4,Night,0,0.242
13520,2024-02-20,21,404,Electronics,878,465.98,Night,0,0.025
13521,2024-02-20,17,258,Raw Materials,700,581.68,Night,0,0.229
13522,2024-02-20,30,410,Textiles,749,420.87,Day,0,0.088
13523,2024-02-20,33,447,Chemicals,833,594.08,Night,0,0.229
13524,2024-02-20,6,560,Textiles,798,560.11,Day,0,0.154
13525,2024-02-20,42,183,Chemicals,1249,482.07,Night,0,0.081
13526,2024-02-21,3,616,Machinery,1185,499.66,Night,0,0.174
13527,2024-02-21,18,92,Machinery,751,462.44,Night,0,0.078
13528,2024-02-21,11,466,Electronics,789,420.56,Day,0,0.228
13529,2024-02-21,38,444,Electronics,243,476.85,Day,0,0.273
13530,2024-02-21,17,38,Vehicles,627,508.54,Night,0,0.217
13531,2024-02-21,3,463,Raw Materials,864,488.98,Day,0,0.011
13532,2024-02-22,42,130,Textiles,678,443.5,Night,0,0.29
13533,2024-02-22,13,73,Vehicles,1405,450.72,Night,0,0.279
13534,2024-02-22,41,44,Electronics,1114,417.98,Night,0,0.005
13535,2024-02-22,12,88,Machinery,161,520.37,Night,0,0.077
13536,2024-02-22,31,415,Textiles,1143,509.5,Night,0,0.138
13537,2024-02-22,11,70,Vehicles,744,513.12,Day,0,0.257
13538,2024-02-22,46,429,Electronics,498,508.07,Night,0,0.133
13539,2024-02-22,16,294,Food,1081,562.01,Day,0,0.289
13540,2024-02-22,2,129,Food,997,446.7,Day,0,0.015
13541,2024-02-22,31,139,Raw Materials,434,526.87,Day,0,0.283
13542,2024-02-22,42,222,Machinery,373,566.79,Day,0,0.18
13543,2024-02-23,36,503,Chemicals,440,568.88,Night,0,0.257
13544,2024-02-23,34,90,Food,191,410.26,Night,0,0.247
13545,2024-02-23,2,423,Textiles,455,521.23,Night,0,0.077
13546,2024-02-23,33,294,Chemicals,698,426.97,Night,0,0.135
13547,2024-02-23,31,93,Raw Materials,420,427.58,Night,0,0.204
13548,2024-02-23,16,237,Machinery,359,601.83,Day,0,0.064
13549,2024-02-24,9,351,Textiles,898,447.55,Night,0,0.268
13550,2024-02-24,39,365,Electronics,627,546.37,Night,0,0.294
13551,2024-02-24,26,425,Food,569,537.08,Day,0,0.062
13552,2024-02-24,1,17,Textiles,928,566.07,Day,0,0.274
13553,2024-02-24,32,319,Chemicals,639,556.77,Night,0,0.194
13554,2024-02-24,8,523,Machinery,1498,553.62,Night,0,0.151
13555,2024-02-25,42,180,Electronics,203,509.96,Day,0,0.14
13556,2024-02-25,6,424,Textiles,1156,492.16,Night,0,0.146
13557,2024-02-25,44,622,Chemicals,1422,451.47,Day,0,0.242
13558,2024-02-25,23,216,Chemicals,1359,523.2,Night,0,0.124
13559,2024-02-25,43,289,Chemicals,1056,553.21,Day,0,0.204
13560,2024-02-25,27,43,Food,251,462.71,Night,0,0.262
13561,2024-02-25,6,78,Raw Materials,687,564.67,Day,0,0.186
13562,2024-02-25,36,346,Chemicals,1182,496.79,Night,0,0.243
13563,2024-02-25,44,501,Vehicles,215,483.37,Night,0,0.1
13564,2024-02-25,41,81,Textiles,1191,1456.07,Night,1,0.877
13565,2024-02-25,40,281,Food,1316,527.01,Day,0,0.024
13566,2024-02-26,17,307,Textiles,338,596.81,Day,0,0.233
13567,2024-02-26,14,419,Food,578,478.92,Night,0,0.096
13568,2024-02-26,23,187,Vehicles,424,520.19,Night,0,0.233
13569,2024-02-26,41,200,Raw Materials,1235,476.66,Day,0,0.121
13570,2024-02-26,10,12,Electronics,761,440.86,Night,0,0.157
13571,2024-02-26,4,115,Vehicles,945,478.14,Day,0,0.055
13572,2024-02-26,10,547,Vehicles,556,610.27,Day,0,0.298
13573,2024-02-26,1,628,Vehicles,909,552.33,Day,0,0.29
13574,2024-02-26,9,277,Textiles,464,450.78,Day,0,0.203
13575,2024-02-26,34,620,Electronics,1465,567.2,Day,0,0.112
13576,2024-02-26,13,76,Chemicals,1305,512.44,Day,0,0.208
13577,2024-02-26,30,174,Vehicles,126,572.57,Night,0,0.031
13578,2024-02-27,33,367,Chemicals,450,524.23,Day,0,0.267
13579,2024-02-27,24,248,Chemicals,628,466.0,Day,0,0.224
13580,2024-02-27,12,290,Vehicles,991,1193.8,Day,1,0.946
13581,2024-02-27,16,453,Electronics,1251,423.92,Night,0,0.258
13582,2024-02-27,19,334,Chemicals,892,554.54,Day,0,0.127
13583,2024-02-27,39,492,Food,1485,564.54,Night,0,0.035
13584,2024-02-27,38,153,Raw Materials,1262,489.09,Night,0,0.112
13585,2024-02-27,35,454,Food,1170,438.93,Day,0,0.062
13586,2024-02-27,7,383,Vehicles,1314,498.83,Night,0,0.261
13587,2024-02-27,38,83,Machinery,1239,495.59,Day,0,0.147
13588,2024-02-27,5,40,Machinery,1359,590.03,Day,0,0.023
13589,2024-02-27,37,183,Textiles,220,489.3,Day,0,0.131
13590,2024-02-28,41,502,Machinery,992,544.14,Day,0,0.077
13591,2024-02-28,8,490,Chemicals,560,535.58,Night,0,0.201
13592,2024-02-28,27,9,Raw Materials,660,500.6,Day,0,0.182
13593,2024-02-28,27,245,Machinery,500,515.57,Night,0,0.07
13594,2024-02-28,44,89,Textiles,446,395.46,Night,0,0.231
13595,2024-02-28,38,452,Chemicals,535,543.13,Night,0,0.284
13596,2024-02-28,3,600,Textiles,626,486.24,Day,0,0.073
13597,2024-02-29,2,216,Chemicals,964,479.07,Day,0,0.162
13598,2024-02-29,8,394,Chemicals,110,593.91,Day,0,0.05
13599,2024-02-29,3,511,Textiles,1321,1872.67,Night,1,0.748
13600,2024-02-29,12,264,Textiles,1277,566.64,Day,0,0.014
13601,2024-02-29,25,206,Machinery,1026,531.47,Night,0,0.067
13602,2024-02-29,12,343,Electronics,443,612.91,Day,0,0.151
13603,2024-02-29,14,247,Raw Materials,1009,1455.63,Day,1,0.942
13604,2024-02-29,37,611,Raw Materials,190,478.56,Day,0,0.019
13605,2024-02-29,45,482,Food,1233,588.39,Night,0,0.261
13606,2024-02-29,6,434,Vehicles,1349,534.08,Night,0,0.068
13607,2024-02-29,22,353,Electronics,1356,508.84,Day,0,0.017
13608,2024-02-29,10,107,Vehicles,466,524.79,Day,0,0.109
13609,2024-03-01,33,364,Electronics,1498,1861.21,Day,1,0.761
13610,2024-03-01,22,411,Chemicals,1208,541.21,Day,0,0.05
13611,2024-03-01,31,508,Raw Materials,203,544.92,Night,0,0.285
13612,2024-03-01,45,631,Chemicals,1015,556.13,Night,0,0.107
13613,2024-03-01,6,226,Machinery,428,450.09,Night,0,0.272
13614,2024-03-01,35,478,Raw Materials,368,529.22,Night,0,0.272
13615,2024-03-01,44,536,Raw Materials,253,631.93,Day,0,0.252
13616,2024-03-01,22,604,Vehicles,303,591.81,Day,0,0.121
13617,2024-03-01,1,151,Chemicals,423,530.82,Night,0,0.105
13618,2024-03-02,38,123,Machinery,156,344.92,Night,0,0.23
13619,2024-03-02,26,384,Machinery,666,530.66,Day,0,0.06
13620,2024-03-02,32,621,Electronics,552,432.02,Night,0,0.155
13621,2024-03-02,27,88,Chemicals,1283,506.34,Day,0,0.242
13622,2024-03-02,27,542,Machinery,1410,558.34,Night,0,0.184
13623,2024-03-02,34,620,Textiles,732,604.75,Day,0,0.211
13624,2024-03-02,28,523,Raw Materials,712,906.76,Day,1,0.911
13625,2024-03-02,11,164,Machinery,445,359.92,Night,0,0.265
13626,2024-03-02,19,362,Electronics,118,474.84,Day,0,0.148
13627,2024-03-02,15,126,Vehicles,317,430.82,Night,0,0.285
13628,2024-03-02,15,335,Chemicals,716,565.03,Night,0,0.222
13629,2024-03-02,36,282,Electronics,662,506.6,Night,0,0.021
13630,2024-03-03,21,407,Electronics,122,593.38,Day,0,0.141
13631,2024-03-03,19,552,Raw Materials,585,530.24,Night,0,0.209
13632,2024-03-03,45,484,Electronics,1036,449.15,Day,0,0.03
13633,2024-03-03,23,271,Chemicals,262,426.25,Day,0,0.126
13634,2024-03-03,8,356,Machinery,1354,502.73,Day,0,0.147
13635,2024-03-03,24,475,Textiles,242,515.68,Night,0,0.261
13636,2024-03-03,33,221,Chemicals,393,486.32,Night,0,0.172
13637,2024-03-04,25,612,Electronics,1315,476.83,Night,0,0.1
13638,2024-03-04,24,538,Chemicals,1139,448.09,Night,0,0.129
13639,2024-03-04,10,451,Machinery,1280,1652.14,Night,1,0.982
13640,2024-03-04,5,217,Electronics,999,592.71,Day,0,0.085
13641,2024-03-04,28,158,Raw Materials,1183,515.82,Day,0,0.173
13642,2024-03-04,1,351,Machinery,549,563.42,Day,0,0.082
13643,2024-03-04,7,145,Food,999,493.99,Day,0,0.294
13644,2024-03-05,26,396,Vehicles,395,553.29,Day,0,0.286
13645,2024-03-05,2,214,Textiles,101,431.33,Day,0,0.263
13646,2024-03-05,7,87,Chemicals,427,527.23,Day,0,0.08
13647,2024-03-05,39,482,Electronics,344,598.98,Night,0,0.282
13648,2024-03-05,6,513,Vehicles,1261,449.71,Day,0,0.011
13649,2024-03-05,41,69,Raw Materials,598,523.41,Night,0,0.231
13650,2024-03-05,29,276,Electronics,1402,484.1,Day,0,0.04
13651,2024-03-05,28,232,Raw Materials,1469,540.68,Day,0,0.232
13652,2024-03-05,11,605,Textiles,392,524.9,Day,0,0.207
13653,2024-03-05,9,38,Food,772,552.88,Day,0,0.027
13654,2024-03-05,29,377,Machinery,481,509.03,Night,0,0.065
13655,2024-03-05,10,108,Raw Materials,1180,498.9,Night,0,0.025
13656,2024-03-06,7,484,Vehicles,134,1378.2,Day,1,0.945
13657,2024-03-06,19,448,Vehicles,785,514.73,Day,0,0.13
13658,2024-03-06,10,59,Electronics,110,530.12,Night,0,0.12
13659,2024-03-06,34,19,Chemicals,166,429.81,Day,0,0.216
13660,2024-03-06,23,46,Textiles,1053,427.32,Day,0,0.072
13661,2024-03-06,45,580,Electronics,1073,943.42,Night,1,0.991
13662,2024-03-06,14,79,Raw Materials,409,484.86,Day,0,0.262
13663,2024-03-07,8,617,Raw Materials,912,608.94,Day,0,0.045
13664,2024-03-07,10,288,Vehicles,1177,491.99,Night,0,0.18
13665,2024-03-07,33,450,Vehicles,298,484.09,Night,0,0.251
13666,2024-03-07,8,536,Raw Materials,575,573.22,Day,0,0.141
13667,2024-03-07,10,90,Chemicals,670,597.3,Night,0,0.071
13668,2024-03-07,23,137,Raw Materials,749,510.34,Night,0,0.024
13669,2024-03-07,6,207,Vehicles,1359,497.71,Night,0,0.134
13670,2024-03-07,18,82,Food,923,448.01,Day,0,0.079
13671,2024-03-07,33,462,Textiles,1340,550.79,Day,0,0.265
13672,2024-03-07,23,423,Machinery,119,1069.09,Day,1,0.735
13673,2024-03-08,13,545,Vehicles,1312,507.71,Day,0,0.061
13674,2024-03-08,15,438,Raw Materials,535,522.06,Night,0,0.234
13675,2024-03-08,32,473,Chemicals,594,488.94,Night,0,0.053
13676,2024-03-08,23,154,Machinery,100,461.81,Night,0,0.135
13677,2024-03-08,22,224,Food,1495,471.94,Day,0,0.039
13678,2024-03-08,2,462,Raw Materials,870,586.6,Day,0,0.229
13679,2024-03-08,33,612,Vehicles,768,573.7,Night,0,0.204
13680,2024-03-09,26,209,Machinery,223,530.43,Day,0,0.28
13681,2024-03-09,30,633,Electronics,663,595.81,Day,0,0.243
13682,2024-03-09,40,569,Chemicals,406,577.89,Night,0,0.214
13683,2024-03-09,26,153,Chemicals,160,1567.53,Day,1,0.769
13684,2024-03-09,24,632,Electronics,640,461.65,Night,0,0.052
13685,2024-03-09,40,173,Vehicles,972,498.73,Day,0,0.208
13686,2024-03-10,39,257,Chemicals,410,548.18,Night,0,0.217
13687,2024-03-10,15,375,Raw Materials,1144,533.78,Night,0,0.136
13688,2024-03-10,8,382,Electronics,837,420.07,Night,0,0.0
13689,2024-03-10,23,262,Raw Materials,550,499.36,Day,0,0.107
13690,2024-03-10,15,245,Machinery,961,543.84,Night,0,0.245
13691,2024-03-10,10,437,Raw Materials,825,516.58,Day,0,0.161
13692,2024-03-10,37,398,Vehicles,775,474.36,Day,0,0.013
13693,2024-03-10,6,5,Machinery,1234,507.06,Night,0,0.273
13694,2024-03-10,33,524,Food,264,497.85,Day,0,0.118
13695,2024-03-10,5,458,Food,647,511.15,Night,0,0.097
13696,2024-03-11,17,294,Machinery,651,569.79,Night,0,0.169
13697,2024-03-11,22,263,Electronics,916,581.05,Night,0,0.077
13698,2024-03-11,28,274,Vehicles,820,502.14,Night,0,0.178
13699,2024-03-11,17,561,Textiles,1474,1143.82,Night,1,0.803
13700,2024-03-11,15,288,Chemicals,926,493.48,Day,0,0.255
13701,2024-03-11,43,180,Electronics,999,511.85,Day,0,0.266
13702,2024-03-11,17,524,Food,320,490.87,Day,0,0.085
13703,2024-03-12,24,190,Food,885,445.6,Day,0,0.203
13704,2024-03-12,1,374,Electronics,806,556.73,Day,0,0.241
13705,2024-03-12,12,507,Textiles,1103,536.97,Day,0,0.281
13706,2024-03-12,26,160,Chemicals,183,460.23,Day,0,0.117
13707,2024-03-12,8,343,Food,196,480.29,Day,0,0.225
13708,2024-03-12,22,615,Food,362,525.85,Night,0,0.254
13709,2024-03-12,24,465,Food,1290,518.61,Night,0,0.292
13710,2024-03-12,4,473,Food,1426,551.28,Night,0,0.084
13711,2024-03-12,40,225,Vehicles,107,511.56,Night,0,0.178
13712,2024-03-12,44,33,Food,898,520.26,Day,0,0.114
13713,2024-03-12,3,420,Textiles,942,563.55,Day,0,0.145
13714,2024-03-13,3,451,Machinery,202,483.3,Night,0,0.012
13715,2024-03-13,45,337,Electronics,271,527.73,Day,0,0.131
13716,2024-03-13,7,208,Raw Materials,1031,491.45,Night,0,0.293
13717,2024-03-13,41,572,Vehicles,1465,466.73,Day,0,0.162
13718,2024-03-13,5,134,Textiles,1475,584.26,Night,0,0.101
13719,2024-03-13,21,443,Food,560,534.58,Day,0,0.132
13720,2024-03-13,36,302,Electronics,148,432.44,Day,0,0.132
13721,2024-03-13,43,314,Textiles,660,522.09,Day,0,0.023
13722,2024-03-13,6,501,Raw Materials,572,460.71,Day,0,0.163
13723,2024-03-14,4,516,Textiles,378,502.79,Night,0,0.156
13724,2024-03-14,34,121,Chemicals,1166,466.93,Day,0,0.221
13725,2024-03-14,44,545,Vehicles,534,529.24,Day,0,0.034
13726,2024-03-14,18,395,Vehicles,109,529.55,Day,0,0.166
13727,2024-03-14,22,112,Food,1031,499.67,Day,0,0.026
13728,2024-03-14,40,15,Electronics,1118,446.06,Night,0,0.035
13729,2024-03-14,26,617,Chemicals,505,486.73,Day,0,0.144
13730,2024-03-15,38,215,Chemicals,354,473.05,Night,0,0.254
13731,2024-03-15,33,448,Textiles,1444,449.19,Day,0,0.038
13732,2024-03-15,14,628,Vehicles,199,518.99,Day,0,0.044
13733,2024-03-15,16,525,Food,249,570.59,Day,0,0.242
13734,2024-03-15,27,200,Food,1089,456.8,Night,0,0.251
13735,2024-03-15,28,429,Textiles,713,505.74,Day,0,0.21
13736,2024-03-15,35,505,Machinery,238,423.81,Day,0,0.022
13737,2024-03-16,8,250,Vehicles,1427,1442.51,Night,1,0.927
13738,2024-03-16,33,9,Chemicals,679,1735.58,Day,1,0.956
13739,2024-03-16,31,112,Chemicals,1185,515.3,Night,0,0.101
13740,2024-03-16,35,21,Raw Materials,403,614.92,Day,0,0.081
13741,2024-03-16,28,509,Machinery,130,461.85,Day,0,0.117
13742,2024-03-16,31,137,Chemicals,1151,502.56,Day,0,0.231
13743,2024-03-16,29,38,Chemicals,183,443.08,Night,0,0.154
13744,2024-03-16,7,119,Textiles,203,437.31,Night,0,0.014
13745,2024-03-17,6,563,Raw Materials,281,581.87,Night,0,0.126
13746,2024-03-17,42,450,Electronics,1215,525.0,Night,0,0.298
13747,2024-03-17,34,196,Electronics,521,534.43,Day,0,0.188
13748,2024-03-17,5,15,Food,1087,528.08,Day,0,0.055
13749,2024-03-17,5,337,Machinery,101,1543.8,Night,1,0.89
13750,2024-03-17,12,565,Vehicles,1416,534.75,Night,0,0.021
13751,2024-03-17,8,42,Electronics,885,507.61,Day,0,0.085
13752,2024-03-17,4,514,Chemicals,183,512.43,Night,0,0.21
13753,2024-03-17,39,252,Raw Materials,677,472.2,Night,0,0.102
13754,2024-03-17,38,199,Food,176,430.36,Night,0,0.161
13755,2024-03-17,35,430,Vehicles,1193,440.64,Day,0,0.047
13756,2024-03-17,13,81,Machinery,1433,455.02,Day,0,0.057
13757,2024-03-18,37,266,Raw Materials,321,536.98,Day,0,0.118
13758,2024-03-18,14,226,Textiles,1023,560.77,Day,0,0.299
13759,2024-03-18,1,321,Electronics,792,443.85,Night,0,0.195
13760,2024-03-18,9,210,Electronics,777,548.32,Night,0,0.297
13761,2024-03-18,1,115,Vehicles,1415,489.86,Night,0,0.253
13762,2024-03-18,37,227,Raw Materials,1021,488.09,Day,0,0.209
13763,2024-03-18,11,204,Electronics,442,1293.02,Day,1,0.913
13764,2024-03-18,9,280,Textiles,1122,539.36,Night,0,0.26
13765,2024-03-18,14,496,Chemicals,1037,495.87,Day,0,0.25
13766,2024-03-18,21,373,Raw Materials,209,503.98,Day,0,0.06
13767,2024-03-19,28,102,Electronics,1241,558.58,Day,0,0.245
13768,2024-03-19,9,26,Textiles,894,534.6,Day,0,0.049
13769,2024-03-19,31,100,Machinery,414,476.42,Night,0,0.228
13770,2024-03-19,4,578,Vehicles,528,470.93,Night,0,0.081
13771,2024-03-19,12,219,Machinery,1067,477.87,Day,0,0.06
13772,2024-03-19,25,494,Vehicles,1282,489.58,Day,0,0.161
13773,2024-03-19,35,314,Machinery,335,514.8,Night,0,0.041
13774,2024-03-19,27,154,Vehicles,1486,483.12,Day,0,0.22
13775,2024-03-19,35,636,Chemicals,878,516.18,Night,0,0.252
13776,2024-03-20,24,259,Vehicles,470,531.24,Night,0,0.04
13777,2024-03-20,5,391,Machinery,892,518.15,Day,0,0.071
13778,2024-03-20,23,88,Vehicles,651,429.51,Night,0,0.021
13779,2024-03-20,35,273,Chemicals,400,507.5,Day,0,0.271
13780,2024-03-20,14,257,Raw Materials,355,373.2,Night,0,0.062
13781,2024-03-20,36,605,Machinery,839,514.0,Day,0,0.048
13782,2024-03-20,38,498,Vehicles,1406,579.6,Day,0,0.061
13783,2024-03-20,2,208,Chemicals,577,545.34,Day,0,0.217
13784,2024-03-20,15,394,Textiles,258,528.81,Day,0,0.252
13785,2024-03-20,44,239,Machinery,1331,539.57,Day,0,0.065
13786,2024-03-20,38,548,Chemicals,806,520.33,Day,0,0.03
13787,2024-03-20,36,378,Textiles,1028,550.47,Day,0,0.15
13788,2024-03-21,13,36,Raw Materials,1055,367.87,Night,0,0.222
13789,2024-03-21,1,101,Chemicals,951,497.77,Day,0,0.294
13790,2024-03-21,18,610,Raw Materials,961,495.38,Day,0,0.081
13791,2024-03-21,30,252,Chemicals,940,480.38,Day,0,0.125
13792,2024-03-21,41,111,Food,334,502.46,Day,0,0.19
13793,2024-03-21,6,204,Textiles,226,576.36,Night,0,0.051
13794,2024-03-21,22,83,Machinery,1409,463.63,Night,0,0.013
13795,2024-03-21,27,96,Vehicles,587,579.45,Night,0,0.118
13796,2024-03-22,13,235,Machinery,468,493.29,Day,0,0.061
13797,2024-03-22,32,118,Chemicals,384,515.66,Day,0,0.24
13798,2024-03-22,35,270,Electronics,226,464.58,Night,0,0.012
13799,2024-03-22,14,2,Textiles,892,564.32,Day,0,0.19
13800,2024-03-22,40,593,Machinery,1362,529.96,Day,0,0.04
13801,2024-03-22,34,623,Textiles,859,547.34,Day,0,0.283
13802,2024-03-23,44,557,Food,467,1332.78,Night,1,0.891
13803,2024-03-23,24,394,Chemicals,1332,533.03,Night,0,0.113
13804,2024-03-23,44,341,Food,1038,532.6,Day,0,0.128
13805,2024-03-23,32,560,Food,626,632.54,Day,0,0.23
13806,2024-03-23,36,574,Textiles,293,682.0,Night,0,0.256
13807,2024-03-23,13,220,Machinery,322,1895.53,Day,1,0.809
13808,2024-03-24,7,440,Raw Materials,843,376.08,Night,0,0.257
13809,2024-03-24,15,231,Raw Materials,913,608.73,Day,0,0.062
13810,2024-03-24,45,112,Chemicals,860,518.29,Day,0,0.025
13811,2024-03-24,29,211,Chemicals,1064,459.48,Night,0,0.024
13812,2024-03-24,20,626,Electronics,1154,538.72,Day,0,0.298
13813,2024-03-24,20,361,Electronics,702,516.8,Night,0,0.284
13814,2024-03-24,24,284,Textiles,1425,533.0,Day,0,0.004
13815,2024-03-24,33,202,Textiles,545,547.75,Night,0,0.006
13816,2024-03-24,39,232,Chemicals,1140,562.87,Night,0,0.26
13817,2024-03-24,4,245,Raw Materials,1243,494.79,Day,0,0.055
13818,2024-03-24,37,41,Vehicles,574,443.57,Day,0,0.051
13819,2024-03-24,44,218,Food,1341,1796.11,Day,1,0.947
13820,2024-03-25,43,373,Chemicals,149,495.09,Day,0,0.165
13821,2024-03-25,2,395,Vehicles,407,471.33,Night,0,0.147
13822,2024-03-25,5,297,Chemicals,1107,1189.29,Day,1,0.95
13823,2024-03-25,10,580,Vehicles,1453,567.2,Night,0,0.04
13824,2024-03-25,35,386,Food,1354,1317.74,Night,1,0.912
13825,2024-03-25,26,464,Raw Materials,1428,537.94,Day,0,0.168
13826,2024-03-25,45,535,Machinery,388,464.83,Day,0,0.119
13827,2024-03-25,18,377,Electronics,1140,483.39,Night,0,0.207
13828,2024-03-26,16,161,Textiles,279,490.44,Day,0,0.291
13829,2024-03-26,5,481,Electronics,1018,545.98,Day,0,0.198
13830,2024-03-26,20,111,Textiles,1250,586.0,Day,0,0.03
13831,2024-03-26,28,277,Electronics,494,451.92,Day,0,0.075
13832,2024-03-26,33,550,Chemicals,1003,483.46,Day,0,0.204
13833,2024-03-26,43,505,Food,505,542.66,Day,0,0.253
13834,2024-03-26,10,134,Electronics,610,491.56,Day,0,0.199
13835,2024-03-27,30,391,Chemicals,770,493.36,Night,0,0.032
13836,2024-03-27,29,607,Chemicals,1194,612.58,Day,0,0.112
13837,2024-03-27,7,287,Textiles,909,550.64,Night,0,0.138
13838,2024-03-27,2,632,Raw Materials,330,561.27,Night,0,0.115
13839,2024-03-27,46,449,Food,1382,406.49,Night,0,0.168
13840,2024-03-27,2,453,Food,278,1285.13,Day,1,0.935
13841,2024-03-27,42,441,Food,942,526.04,Night,0,0.241
13842,2024-03-27,43,2,Chemicals,1027,411.8,Night,0,0.169
13843,2024-03-27,27,93,Vehicles,560,502.32,Day,0,0.243
13844,2024-03-27,17,33,Raw Materials,844,477.93,Night,0,0.122
13845,2024-03-27,31,235,Chemicals,449,556.77,Night,0,0.214
13846,2024-03-27,12,15,Machinery,886,442.84,Day,0,0.079
13847,2024-03-28,3,71,Vehicles,775,461.84,Night,0,0.094
13848,2024-03-28,32,508,Vehicles,506,513.5,Night,0,0.213
13849,2024-03-28,5,226,Electronics,944,496.5,Night,0,0.105
13850,2024-03-28,42,491,Textiles,498,563.19,Day,0,0.242
13851,2024-03-28,43,257,Chemicals,1219,547.62,Night,0,0.264
13852,2024-03-28,25,528,Electronics,1065,567.63,Day,0,0.048
13853,2024-03-28,25,568,Raw Materials,216,595.41,Day,0,0.04
13854,2024-03-29,10,186,Vehicles,107,517.02,Night,0,0.207
13855,2024-03-29,45,610,Machinery,830,591.15,Night,0,0.295
13856,2024-03-29,5,427,Raw Materials,1489,567.82,Night,0,0.076
13857,2024-03-29,10,370,Food,499,409.75,Night,0,0.226
13858,2024-03-29,22,185,Chemicals,135,430.47,Night,0,0.242
13859,2024-03-29,25,566,Electronics,392,517.98,Day,0,0.223
13860,2024-03-30,38,253,Vehicles,1445,591.76,Day,0,0.162
13861,2024-03-30,36,25,Vehicles,361,576.93,Day,0,0.17
13862,2024-03-30,10,619,Chemicals,1466,1094.02,Day,1,0.99
13863,2024-03-30,7,624,Electronics,422,462.95,Day,0,0.038
13864,2024-03-30,20,391,Raw Materials,977,536.29,Night,0,0.298
13865,2024-03-30,17,492,Raw Materials,1365,498.82,Day,0,0.193
13866,2024-03-31,12,385,Electronics,178,528.15,Night,0,0.233
13867,2024-03-31,44,626,Machinery,715,529.5,Day,0,0.245
13868,2024-03-31,25,255,Chemicals,1185,523.84,Night,0,0.292
13869,2024-03-31,13,70,Machinery,483,516.77,Day,0,0.188
13870,2024-03-31,37,623,Machinery,435,485.51,Night,0,0.177
13871,2024-03-31,27,238,Raw Materials,1087,512.72,Night,0,0.072
13872,2024-03-31,15,359,Machinery,1465,496.47,Day,0,0.143
13873,2024-03-31,27,284,Raw Materials,991,514.62,Day,0,0.017
13874,2024-04-01,5,231,Textiles,1483,589.05,Day,0,0.145
13875,2024-04-01,46,246,Food,1092,530.39,Day,0,0.112
13876,2024-04-01,1,549,Vehicles,631,1585.26,Night,1,0.792
13877,2024-04-01,23,91,Textiles,952,484.9,Day,0,0.105
13878,2024-04-01,24,103,Vehicles,1337,472.05,Day,0,0.124
13879,2024-04-01,3,45,Food,1404,457.54,Day,0,0.166
13880,2024-04-01,28,446,Textiles,803,478.6,Day,0,0.113
13881,2024-04-01,23,583,Vehicles,691,525.79,Day,0,0.12
13882,2024-04-01,27,221,Chemicals,676,431.01,Night,0,0.162
13883,2024-04-02,21,513,Vehicles,492,457.65,Day,0,0.008
13884,2024-04-02,31,524,Vehicles,724,534.49,Day,0,0.076
13885,2024-04-02,13,535,Food,1176,542.37,Day,0,0.1
13886,2024-04-02,45,573,Vehicles,828,556.85,Night,0,0.252
13887,2024-04-02,16,75,Machinery,670,612.66,Day,0,0.038
13888,2024-04-02,42,556,Textiles,264,517.63,Day,0,0.272
13889,2024-04-02,3,526,Chemicals,1202,514.2,Night,0,0.231
13890,2024-04-02,46,196,Electronics,601,575.47,Day,0,0.173
13891,2024-04-02,5,24,Food,482,469.51,Night,0,0.119
13892,2024-04-02,10,542,Machinery,1135,478.6,Night,0,0.21
13893,2024-04-02,22,539,Textiles,818,497.75,Night,0,0.21
13894,2024-04-03,11,431,Textiles,421,495.52,Day,0,0.189
13895,2024-04-03,39,85,Raw Materials,1259,525.53,Day,0,0.23
13896,2024-04-03,8,9,Raw Materials,1133,419.9,Night,0,0.131
13897,2024-04-03,39,350,Vehicles,308,571.32,Night,0,0.049
13898,2024-04-03,11,508,Textiles,1242,491.08,Day,0,0.196
13899,2024-04-03,46,577,Vehicles,660,575.02,Night,0,0.069
13900,2024-04-03,5,511,Electronics,870,540.71,Night,0,0.129
13901,2024-04-03,20,587,Food,1482,474.14,Day,0,0.04
13902,2024-04-03,5,162,Food,520,491.93,Night,0,0.08
13903,2024-04-03,4,448,Vehicles,279,461.21,Day,0,0.16
13904,2024-04-03,6,609,Raw Materials,1351,483.42,Day,0,0.147
13905,2024-04-04,4,297,Machinery,829,552.75,Night,0,0.222
13906,2024-04-04,43,356,Chemicals,240,512.7,Night,0,0.123
13907,2024-04-04,35,304,Vehicles,133,456.68,Night,0,0.011
13908,2024-04-04,9,224,Vehicles,1209,503.5,Night,0,0.151
13909,2024-04-04,11,387,Vehicles,843,503.83,Day,0,0.281
13910,2024-04-04,22,556,Raw Materials,1486,513.3,Day,0,0.283
13911,2024-04-04,3,608,Electronics,1378,563.16,Day,0,0.246
13912,2024-04-04,35,12,Vehicles,568,488.76,Day,0,0.286
13913,2024-04-04,24,349,Raw Materials,401,509.52,Night,0,0.119
13914,2024-04-05,5,347,Textiles,1453,505.68,Day,0,0.073
13915,2024-04-05,6,49,Chemicals,612,444.69,Night,0,0.291
13916,2024-04-05,14,96,Raw Materials,496,505.97,Night,0,0.028
13917,2024-04-05,36,555,Electronics,675,543.07,Night,0,0.091
13918,2024-04-05,39,529,Raw Materials,635,435.4,Night,0,0.24
13919,2024-04-05,37,605,Machinery,592,461.82,Night,0,0.055
13920,2024-04-05,20,268,Electronics,1207,489.44,Night,0,0.179
13921,2024-04-05,39,496,Raw Materials,815,445.46,Night,0,0.226
13922,2024-04-05,31,621,Chemicals,163,574.87,Night,0,0.171
13923,2024-04-05,2,599,Raw Materials,1367,511.28,Day,0,0.092
13924,2024-04-05,4,369,Food,847,539.7,Night,0,0.23
13925,2024-04-06,32,115,Electronics,1202,521.24,Night,0,0.037
13926,2024-04-06,43,21,Machinery,1191,482.79,Day,0,0.221
13927,2024-04-06,24,143,Machinery,1448,366.15,Night,0,0.051
13928,2024-04-06,25,544,Food,216,489.49,Night,0,0.145
13929,2024-04-06,9,233,Textiles,1353,506.88,Night,0,0.047
13930,2024-04-06,36,76,Food,156,416.67,Day,0,0.148
13931,2024-04-06,28,335,Textiles,899,465.75,Day,0,0.161
13932,2024-04-06,40,322,Textiles,975,428.46,Night,0,0.286
13933,2024-04-06,2,544,Machinery,664,453.04,Day,0,0.198
13934,2024-04-06,10,131,Raw Materials,548,513.47,Day,0,0.273
13935,2024-04-07,22,29,Chemicals,487,497.68,Day,0,0.222
13936,2024-04-07,1,265,Raw Materials,945,517.04,Day,0,0.044
13937,2024-04-07,4,258,Textiles,1452,473.33,Day,0,0.139
13938,2024-04-07,16,244,Food,1260,468.01,Night,0,0.185
13939,2024-04-07,26,312,Chemicals,436,525.27,Day,0,0.271
13940,2024-04-07,30,593,Machinery,548,493.45,Day,0,0.232
13941,2024-04-07,30,44,Electronics,1170,534.92,Night,0,0.199
13942,2024-04-07,11,248,Raw Materials,924,533.47,Day,0,0.254
13943,2024-04-08,11,81,Textiles,1296,433.73,Day,0,0.283
13944,2024-04-08,4,487,Vehicles,1317,432.73,Night,0,0.001
13945,2024-04-08,40,415,Textiles,267,439.85,Night,0,0.298
13946,2024-04-08,20,218,Electronics,425,518.94,Day,0,0.221
13947,2024-04-08,14,47,Vehicles,891,454.85,Night,0,0.267
13948,2024-04-08,33,111,Machinery,1046,473.58,Day,0,0.093
13949,2024-04-08,2,534,Raw Materials,657,615.96,Day,0,0.031
13950,2024-04-08,28,619,Textiles,158,595.76,Night,0,0.109
13951,2024-04-08,20,437,Raw Materials,489,461.45,Night,0,0.262
13952,2024-04-09,26,502,Machinery,1381,514.57,Night,0,0.049
13953,2024-04-09,25,555,Vehicles,773,572.53,Night,0,0.029
13954,2024-04-09,43,299,Raw Materials,909,494.1,Night,0,0.002
13955,2024-04-09,28,561,Electronics,901,519.36,Day,0,0.1
13956,2024-04-09,11,395,Chemicals,820,484.65,Night,0,0.1
13957,2024-04-09,46,297,Chemicals,1288,417.08,Day,0,0.009
13958,2024-04-10,46,512,Raw Materials,112,504.59,Night,0,0.121
13959,2024-04-10,5,513,Raw Materials,560,490.19,Night,0,0.026
13960,2024-04-10,37,182,Textiles,1093,532.9,Night,0,0.04
13961,2024-04-10,5,562,Food,496,581.03,Night,0,0.045
13962,2024-04-10,30,149,Food,143,403.13,Night,0,0.173
13963,2024-04-10,10,166,Food,1366,513.34,Day,0,0.296
13964,2024-04-10,14,148,Food,283,397.61,Day,0,0.168
13965,2024-04-10,43,522,Chemicals,696,494.79,Day,0,0.115
13966,2024-04-10,11,541,Electronics,1184,554.85,Night,0,0.129
13967,2024-04-10,19,500,Textiles,704,443.7,Night,0,0.171
13968,2024-04-10,14,63,Machinery,1336,537.55,Day,0,0.22
13969,2024-04-11,36,574,Raw Materials,346,531.79,Night,0,0.293
13970,2024-04-11,34,300,Textiles,1389,490.63,Night,0,0.068
13971,2024-04-11,21,327,Textiles,325,558.94,Day,0,0.035
13972,2024-04-11,3,107,Machinery,449,481.06,Night,0,0.274
13973,2024-04-11,15,586,Electronics,1171,549.68,Day,0,0.224
13974,2024-04-11,23,433,Chemicals,1182,462.06,Day,0,0.207
13975,2024-04-11,43,7,Chemicals,989,387.73,Day,0,0.08
13976,2024-04-11,37,319,Vehicles,409,450.38,Night,0,0.225
13977,2024-04-12,24,3,Vehicles,1160,492.98,Day,0,0.111
13978,2024-04-12,24,175,Food,517,488.37,Night,0,0.273
13979,2024-04-12,46,172,Textiles,533,382.1,Day,0,0.257
13980,2024-04-12,21,543,Chemicals,848,555.33,Night,0,0.175
13981,2024-04-12,30,274,Chemicals,1158,518.92,Day,0,0.118
13982,2024-04-12,42,392,Chemicals,345,413.82,Day,0,0.175
13983,2024-04-12,10,1,Food,209,471.96,Day,0,0.027
13984,2024-04-12,2,417,Vehicles,1278,479.13,Night,0,0.047
13985,2024-04-12,46,103,Textiles,862,512.51,Night,0,0.259
13986,2024-04-13,46,182,Machinery,952,518.61,Day,0,0.206
13987,2024-04-13,8,594,Chemicals,947,527.72,Night,0,0.041
13988,2024-04-13,11,420,Food,190,542.4,Night,0,0.264
13989,2024-04-13,43,579,Raw Materials,667,468.99,Day,0,0.034
13990,2024-04-13,20,416,Electronics,1112,502.61,Night,0,0.044
13991,2024-04-13,10,619,Food,1436,508.9,Night,0,0.291
13992,2024-04-13,28,65,Raw Materials,914,1602.57,Day,1,0.803
13993,2024-04-13,38,538,Electronics,885,457.75,Night,0,0.217
13994,2024-04-13,5,547,Chemicals,620,498.77,Day,0,0.003
13995,2024-04-13,39,502,Textiles,1181,540.35,Day,0,0.233
13996,2024-04-13,12,302,Chemicals,1021,526.05,Night,0,0.228
13997,2024-04-13,5,18,Vehicles,772,559.5,Night,0,0.04
13998,2024-04-14,1,575,Textiles,1378,461.07,Day,0,0.088
13999,2024-04-14,43,301,Vehicles,481,439.61,Night,0,0.06
14000,2024-04-14,22,204,Food,582,461.67,Night,0,0.124
14001,2024-04-14,3,248,Raw Materials,469,478.49,Day,0,0.211
14002,2024-04-14,26,544,Chemicals,1081,609.01,Night,0,0.207
14003,2024-04-14,19,38,Vehicles,251,516.4,Night,0,0.0
14004,2024-04-15,7,479,Raw Materials,1424,540.89,Night,0,0.23
14005,2024-04-15,22,503,Chemicals,820,545.99,Night,0,0.019
14006,2024-04-15,10,159,Vehicles,1207,541.87,Day,0,0.145
14007,2024-04-15,13,439,Chemicals,567,504.77,Night,0,0.241
14008,2024-04-15,20,392,Machinery,343,525.22,Day,0,0.035
14009,2024-04-15,7,1,Raw Materials,1410,526.11,Day,0,0.027
14010,2024-04-15,2,494,Vehicles,1408,492.67,Night,0,0.069
14011,2024-04-15,28,574,Raw Materials,144,560.43,Night,0,0.146
14012,2024-04-16,39,494,Machinery,843,540.96,Night,0,0.214
14013,2024-04-16,28,507,Vehicles,576,474.9,Night,0,0.087
14014,2024-04-16,1,199,Chemicals,799,462.01,Night,0,0.055
14015,2024-04-16,13,574,Food,1037,614.1,Night,0,0.057
14016,2024-04-16,42,57,Textiles,812,581.61,Day,0,0.255
14017,2024-04-16,13,182,Textiles,411,500.94,Night,0,0.003
14018,2024-04-16,35,165,Electronics,470,546.73,Day,0,0.178
14019,2024-04-16,37,258,Food,883,1456.76,Day,1,0.7
14020,2024-04-16,20,203,Machinery,925,465.25,Day,0,0.071
14021,2024-04-17,32,467,Machinery,142,531.9,Day,0,0.077
14022,2024-04-17,24,80,Machinery,1208,429.69,Day,0,0.286
14023,2024-04-17,40,389,Electronics,568,552.29,Night,0,0.299
14024,2024-04-17,11,150,Chemicals,1454,564.26,Day,0,0.196
14025,2024-04-17,3,403,Chemicals,1335,472.52,Day,0,0.179
14026,2024-04-17,21,568,Raw Materials,1281,476.32,Day,0,0.009
14027,2024-04-18,9,49,Vehicles,1444,355.77,Day,0,0.16
14028,2024-04-18,43,315,Machinery,144,535.19,Night,0,0.242
14029,2024-04-18,11,278,Food,931,467.96,Day,0,0.141
14030,2024-04-18,11,212,Machinery,813,516.1,Day,0,0.261
14031,2024-04-18,43,424,Vehicles,1261,430.67,Day,0,0.143
14032,2024-04-18,22,160,Food,473,568.14,Night,0,0.257
14033,2024-04-18,30,521,Electronics,416,503.56,Night,0,0.279
14034,2024-04-19,39,511,Textiles,625,511.66,Day,0,0.069
14035,2024-04-19,10,516,Food,537,481.41,Day,0,0.091
14036,2024-04-19,33,43,Food,928,440.49,Day,0,0.143
14037,2024-04-19,41,511,Textiles,903,497.32,Day,0,0.267
14038,2024-04-19,27,460,Food,576,466.89,Day,0,0.029
14039,2024-04-19,14,138,Raw Materials,973,439.12,Night,0,0.024
14040,2024-04-20,30,594,Textiles,1284,537.74,Night,0,0.078
14041,2024-04-20,41,294,Vehicles,1354,514.06,Night,0,0.258
14042,2024-04-20,20,78,Chemicals,673,418.58,Day,0,0.167
14043,2024-04-20,18,591,Textiles,896,547.68,Night,0,0.158
14044,2024-04-20,7,294,Vehicles,306,503.24,Day,0,0.036
14045,2024-04-20,18,55,Chemicals,765,497.44,Night,0,0.167
14046,2024-04-20,27,576,Textiles,989,515.58,Night,0,0.186
14047,2024-04-20,15,357,Food,1099,577.03,Night,0,0.289
14048,2024-04-20,15,201,Electronics,1305,533.67,Day,0,0.137
14049,2024-04-20,2,457,Machinery,1225,515.42,Day,0,0.277
14050,2024-04-20,26,565,Food,930,470.77,Day,0,0.186
14051,2024-04-20,27,143,Chemicals,1484,536.19,Night,0,0.048
14052,2024-04-21,40,416,Electronics,639,507.35,Night,0,0.133
14053,2024-04-21,15,134,Raw Materials,314,456.02,Night,0,0.043
14054,2024-04-21,28,205,Textiles,530,489.56,Night,0,0.097
14055,2024-04-21,10,496,Raw Materials,962,534.61,Day,0,0.074
14056,2024-04-21,16,411,Chemicals,542,532.97,Night,0,0.18
14057,2024-04-21,44,162,Food,1483,543.06,Night,0,0.068
14058,2024-04-22,25,165,Raw Materials,949,540.79,Day,0,0.17
14059,2024-04-22,34,379,Vehicles,908,521.3,Night,0,0.222
14060,2024-04-22,41,212,Textiles,415,581.08,Night,0,0.1
14061,2024-04-22,12,281,Raw Materials,152,486.16,Day,0,0.108
14062,2024-04-22,14,492,Chemicals,1045,1497.46,Night,1,0.801
14063,2024-04-22,21,171,Electronics,1500,529.42,Night,0,0.072
14064,2024-04-22,34,13,Machinery,498,444.53,Night,0,0.081
14065,2024-04-23,41,484,Raw Materials,837,398.78,Night,0,0.034
14066,2024-04-23,36,417,Textiles,461,513.18,Night,0,0.251
14067,2024-04-23,22,75,Electronics,1434,459.55,Night,0,0.105
14068,2024-04-23,38,225,Raw Materials,314,548.86,Night,0,0.236
14069,2024-04-23,29,474,Vehicles,978,473.73,Night,0,0.243
14070,2024-04-23,41,180,Machinery,376,480.03,Night,0,0.025
14071,2024-04-23,18,320,Textiles,1067,556.38,Day,0,0.026
14072,2024-04-23,25,182,Food,1047,455.98,Night,0,0.29
14073,2024-04-23,10,595,Chemicals,1198,489.73,Day,0,0.093
14074,2024-04-24,45,182,Food,1085,452.81,Day,0,0.118
14075,2024-04-24,1,294,Machinery,961,475.85,Day,0,0.135
14076,2024-04-24,2,20,Textiles,896,493.78,Night,0,0.128
14077,2024-04-24,22,355,Textiles,730,480.01,Day,0,0.219
14078,2024-04-24,28,507,Raw Materials,423,596.79,Day,0,0.235
14079,2024-04-24,9,95,Machinery,798,478.07,Night,0,0.081
14080,2024-04-24,26,351,Vehicles,823,573.41,Day,0,0.116
14081,2024-04-24,36,292,Machinery,142,579.38,Day,0,0.051
14082,2024-04-25,20,477,Machinery,845,456.55,Day,0,0.227
14083,2024-04-25,33,240,Chemicals,755,451.11,Night,0,0.201
14084,2024-04-25,11,341,Textiles,398,518.08,Night,0,0.026
14085,2024-04-25,17,212,Textiles,995,488.88,Day,0,0.082
14086,2024-04-25,46,147,Textiles,1104,515.36,Night,0,0.051
14087,2024-04-25,7,632,Vehicles,473,575.33,Night,0,0.053
14088,2024-04-25,6,338,Food,1113,503.08,Day,0,0.096
14089,2024-04-25,30,253,Food,681,544.26,Night,0,0.032
14090,2024-04-26,3,98,Raw Materials,329,543.48,Day,0,0.142
14091,2024-04-26,8,428,Electronics,566,537.74,Day,0,0.24
14092,2024-04-26,30,470,Electronics,249,515.53,Night,0,0.069
14093,2024-04-26,43,136,Food,411,489.73,Day,0,0.266
14094,2024-04-26,25,254,Chemicals,916,525.15,Day,0,0.005
14095,2024-04-26,10,376,Chemicals,360,565.77,Night,0,0.1
14096,2024-04-26,22,243,Chemicals,1148,485.68,Night,0,0.196
14097,2024-04-26,23,585,Machinery,1246,510.46,Day,0,0.038
14098,2024-04-26,23,381,Chemicals,1257,527.75,Day,0,0.124
14099,2024-04-26,41,516,Raw Materials,642,519.1,Day,0,0.045
14100,2024-04-26,46,110,Textiles,1098,483.04,Night,0,0.062
14101,2024-04-26,18,588,Food,571,490.85,Night,0,0.099
14102,2024-04-27,24,191,Machinery,126,532.55,Night,0,0.088
14103,2024-04-27,44,3,Vehicles,277,573.11,Night,0,0.062
14104,2024-04-27,25,104,Food,235,577.98,Day,0,0.275
14105,2024-04-27,31,149,Electronics,469,458.1,Night,0,0.109
14106,2024-04-27,44,215,Electronics,247,486.58,Day,0,0.063
14107,2024-04-27,13,449,Raw Materials,157,528.37,Night,0,0.11
14108,2024-04-27,23,79,Electronics,1274,468.6,Night,0,0.139
14109,2024-04-28,40,285,Textiles,458,538.54,Day,0,0.267
14110,2024-04-28,23,622,Food,625,596.97,Night,0,0.145
14111,2024-04-28,35,310,Electronics,253,442.76,Night,0,0.031
14112,2024-04-28,3,593,Vehicles,1330,1533.2,Day,1,0.76
14113,2024-04-28,32,62,Electronics,1353,582.79,Night,0,0.055
14114,2024-04-28,45,178,Machinery,689,410.77,Day,0,0.186
14115,2024-04-28,16,228,Machinery,981,570.41,Night,0,0.125
14116,2024-04-28,27,453,Machinery,1073,547.92,Night,0,0.293
14117,2024-04-28,31,109,Electronics,1251,508.55,Night,0,0.253
14118,2024-04-28,33,240,Food,1222,506.18,Night,0,0.09
14119,2024-04-28,38,385,Vehicles,1255,538.08,Day,0,0.074
14120,2024-04-29,28,484,Textiles,1186,521.01,Night,0,0.163
14121,2024-04-29,23,90,Machinery,553,393.64,Day,0,0.147
14122,2024-04-29,26,626,Electronics,298,590.74,Day,0,0.236
14123,2024-04-29,21,351,Raw Materials,963,511.59,Night,0,0.144
14124,2024-04-29,37,273,Electronics,497,568.66,Night,0,0.125
14125,2024-04-29,30,42,Machinery,308,465.14,Day,0,0.02
14126,2024-04-29,15,330,Chemicals,1382,408.28,Day,0,0.024
14127,2024-04-29,1,506,Raw Materials,1311,1561.88,Day,1,0.771
14128,2024-04-29,33,582,Textiles,146,529.43,Night,0,0.059
14129,2024-04-29,5,6,Textiles,201,553.44,Day,0,0.123
14130,2024-04-29,1,567,Vehicles,1288,589.32,Day,0,0.211
14131,2024-04-30,36,376,Textiles,995,533.31,Day,0,0.146
14132,2024-04-30,20,585,Electronics,540,434.51,Night,0,0.182
14133,2024-04-30,22,548,Machinery,1396,541.36,Day,0,0.204
14134,2024-04-30,36,225,Vehicles,931,550.83,Day,0,0.226
14135,2024-04-30,12,125,Machinery,340,489.81,Night,0,0.103
14136,2024-04-30,42,551,Food,1038,521.74,Day,0,0.119
14137,2024-04-30,28,473,Food,778,441.97,Night,0,0.253
14138,2024-04-30,37,423,Chemicals,1436,549.73,Day,0,0.13
14139,2024-04-30,17,565,Machinery,1378,533.79,Day,0,0.178
14140,2024-04-30,39,464,Machinery,676,478.07,Day,0,0.267
14141,2024-05-01,22,504,Machinery,1039,541.15,Day,0,0.184
14142,2024-05-01,26,289,Chemicals,468,550.1,Night,0,0.019
14143,2024-05-01,41,430,Food,1343,450.83,Day,0,0.192
14144,2024-05-01,15,505,Raw Materials,400,463.75,Night,0,0.222
14145,2024-05-01,4,239,Raw Materials,257,534.64,Day,0,0.076
14146,2024-05-01,7,496,Vehicles,1191,521.6,Night,0,0.215
14147,2024-05-01,23,148,Chemicals,1338,390.63,Day,0,0.29
14148,2024-05-02,35,276,Electronics,374,453.25,Day,0,0.044
14149,2024-05-02,32,274,Vehicles,684,354.94,Day,0,0.037
14150,2024-05-02,26,540,Chemicals,832,602.86,Night,0,0.065
14151,2024-05-02,46,596,Raw Materials,582,509.04,Night,0,0.05
14152,2024-05-02,22,6,Food,909,488.26,Night,0,0.095
14153,2024-05-02,35,20,Raw Materials,1476,488.21,Day,0,0.066
14154,2024-05-02,11,225,Machinery,965,465.0,Night,0,0.299
14155,2024-05-02,38,529,Machinery,1162,529.94,Day,0,0.282
14156,2024-05-02,5,467,Textiles,349,534.11,Day,0,0.201
14157,2024-05-02,5,398,Textiles,1408,528.51,Night,0,0.107
14158,2024-05-02,31,616,Raw Materials,1436,1764.48,Day,1,0.912
14159,2024-05-03,5,335,Chemicals,395,643.47,Night,0,0.185
14160,2024-05-03,36,102,Chemicals,348,1112.86,Day,1,0.857
14161,2024-05-03,34,166,Machinery,1333,590.75,Day,0,0.289
14162,2024-05-03,30,531,Chemicals,1087,588.3,Night,0,0.024
14163,2024-05-03,29,618,Food,190,568.92,Day,0,0.003
14164,2024-05-03,45,547,Food,1333,509.95,Day,0,0.141
14165,2024-05-03,18,50,Vehicles,504,485.59,Day,0,0.194
14166,2024-05-03,22,214,Raw Materials,856,415.16,Night,0,0.014
14167,2024-05-03,22,252,Food,194,1362.58,Day,1,0.872
14168,2024-05-03,35,555,Electronics,750,573.65,Day,0,0.183
14169,2024-05-03,24,324,Raw Materials,1385,535.01,Night,0,0.15
14170,2024-05-04,43,597,Raw Materials,181,528.84,Day,0,0.108
14171,2024-05-04,11,48,Chemicals,274,468.15,Day,0,0.026
14172,2024-05-04,22,408,Machinery,617,562.16,Day,0,0.036
14173,2024-05-04,6,558,Textiles,1468,561.09,Night,0,0.037
14174,2024-05-04,19,130,Machinery,1216,483.74,Night,0,0.15
14175,2024-05-04,28,553,Vehicles,396,473.66,Night,0,0.268
14176,2024-05-04,7,20,Machinery,805,593.51,Night,0,0.08
14177,2024-05-04,46,187,Chemicals,734,486.43,Day,0,0.276
14178,2024-05-04,17,89,Chemicals,793,397.94,Day,0,0.111
14179,2024-05-04,20,189,Machinery,389,442.07,Day,0,0.158
14180,2024-05-04,36,580,Food,1259,568.06,Day,0,0.151
14181,2024-05-04,8,62,Machinery,1060,541.49,Day,0,0.258
14182,2024-05-05,31,619,Machinery,462,552.76,Day,0,0.22
14183,2024-05-05,36,489,Vehicles,608,1137.35,Night,1,0.968
14184,2024-05-05,39,230,Food,985,544.95,Night,0,0.122
14185,2024-05-05,8,491,Electronics,1258,476.46,Night,0,0.075
14186,2024-05-05,27,130,Textiles,331,524.5,Night,0,0.213
14187,2024-05-05,17,198,Textiles,253,550.03,Day,0,0.271
14188,2024-05-05,36,564,Vehicles,107,1165.82,Night,1,0.724
14189,2024-05-05,28,126,Textiles,974,544.1,Night,0,0.107
14190,2024-05-06,6,439,Raw Materials,512,540.62,Day,0,0.02
14191,2024-05-06,9,610,Food,387,527.56,Day,0,0.157
14192,2024-05-06,7,471,Textiles,525,463.62,Night,0,0.244
14193,2024-05-06,14,436,Chemicals,1157,546.5,Day,0,0.086
14194,2024-05-06,44,534,Machinery,546,520.12,Day,0,0.001
14195,2024-05-06,27,225,Food,1039,497.83,Night,0,0.15
14196,2024-05-06,27,8,Food,212,527.35,Night,0,0.026
14197,2024-05-06,2,210,Chemicals,1322,515.03,Night,0,0.057
14198,2024-05-07,34,286,Raw Materials,1293,606.7,Day,0,0.295
14199,2024-05-07,27,221,Textiles,216,424.43,Night,0,0.189
14200,2024-05-07,40,575,Vehicles,776,536.81,Night,0,0.133
14201,2024-05-07,6,475,Raw Materials,304,488.9,Night,0,0.053
14202,2024-05-07,25,415,Electronics,985,560.22,Night,0,0.123
14203,2024-05-07,6,616,Electronics,895,1497.53,Day,1,0.719
14204,2024-05-07,1,142,Machinery,1187,513.77,Day,0,0.178
14205,2024-05-08,35,588,Vehicles,1061,570.7,Day,0,0.131
14206,2024-05-08,1,392,Raw Materials,495,419.4,Day,0,0.005
14207,2024-05-08,39,92,Raw Materials,426,546.01,Night,0,0.079
14208,2024-05-08,3,600,Chemicals,1183,567.88,Day,0,0.265
14209,2024-05-08,12,554,Chemicals,1130,505.53,Day,0,0.033
14210,2024-05-08,7,567,Textiles,640,558.2,Day,0,0.129
14211,2024-05-09,44,25,Electronics,1204,450.83,Night,0,0.212
14212,2024-05-09,25,310,Textiles,169,615.9,Day,0,0.244
14213,2024-05-09,29,320,Food,150,476.01,Day,0,0.262
14214,2024-05-09,15,26,Electronics,225,480.88,Day,0,0.219
14215,2024-05-09,39,555,Raw Materials,971,584.51,Night,0,0.076
14216,2024-05-09,20,345,Chemicals,289,570.73,Night,0,0.111
14217,2024-05-09,40,635,Textiles,1135,473.45,Day,0,0.245
14218,2024-05-09,19,576,Raw Materials,1339,1226.17,Night,1,0.738
14219,2024-05-10,18,585,Textiles,251,468.11,Night,0,0.152
14220,2024-05-10,7,75,Raw Materials,708,530.12,Day,0,0.224
14221,2024-05-10,44,488,Electronics,779,510.15,Night,0,0.039
14222,2024-05-10,38,78,Raw Materials,138,514.05,Day,0,0.005
14223,2024-05-10,14,478,Chemicals,1277,440.0,Night,0,0.157
14224,2024-05-10,29,332,Chemicals,974,474.22,Day,0,0.067
14225,2024-05-10,41,470,Chemicals,1049,502.55,Day,0,0.175
14226,2024-05-10,40,244,Textiles,834,481.06,Night,0,0.086
14227,2024-05-10,7,434,Food,1282,440.32,Day,0,0.278
14228,2024-05-10,5,356,Electronics,1347,1171.52,Day,1,0.742
14229,2024-05-10,36,264,Raw Materials,1359,516.0,Night,0,0.161
14230,2024-05-11,43,465,Textiles,332,1382.9,Night,1,0.955
14231,2024-05-11,18,490,Machinery,550,547.87,Day,0,0.249
14232,2024-05-11,3,531,Chemicals,536,502.37,Day,0,0.034
14233,2024-05-11,32,52,Food,1422,568.19,Day,0,0.091
14234,2024-05-11,21,542,Machinery,355,516.91,Day,0,0.181
14235,2024-05-11,11,203,Electronics,1141,521.68,Night,0,0.006
14236,2024-05-11,35,481,Textiles,355,527.72,Night,0,0.18
14237,2024-05-11,1,396,Chemicals,1001,467.03,Night,0,0.242
14238,2024-05-11,43,173,Vehicles,119,462.34,Day,0,0.181
14239,2024-05-12,6,58,Vehicles,872,552.69,Day,0,0.026
14240,2024-05-12,8,484,Textiles,629,533.21,Night,0,0.2
14241,2024-05-12,32,410,Electronics,1351,1395.44,Day,1,0.711
14242,2024-05-12,6,446,Food,1173,502.32,Night,0,0.24
14243,2024-05-12,41,635,Raw Materials,1164,544.66,Night,0,0.037
14244,2024-05-12,2,434,Raw Materials,413,494.24,Day,0,0.061
14245,2024-05-12,6,278,Food,282,532.23,Day,0,0.281
14246,2024-05-13,38,490,Chemicals,320,463.7,Night,0,0.104
14247,2024-05-13,4,464,Food,184,469.77,Night,0,0.046
14248,2024-05-13,23,342,Electronics,1276,538.06,Day,0,0.124
14249,2024-05-13,7,451,Vehicles,1006,526.06,Day,0,0.192
14250,2024-05-13,23,124,Textiles,1114,491.39,Night,0,0.123
14251,2024-05-13,28,147,Chemicals,980,587.34,Day,0,0.143
14252,2024-05-13,42,150,Chemicals,1451,544.71,Night,0,0.057
14253,2024-05-13,36,455,Raw Materials,686,450.28,Day,0,0.149
14254,2024-05-13,19,56,Raw Materials,619,553.47,Day,0,0.066
14255,2024-05-13,20,466,Vehicles,1322,439.28,Night,0,0.062
14256,2024-05-14,28,618,Food,151,414.83,Night,0,0.168
14257,2024-05-14,12,19,Chemicals,1117,510.37,Night,0,0.013
14258,2024-05-14,26,475,Vehicles,732,501.37,Night,0,0.124
14259,2024-05-14,46,283,Food,1263,555.25,Day,0,0.032
14260,2024-05-14,5,16,Textiles,1443,473.48,Night,0,0.037
14261,2024-05-14,3,338,Electronics,1063,1270.38,Day,1,0.878
14262,2024-05-15,21,467,Food,721,497.75,Night,0,0.064
14263,2024-05-15,30,362,Textiles,735,461.39,Night,0,0.056
14264,2024-05-15,14,123,Textiles,1054,1490.49,Day,1,0.96
14265,2024-05-15,24,128,Textiles,1100,557.76,Night,0,0.133
14266,2024-05-15,44,159,Food,1137,515.2,Day,0,0.087
14267,2024-05-15,3,635,Vehicles,1386,449.39,Day,0,0.212
14268,2024-05-15,9,26,Food,543,551.87,Night,0,0.103
14269,2024-05-15,30,31,Raw Materials,577,1332.29,Day,1,0.917
14270,2024-05-15,22,443,Textiles,1379,458.47,Night,0,0.106
14271,2024-05-15,26,306,Chemicals,1446,564.16,Day,0,0.25
14272,2024-05-16,29,423,Chemicals,1286,519.4,Night,0,0.103
14273,2024-05-16,40,597,Chemicals,468,507.74,Night,0,0.173
14274,2024-05-16,29,610,Textiles,1500,530.69,Day,0,0.003
14275,2024-05-16,21,549,Machinery,525,447.3,Night,0,0.187
14276,2024-05-16,12,34,Electronics,107,518.5,Day,0,0.036
14277,2024-05-16,39,74,Vehicles,1423,505.88,Night,0,0.224
14278,2024-05-16,17,600,Chemicals,368,1460.98,Day,1,0.864
14279,2024-05-17,7,392,Food,865,555.03,Night,0,0.114
14280,2024-05-17,27,485,Raw Materials,1264,433.87,Day,0,0.096
14281,2024-05-17,18,523,Chemicals,1187,479.44,Night,0,0.129
14282,2024-05-17,15,462,Vehicles,934,487.83,Night,0,0.227
14283,2024-05-17,18,508,Electronics,1126,416.32,Night,0,0.056
14284,2024-05-17,28,342,Electronics,204,498.12,Night,0,0.063
14285,2024-05-17,5,562,Chemicals,1071,554.0,Day,0,0.142
14286,2024-05-17,22,116,Food,1235,540.69,Day,0,0.12
14287,2024-05-18,46,454,Raw Materials,1279,423.72,Night,0,0.028
14288,2024-05-18,31,9,Raw Materials,204,395.55,Night,0,0.282
14289,2024-05-18,38,462,Food,117,468.52,Night,0,0.178
14290,2024-05-18,16,402,Machinery,230,498.5,Night,0,0.093
14291,2024-05-18,40,378,Chemicals,951,495.43,Day,0,0.232
14292,2024-05-18,29,192,Textiles,1321,589.67,Day,0,0.171
14293,2024-05-18,28,537,Electronics,806,621.27,Night,0,0.009
14294,2024-05-18,20,173,Raw Materials,427,470.04,Day,0,0.167
14295,2024-05-18,36,113,Machinery,969,536.49,Day,0,0.194
14296,2024-05-18,20,534,Electronics,595,396.21,Night,0,0.202
14297,2024-05-18,10,155,Food,1271,524.63,Day,0,0.264
14298,2024-05-18,37,14,Food,1488,425.24,Day,0,0.012
14299,2024-05-19,1,289,Textiles,1206,1208.73,Day,1,0.778
14300,2024-05-19,39,256,Chemicals,604,511.7,Night,0,0.063
14301,2024-05-19,21,394,Electronics,1401,511.96,Day,0,0.062
14302,2024-05-19,3,241,Textiles,1427,504.98,Day,0,0.181
14303,2024-05-19,39,202,Food,1297,596.4,Night,0,0.114
14304,2024-05-19,20,49,Chemicals,223,579.81,Day,0,0.102
14305,2024-05-19,40,90,Electronics,1419,518.03,Day,0,0.255
14306,2024-05-19,6,130,Machinery,767,518.13,Night,0,0.071
14307,2024-05-19,9,316,Textiles,647,461.06,Night,0,0.168
14308,2024-05-19,19,598,Machinery,907,533.64,Day,0,0.131
14309,2024-05-20,21,364,Chemicals,151,500.68,Night,0,0.061
14310,2024-05-20,39,623,Electronics,671,503.75,Day,0,0.037
14311,2024-05-20,38,127,Textiles,338,522.04,Day,0,0.258
14312,2024-05-20,15,121,Chemicals,173,470.34,Night,0,0.001
14313,2024-05-20,18,206,Chemicals,1452,595.01,Day,0,0.015
14314,2024-05-20,20,541,Raw Materials,566,584.13,Night,0,0.085
14315,2024-05-20,25,146,Textiles,1020,1651.06,Night,1,0.731
14316,2024-05-21,8,304,Food,915,512.51,Day,0,0.049
14317,2024-05-21,5,372,Electronics,1247,1120.58,Night,1,0.889
14318,2024-05-21,23,105,Food,1353,552.13,Night,0,0.268
14319,2024-05-21,32,426,Food,982,458.53,Night,0,0.185
14320,2024-05-21,26,135,Vehicles,247,490.05,Night,0,0.18
14321,2024-05-21,2,78,Raw Materials,1488,555.07,Night,0,0.02
14322,2024-05-21,2,505,Chemicals,1209,497.44,Day,0,0.071
14323,2024-05-21,8,596,Machinery,506,532.78,Night,0,0.19
14324,2024-05-21,40,324,Raw Materials,1254,568.44,Day,0,0.061
14325,2024-05-21,20,549,Textiles,991,528.43,Day,0,0.199
14326,2024-05-21,12,384,Electronics,636,585.03,Day,0,0.044
14327,2024-05-22,20,98,Raw Materials,678,518.82,Night,0,0.031
14328,2024-05-22,4,523,Electronics,346,507.49,Day,0,0.206
14329,2024-05-22,24,153,Electronics,128,471.04,Day,0,0.104
14330,2024-05-22,28,524,Food,876,496.55,Night,0,0.06
14331,2024-05-22,18,484,Electronics,470,554.75,Night,0,0.119
14332,2024-05-22,12,489,Vehicles,164,505.09,Day,0,0.135
14333,2024-05-22,33,350,Machinery,947,444.57,Day,0,0.117
14334,2024-05-22,33,319,Raw Materials,418,487.74,Night,0,0.142
14335,2024-05-22,27,605,Vehicles,1065,500.26,Day,0,0.044
14336,2024-05-23,38,592,Chemicals,553,522.89,Night,0,0.223
14337,2024-05-23,21,514,Textiles,665,454.09,Night,0,0.031
14338,2024-05-23,17,33,Chemicals,723,533.79,Day,0,0.172
14339,2024-05-23,2,141,Electronics,576,582.11,Day,0,0.203
14340,2024-05-23,4,346,Textiles,1159,457.2,Night,0,0.241
14341,2024-05-23,36,381,Chemicals,1003,479.91,Day,0,0.204
14342,2024-05-24,35,500,Electronics,733,595.29,Day,0,0.252
14343,2024-05-24,46,370,Textiles,1250,508.43,Day,0,0.13
14344,2024-05-24,3,615,Food,925,466.07,Night,0,0.163
14345,2024-05-24,45,155,Textiles,224,511.92,Night,0,0.255
14346,2024-05-24,18,104,Raw Materials,629,588.45,Night,0,0.109
14347,2024-05-24,37,209,Food,1124,488.09,Night,0,0.243
14348,2024-05-25,5,377,Chemicals,1185,494.7,Night,0,0.042
14349,2024-05-25,17,472,Food,1180,542.93,Night,0,0.265
14350,2024-05-25,40,267,Raw Materials,666,484.41,Day,0,0.091
14351,2024-05-25,40,248,Machinery,1280,1121.14,Day,1,0.786
14352,2024-05-25,24,314,Food,1379,531.59,Day,0,0.187
14353,2024-05-25,26,602,Machinery,1314,529.32,Night,0,0.175
14354,2024-05-25,8,203,Electronics,954,585.63,Day,0,0.075
14355,2024-05-25,36,565,Machinery,940,493.4,Day,0,0.137
14356,2024-05-26,32,75,Raw Materials,1157,560.79,Day,0,0.108
14357,2024-05-26,17,61,Food,485,575.27,Night,0,0.138
14358,2024-05-26,5,572,Textiles,910,440.08,Day,0,0.196
14359,2024-05-26,17,67,Chemicals,1013,482.53,Night,0,0.253
14360,2024-05-26,38,629,Raw Materials,321,493.3,Day,0,0.119
14361,2024-05-26,27,89,Vehicles,288,559.96,Day,0,0.197
14362,2024-05-27,20,203,Raw Materials,1275,562.2,Day,0,0.008
14363,2024-05-27,27,184,Machinery,1445,452.71,Day,0,0.17
14364,2024-05-27,8,39,Raw Materials,895,505.48,Day,0,0.074
14365,2024-05-27,28,35,Food,458,514.89,Day,0,0.059
14366,2024-05-27,13,369,Textiles,102,437.8,Day,0,0.051
14367,2024-05-27,24,543,Chemicals,1473,518.44,Night,0,0.277
14368,2024-05-27,15,172,Vehicles,826,519.62,Day,0,0.242
14369,2024-05-27,13,133,Textiles,188,463.43,Night,0,0.029
14370,2024-05-27,22,544,Chemicals,527,477.78,Day,0,0.012
14371,2024-05-27,38,28,Electronics,1206,581.58,Night,0,0.241
14372,2024-05-27,44,12,Raw Materials,825,494.8,Day,0,0.096
14373,2024-05-28,38,564,Textiles,1067,603.91,Night,0,0.037
14374,2024-05-28,42,280,Textiles,385,540.32,Day,0,0.107
14375,2024-05-28,39,292,Electronics,898,510.21,Night,0,0.277
14376,2024-05-28,16,225,Vehicles,784,470.18,Night,0,0.019
14377,2024-05-28,24,58,Machinery,1025,538.89,Day,0,0.201
14378,2024-05-28,5,586,Textiles,752,557.16,Night,0,0.284
14379,2024-05-29,15,33,Chemicals,542,407.29,Night,0,0.27
14380,2024-05-29,41,202,Vehicles,577,554.93,Night,0,0.23
14381,2024-05-29,17,272,Electronics,859,458.59,Night,0,0.218
14382,2024-05-29,11,471,Electronics,426,553.61,Night,0,0.15
14383,2024-05-29,7,358,Textiles,1264,497.39,Day,0,0.143
14384,2024-05-29,19,387,Vehicles,458,512.23,Day,0,0.002
14385,2024-05-30,41,207,Electronics,1347,546.58,Night,0,0.012
14386,2024-05-30,5,500,Food,164,592.05,Night,0,0.239
14387,2024-05-30,34,50,Vehicles,1035,520.9,Night,0,0.038
14388,2024-05-30,28,281,Food,260,546.39,Day,0,0.044
14389,2024-05-30,29,252,Vehicles,618,531.38,Day,0,0.053
14390,2024-05-30,45,288,Electronics,1060,469.97,Night,0,0.121
14391,2024-05-31,45,440,Electronics,959,578.91,Night,0,0.124
14392,2024-05-31,6,346,Machinery,364,514.03,Night,0,0.16
14393,2024-05-31,45,125,Raw Materials,293,511.81,Night,0,0.138
14394,2024-05-31,24,390,Machinery,306,486.51,Night,0,0.186
14395,2024-05-31,39,361,Vehicles,1314,631.49,Night,0,0.105
14396,2024-05-31,4,411,Textiles,913,547.56,Night,0,0.199
14397,2024-05-31,12,198,Textiles,244,499.8,Night,0,0.142
14398,2024-05-31,32,74,Chemicals,1052,545.4,Night,0,0.146
14399,2024-05-31,4,490,Food,1072,509.51,Day,0,0.181
14400,2024-05-31,17,308,Vehicles,512,559.35,Night,0,0.025
14401,2024-06-01,2,323,Chemicals,1217,539.53,Day,0,0.104
14402,2024-06-01,8,393,Food,252,521.73,Day,0,0.103
14403,2024-06-01,8,132,Raw Materials,691,516.31,Day,0,0.253
14404,2024-06-01,27,281,Textiles,1324,559.71,Day,0,0.126
14405,2024-06-01,5,439,Raw Materials,801,604.1,Day,0,0.108
14406,2024-06-01,30,182,Textiles,1440,515.88,Day,0,0.177
14407,2024-06-01,19,170,Food,1129,550.99,Night,0,0.221
14408,2024-06-01,44,296,Raw Materials,1419,2029.43,Day,1,0.911
14409,2024-06-01,1,253,Food,414,526.47,Day,0,0.232
14410,2024-06-01,3,237,Food,1329,536.88,Day,0,0.122
14411,2024-06-01,4,246,Food,818,499.62,Night,0,0.094
14412,2024-06-01,34,633,Vehicles,820,540.02,Day,0,0.139
14413,2024-06-02,4,293,Machinery,271,434.03,Night,0,0.138
14414,2024-06-02,44,276,Chemicals,1475,587.72,Day,0,0.181
14415,2024-06-02,46,254,Raw Materials,833,1059.42,Day,1,0.823
14416,2024-06-02,27,479,Vehicles,659,519.89,Day,0,0.196
14417,2024-06-02,32,521,Chemicals,427,533.37,Night,0,0.108
14418,2024-06-02,18,79,Vehicles,378,446.92,Night,0,0.038
14419,2024-06-03,11,327,Chemicals,1348,415.34,Night,0,0.105
14420,2024-06-03,3,481,Vehicles,884,497.13,Night,0,0.049
14421,2024-06-03,17,188,Chemicals,1183,445.09,Night,0,0.095
14422,2024-06-03,26,525,Machinery,1345,588.94,Night,0,0.041
14423,2024-06-03,6,191,Textiles,1419,1586.22,Day,1,0.723
14424,2024-06-03,11,292,Raw Materials,403,503.09,Day,0,0.03
14425,2024-06-03,24,621,Chemicals,1221,540.58,Day,0,0.283
14426,2024-06-04,26,422,Chemicals,1137,530.87,Day,0,0.141
14427,2024-06-04,2,150,Electronics,632,408.84,Day,0,0.138
14428,2024-06-04,23,397,Machinery,159,453.35,Night,0,0.025
14429,2024-06-04,11,554,Vehicles,482,475.3,Day,0,0.21
14430,2024-06-04,16,346,Chemicals,199,451.31,Night,0,0.199
14431,2024-06-04,5,608,Textiles,1073,535.34,Night,0,0.165
14432,2024-06-04,2,520,Textiles,1317,497.59,Night,0,0.244
14433,2024-06-04,24,573,Vehicles,668,487.7,Day,0,0.224
14434,2024-06-05,42,516,Chemicals,1367,459.93,Day,0,0.275
14435,2024-06-05,15,361,Chemicals,358,455.2,Night,0,0.06
14436,2024-06-05,29,374,Food,755,599.18,Day,0,0.011
14437,2024-06-05,44,261,Raw Materials,1291,551.04,Day,0,0.095
14438,2024-06-05,30,429,Electronics,252,382.14,Day,0,0.29
14439,2024-06-05,33,375,Textiles,240,430.13,Day,0,0.095
14440,2024-06-05,20,6,Vehicles,234,454.25,Day,0,0.114
14441,2024-06-05,5,283,Raw Materials,1065,563.07,Day,0,0.285
14442,2024-06-05,24,396,Chemicals,743,393.32,Night,0,0.064
14443,2024-06-05,6,506,Electronics,913,396.68,Night,0,0.156
14444,2024-06-06,7,343,Raw Materials,1133,517.71,Night,0,0.215
14445,2024-06-06,9,427,Raw Materials,910,1562.53,Day,1,0.884
14446,2024-06-06,3,461,Food,870,569.09,Night,0,0.267
14447,2024-06-06,24,628,Electronics,723,563.06,Night,0,0.26
14448,2024-06-06,6,306,Raw Materials,1281,408.27,Night,0,0.046
14449,2024-06-06,16,10,Chemicals,260,404.91,Night,0,0.164
14450,2024-06-06,10,143,Machinery,1409,516.92,Day,0,0.24
14451,2024-06-07,19,527,Electronics,1489,1245.12,Day,1,0.961
14452,2024-06-07,36,23,Machinery,735,539.73,Day,0,0.123
14453,2024-06-07,34,452,Raw Materials,485,1234.87,Night,1,0.966
14454,2024-06-07,37,137,Raw Materials,1205,458.75,Night,0,0.126
14455,2024-06-07,35,314,Textiles,399,515.4,Day,0,0.051
14456,2024-06-07,22,416,Raw Materials,216,594.23,Day,0,0.107
14457,2024-06-07,24,612,Textiles,162,488.15,Night,0,0.219
14458,2024-06-07,5,457,Chemicals,1272,536.39,Day,0,0.245
14459,2024-06-07,37,528,Chemicals,462,480.51,Day,0,0.288
14460,2024-06-07,10,229,Raw Materials,1231,580.53,Night,0,0.3
14461,2024-06-07,5,151,Vehicles,1485,422.04,Day,0,0.042
14462,2024-06-08,17,33,Raw Materials,712,446.16,Day,0,0.086
14463,2024-06-08,35,447,Textiles,561,588.16,Night,0,0.051
14464,2024-06-08,10,400,Electronics,494,479.7,Night,0,0.223
14465,2024-06-08,33,568,Raw Materials,734,549.1,Day,0,0.082
14466,2024-06-08,14,271,Chemicals,540,453.19,Day,0,0.061
14467,2024-06-08,31,63,Chemicals,949,474.98,Day,0,0.114
14468,2024-06-08,22,39,Machinery,439,470.52,Night,0,0.237
14469,2024-06-08,33,281,Raw Materials,1029,509.57,Night,0,0.264
14470,2024-06-09,36,172,Machinery,1499,481.63,Night,0,0.096
14471,2024-06-09,16,179,Electronics,543,395.26,Day,0,0.234
14472,2024-06-09,44,103,Machinery,1310,523.65,Night,0,0.167
14473,2024-06-09,23,521,Raw Materials,1254,523.68,Day,0,0.297
14474,2024-06-09,30,84,Chemicals,723,510.36,Night,0,0.041
14475,2024-06-09,9,250,Raw Materials,1393,474.43,Night,0,0.116
14476,2024-06-09,4,354,Chemicals,216,468.67,Day,0,0.109
14477,2024-06-09,43,409,Vehicles,215,528.64,Day,0,0.21
14478,2024-06-09,21,34,Raw Materials,1283,562.7,Day,0,0.021
14479,2024-06-09,45,341,Vehicles,1445,520.58,Night,0,0.161
14480,2024-06-09,4,444,Food,458,332.14,Day,0,0.152
14481,2024-06-09,45,451,Food,425,543.89,Day,0,0.148
14482,2024-06-10,16,151,Electronics,1074,412.73,Night,0,0.214
14483,2024-06-10,43,421,Vehicles,1040,472.92,Night,0,0.094
14484,2024-06-10,43,247,Electronics,844,553.06,Day,0,0.057
14485,2024-06-10,46,256,Chemicals,1475,486.63,Night,0,0.268
14486,2024-06-10,10,398,Machinery,444,488.16,Day,0,0.057
14487,2024-06-10,8,61,Textiles,354,416.72,Night,0,0.075
14488,2024-06-11,43,287,Vehicles,817,388.18,Night,0,0.274
14489,2024-06-11,41,198,Raw Materials,1384,451.38,Night,0,0.166
14490,2024-06-11,7,574,Electronics,389,536.07,Night,0,0.032
14491,2024-06-11,24,436,Chemicals,719,511.71,Night,0,0.175
14492,2024-06-11,14,12,Raw Materials,567,459.61,Day,0,0.211
14493,2024-06-11,46,502,Textiles,1288,504.2,Day,0,0.285
14494,2024-06-11,3,458,Food,403,477.59,Day,0,0.233
14495,2024-06-11,43,468,Electronics,1037,508.39,Night,0,0.16
14496,2024-06-12,24,182,Vehicles,616,480.97,Night,0,0.016
14497,2024-06-12,26,30,Electronics,652,477.16,Day,0,0.058
14498,2024-06-12,17,486,Textiles,679,504.49,Day,0,0.083
14499,2024-06-12,36,249,Textiles,332,558.53,Night,0,0.135
14500,2024-06-12,30,273,Machinery,1023,505.1,Day,0,0.292
14501,2024-06-12,12,50,Electronics,837,419.87,Night,0,0.066
14502,2024-06-12,11,313,Electronics,192,527.49,Day,0,0.112
14503,2024-06-12,34,556,Raw Materials,1143,592.16,Day,0,0.169
14504,2024-06-12,27,355,Vehicles,934,438.13,Night,0,0.122
14505,2024-06-13,44,27,Textiles,130,560.63,Day,0,0.005
14506,2024-06-13,8,518,Food,720,552.67,Day,0,0.274
14507,2024-06-13,13,166,Electronics,681,442.64,Night,0,0.18
14508,2024-06-13,44,376,Chemicals,619,558.74,Night,0,0.004
14509,2024-06-13,4,108,Vehicles,326,1791.46,Night,1,0.954
14510,2024-06-13,11,526,Electronics,1344,561.18,Day,0,0.117
14511,2024-06-13,12,3,Raw Materials,421,486.89,Day,0,0.076
14512,2024-06-13,18,250,Raw Materials,406,503.06,Night,0,0.013
14513,2024-06-14,38,303,Electronics,1449,657.83,Day,0,0.127
14514,2024-06-14,1,477,Raw Materials,188,594.95,Day,0,0.033
14515,2024-06-14,22,548,Chemicals,538,577.62,Night,0,0.238
14516,2024-06-14,37,260,Machinery,1224,421.46,Night,0,0.163
14517,2024-06-14,6,202,Electronics,117,570.36,Day,0,0.159
14518,2024-06-14,27,555,Chemicals,937,558.7,Day,0,0.283
14519,2024-06-14,2,223,Raw Materials,284,480.8,Night,0,0.173
14520,2024-06-15,26,160,Textiles,1353,522.82,Day,0,0.188
14521,2024-06-15,32,273,Vehicles,1188,620.84,Day,0,0.227
14522,2024-06-15,3,521,Vehicles,460,513.14,Night,0,0.095
14523,2024-06-15,28,541,Machinery,1316,637.72,Night,0,0.049
14524,2024-06-15,46,529,Chemicals,1495,501.48,Day,0,0.241
14525,2024-06-15,17,77,Food,873,512.06,Night,0,0.131
14526,2024-06-15,16,314,Electronics,655,538.9,Day,0,0.116
14527,2024-06-15,32,292,Electronics,249,490.0,Night,0,0.006
14528,2024-06-15,33,376,Food,556,1228.94,Day,1,0.986
14529,2024-06-16,6,530,Chemicals,1133,536.72,Night,0,0.106
14530,2024-06-16,37,492,Electronics,110,522.99,Night,0,0.116
14531,2024-06-16,26,627,Chemicals,893,613.98,Day,0,0.178
14532,2024-06-16,10,181,Chemicals,976,453.99,Day,0,0.143
14533,2024-06-16,40,466,Machinery,200,539.48,Day,0,0.098
14534,2024-06-16,17,222,Chemicals,149,554.93,Day,0,0.277
14535,2024-06-16,15,626,Food,863,436.39,Night,0,0.273
14536,2024-06-16,33,421,Textiles,927,536.6,Night,0,0.051
14537,2024-06-16,9,353,Textiles,1229,492.56,Night,0,0.197
14538,2024-06-16,46,373,Chemicals,432,504.8,Night,0,0.21
14539,2024-06-17,19,435,Food,1434,1135.14,Night,1,0.859
14540,2024-06-17,35,616,Food,929,484.9,Day,0,0.197
14541,2024-06-17,40,295,Machinery,1262,485.06,Day,0,0.031
14542,2024-06-17,26,228,Textiles,1450,557.05,Night,0,0.138
14543,2024-06-17,27,581,Vehicles,990,622.8,Day,0,0.06
14544,2024-06-17,41,482,Food,831,493.11,Day,0,0.213
14545,2024-06-18,6,554,Chemicals,410,524.8,Night,0,0.086
14546,2024-06-18,2,440,Machinery,983,500.49,Day,0,0.271
14547,2024-06-18,42,625,Chemicals,1067,515.69,Day,0,0.091
14548,2024-06-18,40,508,Machinery,152,496.05,Day,0,0.101
14549,2024-06-18,46,283,Electronics,581,476.87,Day,0,0.174
14550,2024-06-18,31,364,Food,505,583.65,Day,0,0.169
14551,2024-06-18,27,86,Raw Materials,1407,560.52,Day,0,0.102
14552,2024-06-18,39,184,Electronics,716,425.69,Day,0,0.193
14553,2024-06-18,46,136,Raw Materials,1217,459.38,Night,0,0.127
14554,2024-06-18,21,617,Vehicles,1280,434.69,Day,0,0.104
14555,2024-06-19,16,161,Raw Materials,399,499.62,Day,0,0.123
14556,2024-06-19,25,106,Machinery,684,551.85,Day,0,0.226
14557,2024-06-19,14,629,Electronics,975,547.29,Day,0,0.285
14558,2024-06-19,43,565,Food,1114,534.72,Night,0,0.186
14559,2024-06-19,44,322,Textiles,1096,462.85,Night,0,0.154
14560,2024-06-19,44,16,Food,799,501.89,Day,0,0.012
14561,2024-06-19,20,234,Chemicals,695,506.65,Day,0,0.147
14562,2024-06-19,23,377,Machinery,1027,565.56,Night,0,0.213
14563,2024-06-19,31,64,Vehicles,1417,466.82,Day,0,0.235
14564,2024-06-19,18,446,Textiles,706,538.68,Day,0,0.104
14565,2024-06-20,24,570,Raw Materials,1423,497.86,Day,0,0.205
14566,2024-06-20,5,207,Textiles,794,500.12,Day,0,0.012
14567,2024-06-20,44,345,Raw Materials,275,553.8,Night,0,0.085
14568,2024-06-20,2,135,Machinery,701,1221.35,Night,1,0.995
14569,2024-06-20,34,620,Vehicles,612,601.67,Day,0,0.109
14570,2024-06-20,7,582,Chemicals,705,504.72,Day,0,0.248
14571,2024-06-20,6,194,Vehicles,265,465.93,Night,0,0.196
14572,2024-06-20,31,482,Raw Materials,100,525.31,Day,0,0.149
14573,2024-06-20,46,575,Vehicles,362,503.02,Day,0,0.243
14574,2024-06-21,25,125,Chemicals,576,556.95,Night,0,0.14
14575,2024-06-21,45,93,Textiles,591,435.55,Day,0,0.051
14576,2024-06-21,33,487,Raw Materials,536,507.71,Night,0,0.072
14577,2024-06-21,26,33,Machinery,343,436.66,Day,0,0.003
14578,2024-06-21,44,316,Machinery,587,510.42,Night,0,0.145
14579,2024-06-21,46,360,Textiles,1394,1279.39,Day,1,0.886
14580,2024-06-22,20,608,Food,1138,1445.62,Day,1,0.841
14581,2024-06-22,41,473,Textiles,284,504.47,Day,0,0.065
14582,2024-06-22,17,367,Food,740,466.91,Day,0,0.14
14583,2024-06-22,32,345,Electronics,130,427.85,Day,0,0.271
14584,2024-06-22,19,220,Chemicals,151,496.02,Day,0,0.185
14585,2024-06-22,27,494,Raw Materials,1364,587.72,Day,0,0.122
14586,2024-06-22,38,119,Machinery,1240,549.32,Day,0,0.238
14587,2024-06-22,22,247,Chemicals,369,572.26,Night,0,0.008
14588,2024-06-22,36,444,Textiles,449,399.19,Night,0,0.217
14589,2024-06-23,16,424,Machinery,1299,491.84,Night,0,0.293
14590,2024-06-23,37,578,Vehicles,704,535.04,Night,0,0.292
14591,2024-06-23,8,628,Vehicles,749,484.35,Day,0,0.024
14592,2024-06-23,17,406,Raw Materials,1242,471.89,Night,0,0.229
14593,2024-06-23,30,368,Machinery,140,539.77,Day,0,0.156
14594,2024-06-23,38,510,Textiles,1295,450.53,Night,0,0.057
14595,2024-06-23,1,257,Food,1190,477.75,Night,0,0.054
14596,2024-06-23,20,554,Vehicles,155,511.48,Night,0,0.291
14597,2024-06-23,12,36,Raw Materials,1176,384.41,Night,0,0.089
14598,2024-06-23,39,519,Raw Materials,487,470.05,Night,0,0.033
14599,2024-06-23,12,407,Machinery,606,431.21,Night,0,0.287
14600,2024-06-24,33,6,Chemicals,937,480.94,Day,0,0.027
14601,2024-06-24,43,4,Textiles,176,517.97,Night,0,0.156
14602,2024-06-24,7,33,Machinery,1491,466.55,Day,0,0.032
14603,2024-06-24,28,468,Raw Materials,1446,476.35,Night,0,0.281
14604,2024-06-24,40,3,Food,1273,491.82,Day,0,0.016
14605,2024-06-24,18,92,Chemicals,115,527.59,Night,0,0.281
14606,2024-06-24,27,338,Raw Materials,347,464.96,Night,0,0.268
14607,2024-06-24,5,220,Food,685,554.17,Day,0,0.192
14608,2024-06-24,19,402,Electronics,115,471.0,Night,0,0.177
14609,2024-06-24,5,178,Machinery,942,475.37,Day,0,0.098
14610,2024-06-25,34,448,Food,415,1232.79,Night,1,0.867
14611,2024-06-25,30,317,Textiles,1488,605.95,Night,0,0.124
14612,2024-06-25,4,382,Raw Materials,1406,539.62,Day,0,0.079
14613,2024-06-25,45,565,Chemicals,898,504.25,Day,0,0.203
14614,2024-06-25,27,42,Raw Materials,711,482.71,Night,0,0.03
14615,2024-06-25,9,190,Chemicals,635,450.27,Day,0,0.257
14616,2024-06-25,43,606,Food,1119,571.55,Night,0,0.023
14617,2024-06-25,25,34,Textiles,163,428.9,Night,0,0.071
14618,2024-06-25,35,513,Food,805,569.86,Night,0,0.037
14619,2024-06-25,20,415,Vehicles,765,445.5,Day,0,0.04
14620,2024-06-25,1,540,Textiles,161,543.9,Day,0,0.226
14621,2024-06-25,35,109,Food,846,513.37,Day,0,0.028
14622,2024-06-26,44,230,Raw Materials,1276,398.54,Day,0,0.001
14623,2024-06-26,15,175,Food,438,406.94,Night,0,0.205
14624,2024-06-26,17,262,Machinery,929,503.91,Night,0,0.201
14625,2024-06-26,28,92,Chemicals,779,446.47,Night,0,0.072
14626,2024-06-26,30,55,Food,289,486.26,Night,0,0.077
14627,2024-06-26,42,453,Chemicals,688,963.46,Night,1,0.726
14628,2024-06-26,40,359,Raw Materials,383,563.52,Day,0,0.103
14629,2024-06-26,1,151,Machinery,306,451.3,Night,0,0.073
14630,2024-06-26,25,389,Electronics,1299,560.2,Night,0,0.003
14631,2024-06-26,23,43,Raw Materials,1370,596.89,Day,0,0.016
14632,2024-06-26,27,589,Raw Materials,509,494.16,Night,0,0.12
14633,2024-06-27,40,155,Chemicals,1180,448.47,Day,0,0.235
14634,2024-06-27,25,593,Electronics,552,500.63,Night,0,0.14
14635,2024-06-27,42,514,Chemicals,845,540.35,Day,0,0.186
14636,2024-06-27,31,428,Textiles,829,561.41,Night,0,0.17
14637,2024-06-27,4,607,Chemicals,1285,516.21,Night,0,0.144
14638,2024-06-27,19,485,Vehicles,553,471.0,Day,0,0.001
14639,2024-06-27,9,596,Electronics,1290,607.9,Night,0,0.1
14640,2024-06-27,35,635,Textiles,1026,1672.78,Day,1,0.935
14641,2024-06-27,42,34,Raw Materials,1251,621.69,Night,0,0.289
14642,2024-06-27,26,438,Vehicles,1423,555.12,Day,0,0.212
14643,2024-06-27,7,236,Machinery,258,508.61,Day,0,0.106
14644,2024-06-27,44,26,Machinery,1285,422.84,Night,0,0.069
14645,2024-06-28,9,420,Textiles,184,560.24,Day,0,0.146
14646,2024-06-28,24,304,Electronics,322,525.38,Night,0,0.086
14647,2024-06-28,32,342,Chemicals,587,404.49,Night,0,0.246
14648,2024-06-28,12,231,Machinery,1360,502.21,Night,0,0.028
14649,2024-06-28,4,466,Electronics,1117,545.84,Day,0,0.283
14650,2024-06-28,39,172,Chemicals,381,537.78,Day,0,0.118
14651,2024-06-28,40,304,Machinery,1355,626.77,Day,0,0.042
14652,2024-06-28,4,257,Food,1165,440.9,Night,0,0.242
14653,2024-06-28,30,525,Chemicals,760,535.9,Night,0,0.286
14654,2024-06-28,45,567,Chemicals,870,471.56,Day,0,0.246
14655,2024-06-28,3,426,Machinery,1031,451.29,Day,0,0.054
14656,2024-06-29,36,555,Chemicals,1316,554.8,Day,0,0.095
14657,2024-06-29,9,246,Vehicles,267,444.04,Day,0,0.11
14658,2024-06-29,9,133,Machinery,1256,568.57,Night,0,0.189
14659,2024-06-29,38,583,Machinery,1260,577.34,Day,0,0.296
14660,2024-06-29,26,617,Textiles,1092,551.76,Night,0,0.026
14661,2024-06-29,21,411,Chemicals,1424,484.18,Night,0,0.057
14662,2024-06-29,30,445,Textiles,553,496.5,Night,0,0.202
14663,2024-06-30,10,82,Food,1334,621.2,Day,0,0.079
14664,2024-06-30,5,389,Machinery,285,502.14,Day,0,0.246
14665,2024-06-30,26,426,Textiles,365,521.43,Day,0,0.139
14666,2024-06-30,20,598,Vehicles,1429,571.82,Day,0,0.055
14667,2024-06-30,12,44,Machinery,1374,537.2,Night,0,0.11
14668,2024-06-30,13,369,Electronics,751,426.86,Night,0,0.254
14669,2024-06-30,43,438,Food,790,506.56,Night,0,0.022
14670,2024-06-30,16,576,Raw Materials,1498,531.9,Night,0,0.239
14671,2024-06-30,20,119,Vehicles,103,521.13,Day,0,0.061
14672,2024-07-01,9,435,Chemicals,1418,491.56,Day,0,0.2
14673,2024-07-01,9,167,Raw Materials,762,513.15,Night,0,0.212
14674,2024-07-01,26,66,Electronics,766,582.29,Day,0,0.014
14675,2024-07-01,29,408,Machinery,895,581.49,Night,0,0.262
14676,2024-07-01,11,313,Food,1166,487.97,Night,0,0.128
14677,2024-07-01,2,554,Textiles,559,594.58,Night,0,0.023
14678,2024-07-01,10,194,Food,789,522.86,Day,0,0.073
14679,2024-07-01,32,375,Chemicals,307,511.6,Day,0,0.269
14680,2024-07-01,7,243,Chemicals,1395,520.66,Day,0,0.226
14681,2024-07-01,45,336,Machinery,1238,531.82,Night,0,0.143
14682,2024-07-01,35,408,Textiles,388,614.59,Day,0,0.163
14683,2024-07-02,9,289,Raw Materials,1029,538.0,Night,0,0.061
14684,2024-07-02,12,2,Food,617,490.12,Day,0,0.174
14685,2024-07-02,23,21,Raw Materials,250,517.89,Day,0,0.259
14686,2024-07-02,35,490,Machinery,783,433.84,Day,0,0.027
14687,2024-07-02,36,125,Vehicles,499,473.06,Night,0,0.228
14688,2024-07-02,18,6,Vehicles,724,1317.2,Day,1,0.74
14689,2024-07-02,22,270,Chemicals,906,527.87,Day,0,0.226
14690,2024-07-02,12,442,Machinery,1311,619.65,Day,0,0.072
14691,2024-07-03,36,49,Machinery,886,495.95,Night,0,0.148
14692,2024-07-03,34,259,Textiles,597,606.86,Day,0,0.137
14693,2024-07-03,45,9,Vehicles,184,431.05,Night,0,0.291
14694,2024-07-03,40,473,Electronics,537,478.28,Night,0,0.03
14695,2024-07-03,5,512,Textiles,921,535.87,Day,0,0.195
14696,2024-07-03,13,98,Food,1394,573.11,Night,0,0.281
14697,2024-07-03,2,307,Raw Materials,1166,461.25,Day,0,0.274
14698,2024-07-03,42,389,Chemicals,1141,560.91,Night,0,0.194
14699,2024-07-03,22,51,Raw Materials,1237,496.3,Night,0,0.044
14700,2024-07-04,46,385,Electronics,644,448.12,Day,0,0.26
14701,2024-07-04,5,317,Textiles,636,572.24,Day,0,0.196
14702,2024-07-04,6,223,Raw Materials,1480,590.81,Day,0,0.086
14703,2024-07-04,20,166,Food,764,500.36,Day,0,0.125
14704,2024-07-04,27,381,Food,682,1508.94,Night,1,0.75
14705,2024-07-04,39,317,Electronics,581,594.99,Night,0,0.292
14706,2024-07-05,19,141,Food,316,1411.08,Day,1,0.919
14707,2024-07-05,17,232,Chemicals,218,1087.95,Day,1,0.968
14708,2024-07-05,42,336,Raw Materials,494,503.48,Day,0,0.029
14709,2024-07-05,11,253,Food,440,490.06,Day,0,0.031
14710,2024-07-05,8,508,Vehicles,515,589.31,Day,0,0.179
14711,2024-07-05,15,630,Vehicles,859,563.09,Day,0,0.118
14712,2024-07-05,7,603,Raw Materials,132,640.95,Day,0,0.126
14713,2024-07-05,36,281,Vehicles,215,550.65,Day,0,0.025
14714,2024-07-05,43,68,Raw Materials,401,461.43,Night,0,0.244
14715,2024-07-05,31,89,Chemicals,436,492.46,Day,0,0.151
14716,2024-07-06,24,123,Machinery,512,463.95,Day,0,0.03
14717,2024-07-06,20,636,Raw Materials,1077,499.99,Day,0,0.012
14718,2024-07-06,23,29,Textiles,921,525.75,Day,0,0.092
14719,2024-07-06,28,140,Machinery,768,529.17,Night,0,0.084
14720,2024-07-06,14,352,Electronics,1257,575.53,Night,0,0.245
14721,2024-07-06,19,311,Machinery,1217,1380.88,Day,1,0.721
14722,2024-07-06,39,189,Electronics,1024,491.64,Day,0,0.251
14723,2024-07-06,5,557,Vehicles,523,1783.83,Day,1,0.779
14724,2024-07-06,44,59,Vehicles,1269,478.15,Day,0,0.007
14725,2024-07-06,39,332,Machinery,581,402.28,Night,0,0.026
14726,2024-07-07,34,115,Food,561,424.59,Night,0,0.141
14727,2024-07-07,43,164,Textiles,834,578.5,Day,0,0.18
14728,2024-07-07,3,414,Textiles,1316,497.26,Night,0,0.143
14729,2024-07-07,40,251,Machinery,1430,455.62,Night,0,0.174
14730,2024-07-07,10,78,Food,1087,515.22,Day,0,0.031
14731,2024-07-07,44,499,Machinery,571,507.69,Day,0,0.25
14732,2024-07-07,35,166,Chemicals,345,1655.77,Night,1,0.818
14733,2024-07-07,13,51,Machinery,173,596.29,Day,0,0.273
14734,2024-07-08,24,331,Textiles,741,590.5,Day,0,0.267
14735,2024-07-08,40,197,Textiles,872,461.55,Night,0,0.2
14736,2024-07-08,40,416,Raw Materials,663,473.85,Day,0,0.133
14737,2024-07-08,7,617,Food,1193,472.32,Day,0,0.263
14738,2024-07-08,1,15,Textiles,1021,523.16,Night,0,0.075
14739,2024-07-08,39,267,Textiles,1042,507.33,Day,0,0.281
14740,2024-07-09,6,155,Chemicals,1068,474.41,Day,0,0.112
14741,2024-07-09,46,91,Chemicals,478,433.43,Day,0,0.022
14742,2024-07-09,26,65,Raw Materials,238,518.7,Day,0,0.2
14743,2024-07-09,38,111,Vehicles,1241,464.7,Day,0,0.133
14744,2024-07-09,28,421,Textiles,923,576.11,Night,0,0.261
14745,2024-07-09,6,589,Electronics,703,535.85,Night,0,0.114
14746,2024-07-09,6,345,Vehicles,710,511.61,Night,0,0.193
14747,2024-07-09,30,115,Chemicals,1159,493.38,Night,0,0.215
14748,2024-07-09,28,628,Chemicals,883,464.75,Day,0,0.089
14749,2024-07-09,3,610,Food,310,500.51,Day,0,0.294
14750,2024-07-09,10,4,Textiles,135,503.34,Day,0,0.014
14751,2024-07-09,42,284,Textiles,876,456.36,Night,0,0.238
14752,2024-07-10,32,110,Vehicles,1327,506.51,Night,0,0.057
14753,2024-07-10,29,446,Food,1092,497.93,Night,0,0.04
14754,2024-07-10,23,115,Chemicals,119,545.2,Night,0,0.201
14755,2024-07-10,32,574,Chemicals,819,575.87,Night,0,0.003
14756,2024-07-10,33,41,Chemicals,889,504.22,Day,0,0.108
14757,2024-07-10,3,96,Textiles,1398,473.71,Day,0,0.204
14758,2024-07-10,39,332,Chemicals,1436,492.18,Night,0,0.106
14759,2024-07-10,13,539,Vehicles,468,562.56,Night,0,0.295
14760,2024-07-10,2,32,Textiles,936,532.52,Day,0,0.175
14761,2024-07-11,1,210,Raw Materials,1467,526.78,Night,0,0.152
14762,2024-07-11,5,142,Machinery,1434,470.48,Day,0,0.139
14763,2024-07-11,21,213,Electronics,1092,501.04,Day,0,0.229
14764,2024-07-11,15,273,Vehicles,1065,516.6,Night,0,0.247
14765,2024-07-11,21,173,Raw Materials,424,585.02,Day,0,0.104
14766,2024-07-11,8,232,Chemicals,586,537.93,Day,0,0.111
14767,2024-07-12,28,80,Food,162,570.79,Day,0,0.031
14768,2024-07-12,22,125,Textiles,379,455.44,Day,0,0.023
14769,2024-07-12,28,555,Vehicles,1013,519.36,Night,0,0.098
14770,2024-07-12,4,323,Raw Materials,1386,612.67,Night,0,0.13
14771,2024-07-12,43,323,Food,998,548.67,Day,0,0.078
14772,2024-07-12,13,181,Vehicles,775,521.66,Day,0,0.102
14773,2024-07-12,33,2,Machinery,1365,500.05,Day,0,0.004
14774,2024-07-12,1,349,Electronics,1239,563.9,Night,0,0.122
14775,2024-07-12,39,155,Food,1146,456.56,Night,0,0.05
14776,2024-07-13,21,137,Chemicals,492,474.69,Day,0,0.031
14777,2024-07-13,7,181,Raw Materials,1133,532.04,Day,0,0.253
14778,2024-07-13,35,177,Food,496,438.4,Night,0,0.253
14779,2024-07-13,4,174,Machinery,362,588.09,Day,0,0.234
14780,2024-07-13,12,464,Chemicals,896,573.62,Day,0,0.254
14781,2024-07-13,10,239,Chemicals,558,504.34,Night,0,0.162
14782,2024-07-13,9,537,Food,1268,468.61,Day,0,0.057
14783,2024-07-13,31,414,Raw Materials,587,576.4,Day,0,0.262
14784,2024-07-13,33,611,Chemicals,670,610.39,Day,0,0.222
14785,2024-07-13,14,636,Chemicals,1127,485.17,Night,0,0.274
14786,2024-07-13,24,539,Chemicals,403,500.41,Day,0,0.28
14787,2024-07-13,15,400,Machinery,252,1056.55,Night,1,0.846
14788,2024-07-14,6,473,Vehicles,1448,544.37,Night,0,0.259
14789,2024-07-14,35,186,Electronics,710,458.7,Night,0,0.031
14790,2024-07-14,15,98,Electronics,535,459.45,Day,0,0.163
14791,2024-07-14,39,615,Food,809,477.11,Night,0,0.279
14792,2024-07-14,39,127,Machinery,462,460.35,Day,0,0.074
14793,2024-07-14,27,294,Raw Materials,167,608.34,Night,0,0.172
14794,2024-07-14,35,475,Machinery,586,524.1,Night,0,0.107
14795,2024-07-15,18,265,Vehicles,1236,442.42,Night,0,0.183
14796,2024-07-15,33,534,Electronics,581,548.37,Night,0,0.26
14797,2024-07-15,29,633,Machinery,650,643.17,Day,0,0.217
14798,2024-07-15,26,407,Raw Materials,1281,503.19,Day,0,0.076
14799,2024-07-15,34,259,Food,747,562.67,Night,0,0.264
14800,2024-07-15,4,60,Vehicles,1123,489.22,Night,0,0.273
14801,2024-07-15,30,253,Food,1496,551.75,Day,0,0.236
14802,2024-07-15,36,385,Textiles,353,962.32,Night,1,0.849
14803,2024-07-15,35,419,Vehicles,1230,1168.92,Day,1,0.836
14804,2024-07-15,28,302,Raw Materials,632,564.0,Day,0,0.021
14805,2024-07-15,18,233,Machinery,995,447.24,Day,0,0.176
14806,2024-07-15,28,457,Raw Materials,384,553.51,Day,0,0.185
14807,2024-07-16,11,244,Textiles,602,603.47,Night,0,0.035
14808,2024-07-16,2,138,Textiles,264,441.54,Day,0,0.087
14809,2024-07-16,25,462,Chemicals,517,510.14,Night,0,0.235
14810,2024-07-16,8,173,Electronics,1101,514.67,Night,0,0.28
14811,2024-07-16,26,605,Food,1012,458.38,Day,0,0.272
14812,2024-07-16,37,187,Machinery,239,533.68,Night,0,0.213
14813,2024-07-16,2,320,Chemicals,516,418.93,Day,0,0.274
14814,2024-07-16,4,115,Chemicals,840,508.81,Night,0,0.018
14815,2024-07-16,43,341,Food,793,479.7,Night,0,0.295
14816,2024-07-17,35,397,Vehicles,1298,569.45,Night,0,0.04
14817,2024-07-17,17,614,Vehicles,1344,624.8,Day,0,0.175
14818,2024-07-17,31,270,Raw Materials,940,613.24,Night,0,0.217
14819,2024-07-17,45,455,Raw Materials,178,501.0,Night,0,0.034
14820,2024-07-17,17,44,Machinery,814,519.82,Night,0,0.282
14821,2024-07-17,23,322,Food,318,514.44,Night,0,0.274
14822,2024-07-17,46,359,Electronics,746,537.78,Day,0,0.109
14823,2024-07-17,13,404,Chemicals,1211,488.05,Day,0,0.196
14824,2024-07-17,29,283,Textiles,460,605.79,Day,0,0.273
14825,2024-07-17,40,269,Food,257,530.0,Day,0,0.211
14826,2024-07-18,9,586,Textiles,800,533.38,Day,0,0.018
14827,2024-07-18,11,462,Textiles,1105,531.8,Day,0,0.004
14828,2024-07-18,14,200,Machinery,607,406.57,Night,0,0.151
14829,2024-07-18,20,451,Chemicals,1256,503.92,Night,0,0.054
14830,2024-07-18,17,21,Raw Materials,864,437.26,Night,0,0.277
14831,2024-07-18,16,133,Chemicals,1333,462.75,Night,0,0.12
14832,2024-07-18,38,116,Vehicles,570,503.03,Day,0,0.233
14833,2024-07-19,5,296,Chemicals,1201,558.51,Night,0,0.284
14834,2024-07-19,21,340,Raw Materials,822,487.67,Day,0,0.015
14835,2024-07-19,28,289,Machinery,1492,577.96,Day,0,0.033
14836,2024-07-19,24,255,Chemicals,562,538.82,Night,0,0.113
14837,2024-07-19,11,36,Electronics,356,466.0,Night,0,0.14
14838,2024-07-19,38,385,Textiles,1151,528.68,Night,0,0.032
14839,2024-07-19,39,105,Electronics,295,565.46,Night,0,0.096
14840,2024-07-19,28,85,Raw Materials,1438,518.49,Night,0,0.013
14841,2024-07-19,12,584,Textiles,959,657.0,Day,0,0.081
14842,2024-07-20,39,299,Chemicals,126,550.46,Day,0,0.141
14843,2024-07-20,24,259,Vehicles,308,530.35,Night,0,0.289
14844,2024-07-20,34,371,Chemicals,1023,459.35,Day,0,0.256
14845,2024-07-20,26,258,Electronics,1257,506.42,Night,0,0.041
14846,2024-07-20,33,70,Machinery,289,396.93,Night,0,0.068
14847,2024-07-20,5,44,Electronics,293,577.48,Day,0,0.169
14848,2024-07-20,42,606,Electronics,548,536.71,Night,0,0.228
14849,2024-07-20,24,375,Textiles,794,509.07,Night,0,0.045
14850,2024-07-21,14,499,Electronics,746,596.56,Day,0,0.287
14851,2024-07-21,38,620,Electronics,836,534.76,Night,0,0.233
14852,2024-07-21,3,457,Machinery,1365,501.67,Night,0,0.214
14853,2024-07-21,7,490,Machinery,727,442.79,Day,0,0.151
14854,2024-07-21,43,3,Machinery,1392,559.62,Day,0,0.043
14855,2024-07-21,4,41,Textiles,321,467.48,Night,0,0.241
14856,2024-07-22,42,7,Food,685,527.04,Day,0,0.3
14857,2024-07-22,11,461,Chemicals,119,582.86,Day,0,0.251
14858,2024-07-22,33,497,Textiles,1256,521.78,Night,0,0.292
14859,2024-07-22,39,55,Vehicles,1466,427.21,Day,0,0.129
14860,2024-07-22,23,186,Machinery,751,483.21,Day,0,0.26
14861,2024-07-22,7,320,Raw Materials,1290,531.31,Day,0,0.103
14862,2024-07-22,41,601,Textiles,1495,469.13,Day,0,0.081
14863,2024-07-22,15,572,Raw Materials,551,1928.82,Day,1,0.783
14864,2024-07-22,28,560,Chemicals,768,534.31,Day,0,0.079
14865,2024-07-23,35,623,Food,532,446.53,Day,0,0.177
14866,2024-07-23,9,215,Electronics,346,498.32,Night,0,0.298
14867,2024-07-23,30,506,Textiles,759,645.41,Night,0,0.026
14868,2024-07-23,44,631,Chemicals,543,609.61,Night,0,0.177
14869,2024-07-23,12,104,Food,329,418.86,Day,0,0.217
14870,2024-07-23,1,401,Food,474,456.83,Night,0,0.191
14871,2024-07-24,27,567,Electronics,446,505.23,Night,0,0.1
14872,2024-07-24,41,37,Chemicals,131,487.7,Day,0,0.208
14873,2024-07-24,40,182,Machinery,206,429.87,Night,0,0.062
14874,2024-07-24,10,461,Textiles,380,513.12,Night,0,0.113
14875,2024-07-24,11,552,Chemicals,1299,567.37,Night,0,0.052
14876,2024-07-24,3,576,Electronics,856,530.89,Day,0,0.009
14877,2024-07-25,29,385,Textiles,277,489.62,Day,0,0.181
14878,2024-07-25,40,434,Machinery,305,459.29,Day,0,0.14
14879,2024-07-25,10,311,Raw Materials,410,491.52,Night,0,0.29
14880,2024-07-25,45,84,Textiles,276,439.71,Day,0,0.088
14881,2024-07-25,22,49,Chemicals,252,522.97,Day,0,0.074
14882,2024-07-25,25,294,Textiles,1117,531.65,Day,0,0.247
14883,2024-07-25,25,219,Electronics,134,515.1,Night,0,0.271
14884,2024-07-25,18,522,Food,1193,508.41,Night,0,0.228
14885,2024-07-25,41,451,Electronics,1262,455.0,Day,0,0.246
14886,2024-07-25,14,204,Machinery,1170,523.95,Night,0,0.134
14887,2024-07-25,5,492,Raw Materials,1076,453.66,Night,0,0.2
14888,2024-07-26,6,108,Vehicles,1409,542.76,Night,0,0.064
14889,2024-07-26,10,491,Vehicles,969,540.17,Night,0,0.173
14890,2024-07-26,40,328,Chemicals,1150,477.72,Night,0,0.019
14891,2024-07-26,15,287,Textiles,985,506.44,Day,0,0.21
14892,2024-07-26,8,11,Raw Materials,1371,412.62,Day,0,0.228
14893,2024-07-26,32,140,Textiles,493,491.84,Day,0,0.125
14894,2024-07-26,1,343,Machinery,1381,553.91,Day,0,0.266
14895,2024-07-26,46,525,Machinery,188,592.99,Night,0,0.195
14896,2024-07-26,41,215,Food,753,488.7,Night,0,0.156
14897,2024-07-26,36,112,Machinery,1264,576.06,Night,0,0.237
14898,2024-07-26,1,34,Vehicles,207,587.39,Day,0,0.221
14899,2024-07-27,32,254,Textiles,1009,565.0,Day,0,0.055
14900,2024-07-27,42,243,Textiles,1477,532.36,Day,0,0.128
14901,2024-07-27,37,375,Chemicals,604,449.23,Night,0,0.269
14902,2024-07-27,9,169,Food,486,500.69,Day,0,0.113
14903,2024-07-27,36,229,Vehicles,410,487.86,Day,0,0.065
14904,2024-07-27,24,147,Chemicals,643,557.33,Night,0,0.24
14905,2024-07-27,33,587,Chemicals,364,504.16,Day,0,0.087
14906,2024-07-27,15,499,Machinery,1116,617.61,Day,0,0.041
14907,2024-07-27,2,560,Food,692,515.29,Night,0,0.026
14908,2024-07-28,45,228,Textiles,1435,579.79,Night,0,0.272
14909,2024-07-28,6,170,Electronics,1064,565.27,Day,0,0.079
14910,2024-07-28,24,542,Electronics,888,471.86,Day,0,0.275
14911,2024-07-28,22,466,Machinery,200,491.58,Day,0,0.069
14912,2024-07-28,21,629,Electronics,369,516.32,Night,0,0.123
14913,2024-07-28,45,170,Machinery,654,511.58,Day,0,0.194
14914,2024-07-28,21,488,Vehicles,1031,507.93,Night,0,0.255
14915,2024-07-28,42,545,Raw Materials,1054,606.6,Night,0,0.011
14916,2024-07-28,25,598,Food,304,547.3,Day,0,0.221
14917,2024-07-28,12,415,Electronics,1141,493.9,Day,0,0.203
14918,2024-07-28,37,348,Raw Materials,446,485.55,Day,0,0.207
14919,2024-07-28,23,209,Textiles,742,487.73,Day,0,0.228
14920,2024-07-29,22,299,Chemicals,1131,551.69,Night,0,0.198
14921,2024-07-29,17,575,Chemicals,834,505.41,Night,0,0.069
14922,2024-07-29,6,505,Electronics,619,505.31,Night,0,0.24
14923,2024-07-29,7,149,Textiles,715,392.12,Day,0,0.247
14924,2024-07-29,41,264,Raw Materials,109,518.11,Day,0,0.194
14925,2024-07-29,29,544,Raw Materials,464,486.6,Night,0,0.067
14926,2024-07-29,22,197,Machinery,374,530.33,Day,0,0.095
14927,2024-07-29,3,190,Electronics,760,502.32,Night,0,0.123
14928,2024-07-29,8,256,Machinery,577,452.77,Day,0,0.043
14929,2024-07-29,7,448,Electronics,624,517.45,Day,0,0.078
14930,2024-07-29,23,457,Vehicles,375,452.15,Night,0,0.209
14931,2024-07-29,14,163,Vehicles,161,439.38,Night,0,0.236
14932,2024-07-30,34,49,Food,225,459.62,Night,0,0.08
14933,2024-07-30,36,169,Vehicles,696,465.4,Night,0,0.193
14934,2024-07-30,15,454,Electronics,221,505.95,Night,0,0.036
14935,2024-07-30,42,99,Food,1298,428.61,Day,0,0.141
14936,2024-07-30,5,381,Machinery,902,453.41,Night,0,0.239
14937,2024-07-30,22,291,Chemicals,925,522.47,Day,0,0.27
14938,2024-07-31,11,235,Chemicals,1036,531.72,Day,0,0.263
14939,2024-07-31,46,281,Electronics,167,535.99,Day,0,0.083
14940,2024-07-31,2,177,Raw Materials,1341,509.52,Night,0,0.174
14941,2024-07-31,31,222,Food,797,575.95,Night,0,0.296
14942,2024-07-31,35,519,Machinery,278,524.71,Night,0,0.231
14943,2024-07-31,39,492,Vehicles,1380,532.39,Day,0,0.168
14944,2024-07-31,33,339,Food,1220,552.7,Night,0,0.12
14945,2024-07-31,30,77,Textiles,1247,547.7,Night,0,0.034
14946,2024-07-31,6,534,Electronics,481,583.4,Night,0,0.258
14947,2024-07-31,4,232,Food,647,519.3,Day,0,0.005
14948,2024-07-31,19,384,Chemicals,767,559.75,Day,0,0.188
14949,2024-07-31,19,348,Chemicals,464,539.54,Night,0,0.25
14950,2024-08-01,20,1,Electronics,1386,518.05,Day,0,0.268
14951,2024-08-01,39,625,Machinery,423,547.17,Night,0,0.115
14952,2024-08-01,32,525,Vehicles,150,484.83,Day,0,0.289
14953,2024-08-01,19,450,Vehicles,494,446.06,Night,0,0.183
14954,2024-08-01,33,337,Textiles,1070,494.24,Day,0,0.244
14955,2024-08-01,1,223,Food,126,574.43,Night,0,0.049
14956,2024-08-01,38,594,Raw Materials,1249,464.54,Day,0,0.029
14957,2024-08-01,37,109,Raw Materials,999,515.72,Day,0,0.072
14958,2024-08-01,31,521,Vehicles,119,1476.8,Day,1,0.952
14959,2024-08-01,6,593,Electronics,1289,543.93,Night,0,0.124
14960,2024-08-01,33,335,Chemicals,675,441.82,Day,0,0.049
14961,2024-08-02,18,609,Vehicles,1272,520.75,Day,0,0.198
14962,2024-08-02,44,212,Food,1361,471.68,Night,0,0.181
14963,2024-08-02,43,486,Raw Materials,685,1632.83,Day,1,0.978
14964,2024-08-02,28,353,Machinery,575,499.49,Night,0,0.026
14965,2024-08-02,39,634,Machinery,1403,609.08,Night,0,0.083
14966,2024-08-02,15,430,Electronics,201,429.79,Night,0,0.144
14967,2024-08-02,8,490,Electronics,262,418.88,Night,0,0.206
14968,2024-08-03,27,392,Textiles,1282,508.91,Night,0,0.06
14969,2024-08-03,35,487,Textiles,1030,532.16,Day,0,0.12
14970,2024-08-03,34,288,Vehicles,413,564.12,Day,0,0.034
14971,2024-08-03,22,385,Electronics,1357,590.26,Day,0,0.29
14972,2024-08-03,20,409,Raw Materials,1020,510.36,Day,0,0.202
14973,2024-08-03,18,269,Food,295,526.86,Night,0,0.298
14974,2024-08-03,1,542,Food,884,481.22,Day,0,0.071
14975,2024-08-03,38,173,Electronics,1302,519.46,Day,0,0.033
14976,2024-08-03,40,54,Machinery,1007,525.15,Night,0,0.15
14977,2024-08-03,4,208,Machinery,1411,568.23,Day,0,0.027
14978,2024-08-03,33,590,Vehicles,1463,517.92,Day,0,0.275
14979,2024-08-04,10,427,Food,1306,547.24,Night,0,0.097
14980,2024-08-04,27,527,Raw Materials,792,537.49,Day,0,0.097
14981,2024-08-04,29,407,Raw Materials,432,474.28,Night,0,0.058
14982,2024-08-04,3,258,Raw Materials,888,548.99,Night,0,0.159
14983,2024-08-04,4,234,Electronics,827,523.53,Day,0,0.17
14984,2024-08-04,33,351,Textiles,629,523.39,Night,0,0.226
14985,2024-08-04,33,42,Textiles,541,583.27,Day,0,0.166
14986,2024-08-04,35,470,Food,891,511.73,Night,0,0.069
14987,2024-08-04,37,530,Chemicals,548,553.59,Day,0,0.133
14988,2024-08-05,4,21,Vehicles,230,467.42,Night,0,0.221
14989,2024-08-05,31,454,Raw Materials,1144,542.94,Night,0,0.031
14990,2024-08-05,34,207,Chemicals,1459,527.95,Night,0,0.01
14991,2024-08-05,14,546,Machinery,1288,556.55,Day,0,0.027
14992,2024-08-05,39,115,Machinery,917,450.33,Day,0,0.067
14993,2024-08-05,8,35,Electronics,1396,543.74,Day,0,0.179
14994,2024-08-05,13,323,Electronics,326,501.2,Night,0,0.134
14995,2024-08-05,45,214,Vehicles,1292,470.16,Day,0,0.118
14996,2024-08-05,43,585,Raw Materials,874,1464.32,Day,1,0.945
14997,2024-08-05,20,167,Vehicles,895,544.34,Day,0,0.097
14998,2024-08-06,21,600,Raw Materials,362,561.34,Night,0,0.199
14999,2024-08-06,38,31,Textiles,191,536.57,Night,0,0.164
15000,2024-08-06,7,259,Textiles,151,539.32,Day,0,0.231
15001,2024-08-06,5,141,Electronics,562,448.95,Night,0,0.164
15002,2024-08-06,43,574,Electronics,780,532.69,Day,0,0.094
15003,2024-08-06,41,89,Textiles,197,454.05,Night,0,0.17
15004,2024-08-07,19,487,Machinery,668,475.29,Night,0,0.066
15005,2024-08-07,31,152,Machinery,678,472.69,Day,0,0.24
15006,2024-08-07,29,401,Electronics,685,592.74,Day,0,0.019
15007,2024-08-07,22,200,Electronics,619,559.47,Day,0,0.033
15008,2024-08-07,44,219,Machinery,1382,559.94,Day,0,0.298
15009,2024-08-07,9,521,Food,263,469.96,Night,0,0.127
15010,2024-08-07,13,488,Chemicals,309,562.79,Night,0,0.264
15011,2024-08-07,37,202,Vehicles,413,407.73,Day,0,0.205
15012,2024-08-07,20,29,Textiles,534,475.51,Day,0,0.127
15013,2024-08-07,11,364,Electronics,1019,1370.32,Day,1,0.857
15014,2024-08-07,44,471,Machinery,1044,394.83,Night,0,0.26
15015,2024-08-07,41,476,Food,891,1457.45,Night,1,0.975
15016,2024-08-08,4,634,Textiles,859,1135.24,Night,1,0.733
15017,2024-08-08,43,207,Vehicles,388,438.72,Day,0,0.063
15018,2024-08-08,36,277,Vehicles,1187,514.88,Night,0,0.152
15019,2024-08-08,1,269,Chemicals,1473,494.92,Night,0,0.021
15020,2024-08-08,41,408,Machinery,447,387.33,Night,0,0.134
15021,2024-08-08,11,54,Raw Materials,1327,556.8,Day,0,0.113
15022,2024-08-09,3,499,Textiles,636,516.16,Night,0,0.108
15023,2024-08-09,14,593,Electronics,271,464.57,Night,0,0.085
15024,2024-08-09,29,524,Food,114,547.05,Day,0,0.054
15025,2024-08-09,19,347,Food,295,441.05,Night,0,0.141
15026,2024-08-09,32,206,Chemicals,874,473.49,Night,0,0.012
15027,2024-08-09,39,622,Textiles,551,517.16,Night,0,0.177
15028,2024-08-09,6,593,Machinery,352,524.43,Day,0,0.187
15029,2024-08-09,37,159,Electronics,253,527.02,Night,0,0.177
15030,2024-08-09,19,313,Vehicles,531,485.0,Day,0,0.124
15031,2024-08-09,24,598,Chemicals,552,545.1,Night,0,0.202
15032,2024-08-10,33,633,Raw Materials,1405,505.64,Night,0,0.023
15033,2024-08-10,18,291,Raw Materials,984,497.84,Night,0,0.192
15034,2024-08-10,2,498,Chemicals,377,544.88,Night,0,0.105
15035,2024-08-10,37,228,Electronics,877,482.77,Day,0,0.149
15036,2024-08-10,32,409,Food,1338,572.89,Day,0,0.157
15037,2024-08-10,6,167,Machinery,1339,575.51,Day,0,0.013
15038,2024-08-10,44,518,Vehicles,1401,507.02,Day,0,0.297
15039,2024-08-10,45,498,Raw Materials,1007,506.88,Night,0,0.05
15040,2024-08-10,5,599,Vehicles,1443,544.52,Night,0,0.23
15041,2024-08-10,5,46,Electronics,233,496.9,Day,0,0.265
15042,2024-08-10,1,373,Raw Materials,664,552.71,Day,0,0.181
15043,2024-08-10,11,133,Electronics,653,539.55,Day,0,0.198
15044,2024-08-11,23,203,Vehicles,1036,544.34,Day,0,0.145
15045,2024-08-11,1,366,Textiles,810,590.26,Day,0,0.103
15046,2024-08-11,2,294,Food,1201,422.97,Night,0,0.096
15047,2024-08-11,20,134,Electronics,386,568.69,Day,0,0.172
15048,2024-08-11,44,59,Vehicles,753,542.16,Night,0,0.03
15049,2024-08-11,11,423,Vehicles,1036,478.75,Night,0,0.18
15050,2024-08-11,3,481,Electronics,479,514.77,Day,0,0.156
15051,2024-08-11,23,345,Raw Materials,609,542.09,Day,0,0.277
15052,2024-08-11,4,116,Chemicals,587,556.43,Day,0,0.143
15053,2024-08-11,29,395,Machinery,671,568.0,Night,0,0.042
15054,2024-08-11,14,33,Textiles,349,378.71,Night,0,0.281
15055,2024-08-11,17,367,Vehicles,655,489.4,Night,0,0.204
15056,2024-08-12,25,68,Vehicles,961,509.94,Day,0,0.054
15057,2024-08-12,26,198,Chemicals,865,592.24,Day,0,0.116
15058,2024-08-12,29,475,Chemicals,1344,551.83,Night,0,0.142
15059,2024-08-12,9,448,Machinery,196,497.08,Day,0,0.185
15060,2024-08-12,15,310,Vehicles,235,520.05,Day,0,0.23
15061,2024-08-12,27,169,Textiles,1472,613.54,Day,0,0.156
15062,2024-08-12,31,429,Textiles,1017,521.44,Day,0,0.193
15063,2024-08-13,45,118,Chemicals,552,466.3,Day,0,0.15
15064,2024-08-13,33,286,Textiles,1056,527.68,Day,0,0.007
15065,2024-08-13,10,298,Raw Materials,244,448.81,Night,0,0.281
15066,2024-08-13,16,71,Textiles,1039,461.34,Night,0,0.214
15067,2024-08-13,43,427,Machinery,1268,453.84,Day,0,0.201
15068,2024-08-13,3,587,Vehicles,1131,516.48,Day,0,0.28
15069,2024-08-13,19,592,Machinery,1027,495.78,Day,0,0.12
15070,2024-08-13,16,24,Textiles,1437,533.53,Day,0,0.185
15071,2024-08-13,24,450,Food,959,509.29,Day,0,0.114
15072,2024-08-13,33,374,Vehicles,303,458.56,Day,0,0.053
15073,2024-08-14,5,284,Food,376,504.45,Day,0,0.015
15074,2024-08-14,12,344,Machinery,830,484.68,Day,0,0.184
15075,2024-08-14,18,184,Electronics,784,504.07,Day,0,0.149
15076,2024-08-14,18,344,Electronics,1499,515.61,Night,0,0.164
15077,2024-08-14,7,612,Textiles,1231,617.74,Day,0,0.232
15078,2024-08-14,18,24,Machinery,1039,511.49,Night,0,0.256
15079,2024-08-14,43,636,Raw Materials,765,1078.61,Day,1,0.794
15080,2024-08-14,33,593,Machinery,169,592.76,Day,0,0.288
15081,2024-08-14,36,571,Food,597,523.35,Night,0,0.095
15082,2024-08-15,37,298,Machinery,809,537.89,Night,0,0.224
15083,2024-08-15,17,100,Vehicles,1491,1277.67,Day,1,0.88
15084,2024-08-15,19,234,Chemicals,1369,558.35,Night,0,0.017
15085,2024-08-15,21,415,Vehicles,1395,608.11,Day,0,0.053
15086,2024-08-15,10,499,Chemicals,1160,488.27,Night,0,0.001
15087,2024-08-15,46,410,Electronics,1055,593.36,Night,0,0.294
15088,2024-08-15,23,560,Chemicals,1377,495.83,Day,0,0.158
15089,2024-08-15,45,520,Chemicals,1417,1183.67,Night,1,0.929
15090,2024-08-16,19,91,Chemicals,401,485.74,Night,0,0.064
15091,2024-08-16,24,362,Food,825,533.63,Night,0,0.005
15092,2024-08-16,15,248,Chemicals,1090,545.92,Day,0,0.153
15093,2024-08-16,18,389,Textiles,580,499.14,Day,0,0.268
15094,2024-08-16,33,292,Raw Materials,1109,438.98,Night,0,0.277
15095,2024-08-16,38,313,Raw Materials,742,419.68,Day,0,0.238
15096,2024-08-16,7,104,Vehicles,1096,480.8,Day,0,0.165
15097,2024-08-16,6,177,Electronics,880,460.7,Night,0,0.247
15098,2024-08-16,18,545,Raw Materials,375,495.08,Day,0,0.085
15099,2024-08-16,9,166,Raw Materials,1461,2093.4,Day,1,0.895
15100,2024-08-16,32,463,Food,923,441.41,Night,0,0.038
15101,2024-08-17,39,224,Machinery,455,619.34,Night,0,0.159
15102,2024-08-17,10,114,Food,246,564.61,Night,0,0.232
15103,2024-08-17,39,502,Food,461,515.57,Day,0,0.059
15104,2024-08-17,36,554,Raw Materials,116,509.44,Night,0,0.28
15105,2024-08-17,32,605,Electronics,533,604.55,Day,0,0.245
15106,2024-08-17,4,288,Chemicals,135,483.89,Night,0,0.207
15107,2024-08-17,27,101,Vehicles,1480,481.79,Night,0,0.232
15108,2024-08-17,40,364,Machinery,730,596.17,Night,0,0.08
15109,2024-08-17,16,254,Raw Materials,815,656.35,Night,0,0.26
15110,2024-08-18,43,72,Food,381,515.71,Day,0,0.158
15111,2024-08-18,9,176,Vehicles,1058,521.82,Day,0,0.138
15112,2024-08-18,46,155,Vehicles,569,443.11,Day,0,0.15
15113,2024-08-18,12,533,Electronics,1477,511.29,Day,0,0.297
15114,2024-08-18,12,170,Vehicles,955,493.94,Night,0,0.251
15115,2024-08-18,8,606,Raw Materials,145,491.06,Day,0,0.211
15116,2024-08-18,37,310,Chemicals,404,480.95,Night,0,0.07
15117,2024-08-18,27,118,Machinery,940,520.8,Night,0,0.217
15118,2024-08-18,36,564,Electronics,253,483.49,Day,0,0.089
15119,2024-08-18,15,292,Electronics,744,534.04,Night,0,0.202
15120,2024-08-18,45,598,Machinery,1248,562.04,Day,0,0.284
15121,2024-08-18,10,66,Raw Materials,1151,523.67,Day,0,0.07
15122,2024-08-19,42,618,Textiles,1221,521.76,Day,0,0.256
15123,2024-08-19,13,492,Raw Materials,750,504.34,Night,0,0.065
15124,2024-08-19,19,303,Food,802,555.31,Day,0,0.18
15125,2024-08-19,41,422,Textiles,736,507.95,Day,0,0.222
15126,2024-08-19,16,61,Chemicals,311,1289.56,Night,1,0.942
15127,2024-08-19,34,622,Raw Materials,852,582.24,Night,0,0.25
15128,2024-08-19,21,32,Machinery,976,492.19,Night,0,0.098
15129,2024-08-20,18,303,Food,897,451.91,Day,0,0.047
15130,2024-08-20,12,157,Raw Materials,1324,514.41,Night,0,0.193
15131,2024-08-20,22,401,Food,1065,448.53,Day,0,0.199
15132,2024-08-20,17,587,Machinery,1106,582.47,Day,0,0.063
15133,2024-08-20,13,587,Electronics,127,540.12,Day,0,0.117
15134,2024-08-20,32,632,Vehicles,303,607.5,Day,0,0.25
15135,2024-08-20,10,286,Food,1059,505.2,Night,0,0.005
15136,2024-08-20,27,104,Electronics,1172,495.86,Night,0,0.088
15137,2024-08-20,34,452,Raw Materials,1475,511.54,Day,0,0.172
15138,2024-08-20,3,543,Raw Materials,426,526.12,Night,0,0.038
15139,2024-08-20,28,188,Food,1410,534.68,Day,0,0.004
15140,2024-08-20,26,171,Textiles,1157,507.6,Day,0,0.008
15141,2024-08-21,3,619,Chemicals,235,611.38,Night,0,0.274
15142,2024-08-21,18,551,Textiles,498,539.27,Night,0,0.145
15143,2024-08-21,16,316,Textiles,1447,529.1,Night,0,0.174
15144,2024-08-21,1,5,Machinery,1228,461.31,Night,0,0.17
15145,2024-08-21,8,102,Raw Materials,904,464.42,Day,0,0.003
15146,2024-08-21,13,193,Electronics,1001,481.17,Day,0,0.037
15147,2024-08-21,12,218,Machinery,1140,424.61,Night,0,0.19
15148,2024-08-21,34,508,Raw Materials,443,521.89,Day,0,0.298
15149,2024-08-22,29,599,Textiles,696,556.82,Night,0,0.157
15150,2024-08-22,12,207,Raw Materials,794,577.25,Night,0,0.201
15151,2024-08-22,21,292,Electronics,133,500.17,Day,0,0.232
15152,2024-08-22,17,375,Chemicals,1477,545.46,Day,0,0.263
15153,2024-08-22,29,134,Textiles,558,595.29,Night,0,0.171
15154,2024-08-22,21,355,Vehicles,674,539.02,Day,0,0.027
15155,2024-08-22,12,614,Food,193,533.21,Day,0,0.21
15156,2024-08-22,26,478,Food,980,551.44,Day,0,0.117
15157,2024-08-22,23,249,Machinery,1322,569.51,Night,0,0.185
15158,2024-08-22,34,192,Chemicals,895,465.36,Day,0,0.068
15159,2024-08-22,25,323,Textiles,103,455.04,Day,0,0.088
15160,2024-08-23,2,91,Chemicals,912,485.95,Night,0,0.005
15161,2024-08-23,11,480,Raw Materials,286,571.42,Day,0,0.132
15162,2024-08-23,37,341,Machinery,1492,422.22,Night,0,0.087
15163,2024-08-23,10,286,Vehicles,1374,458.29,Night,0,0.144
15164,2024-08-23,42,437,Vehicles,993,481.31,Day,0,0.028
15165,2024-08-23,24,55,Raw Materials,337,473.59,Day,0,0.031
15166,2024-08-23,38,504,Food,865,463.81,Day,0,0.139
15167,2024-08-23,8,15,Vehicles,1247,538.98,Night,0,0.284
15168,2024-08-23,9,109,Textiles,1369,1092.89,Night,1,0.955
15169,2024-08-23,38,102,Electronics,617,475.53,Night,0,0.146
15170,2024-08-23,27,93,Textiles,410,463.11,Day,0,0.188
15171,2024-08-24,34,84,Chemicals,982,452.18,Day,0,0.184
15172,2024-08-24,10,617,Electronics,594,479.1,Night,0,0.16
15173,2024-08-24,10,15,Chemicals,1175,495.4,Day,0,0.072
15174,2024-08-24,9,44,Machinery,1428,532.89,Night,0,0.226
15175,2024-08-24,12,287,Textiles,570,515.02,Day,0,0.131
15176,2024-08-24,37,146,Electronics,918,454.44,Night,0,0.078
15177,2024-08-25,42,358,Electronics,439,604.84,Night,0,0.127
15178,2024-08-25,38,451,Chemicals,552,522.31,Day,0,0.183
15179,2024-08-25,17,347,Electronics,427,541.08,Night,0,0.237
15180,2024-08-25,30,159,Electronics,1448,474.31,Day,0,0.029
15181,2024-08-25,17,159,Raw Materials,1193,552.8,Night,0,0.218
15182,2024-08-25,10,141,Raw Materials,108,603.1,Day,0,0.184
15183,2024-08-25,31,405,Textiles,207,547.42,Day,0,0.077
15184,2024-08-26,27,384,Electronics,221,541.31,Night,0,0.04
15185,2024-08-26,11,469,Food,280,398.44,Night,0,0.298
15186,2024-08-26,7,584,Textiles,1007,485.91,Day,0,0.202
15187,2024-08-26,15,452,Machinery,130,433.89,Day,0,0.111
15188,2024-08-26,5,317,Electronics,1058,481.34,Night,0,0.125
15189,2024-08-26,5,547,Textiles,762,473.51,Night,0,0.228
15190,2024-08-26,7,263,Chemicals,1079,499.87,Day,0,0.045
15191,2024-08-26,46,466,Food,1195,1778.3,Day,1,0.924
15192,2024-08-26,3,275,Food,942,479.78,Night,0,0.279
15193,2024-08-26,16,625,Vehicles,275,584.73,Night,0,0.004
15194,2024-08-26,5,135,Chemicals,1069,445.87,Night,0,0.252
15195,2024-08-26,32,612,Electronics,1063,506.68,Night,0,0.276
15196,2024-08-27,1,91,Electronics,1034,494.74,Day,0,0.259
15197,2024-08-27,24,397,Machinery,876,422.63,Night,0,0.271
15198,2024-08-27,36,104,Food,1288,500.36,Day,0,0.135
15199,2024-08-27,28,458,Electronics,192,566.38,Day,0,0.205
15200,2024-08-27,28,382,Raw Materials,1328,560.98,Day,0,0.141
15201,2024-08-27,7,159,Textiles,911,493.13,Night,0,0.106
15202,2024-08-27,1,398,Vehicles,944,549.56,Night,0,0.231
15203,2024-08-27,6,497,Chemicals,330,1239.98,Night,1,0.979
15204,2024-08-27,29,312,Chemicals,1364,481.61,Day,0,0.043
15205,2024-08-27,5,285,Vehicles,522,474.76,Night,0,0.293
15206,2024-08-28,21,310,Machinery,711,529.31,Day,0,0.075
15207,2024-08-28,18,565,Chemicals,699,1072.89,Day,1,0.873
15208,2024-08-28,9,401,Food,1334,522.11,Night,0,0.003
15209,2024-08-28,7,1,Raw Materials,965,503.99,Night,0,0.238
15210,2024-08-28,2,173,Machinery,1317,419.03,Day,0,0.252
15211,2024-08-28,40,103,Raw Materials,1264,458.0,Night,0,0.259
15212,2024-08-28,12,622,Vehicles,915,535.13,Day,0,0.018
15213,2024-08-29,39,39,Raw Materials,1332,507.17,Night,0,0.189
15214,2024-08-29,28,440,Electronics,619,500.66,Night,0,0.082
15215,2024-08-29,31,53,Machinery,1141,549.36,Night,0,0.012
15216,2024-08-29,42,103,Raw Materials,676,489.25,Night,0,0.125
15217,2024-08-29,46,380,Machinery,417,578.37,Night,0,0.048
15218,2024-08-29,23,25,Chemicals,177,432.58,Night,0,0.028
15219,2024-08-29,26,478,Textiles,697,481.42,Day,0,0.109
15220,2024-08-29,9,338,Vehicles,1466,497.09,Night,0,0.242
15221,2024-08-29,15,386,Vehicles,930,519.73,Day,0,0.229
15222,2024-08-29,29,353,Vehicles,1182,495.25,Day,0,0.129
15223,2024-08-29,23,41,Chemicals,1306,421.42,Night,0,0.063
15224,2024-08-30,40,501,Vehicles,120,484.04,Night,0,0.177
15225,2024-08-30,8,2,Textiles,1098,495.64,Night,0,0.173
15226,2024-08-30,30,504,Electronics,801,565.95,Day,0,0.126
15227,2024-08-30,13,156,Electronics,1191,531.46,Night,0,0.097
15228,2024-08-30,24,120,Machinery,727,538.36,Night,0,0.277
15229,2024-08-30,34,531,Electronics,181,572.65,Day,0,0.278
15230,2024-08-30,40,176,Electronics,449,457.98,Day,0,0.143
15231,2024-08-31,27,63,Chemicals,636,538.35,Day,0,0.137
15232,2024-08-31,40,282,Vehicles,238,475.3,Night,0,0.068
15233,2024-08-31,14,387,Vehicles,879,566.5,Day,0,0.062
15234,2024-08-31,15,82,Chemicals,1068,498.11,Night,0,0.275
15235,2024-08-31,9,341,Vehicles,559,505.77,Night,0,0.196
15236,2024-08-31,22,628,Raw Materials,1444,443.21,Day,0,0.136
15237,2024-08-31,1,209,Food,263,1645.57,Day,1,0.824
15238,2024-08-31,10,49,Electronics,1051,507.03,Day,0,0.15
15239,2024-08-31,16,278,Vehicles,151,512.85,Day,0,0.191
15240,2024-08-31,9,289,Raw Materials,620,506.26,Night,0,0.055
15241,2024-08-31,22,271,Machinery,866,494.17,Day,0,0.121
15242,2024-08-31,40,597,Food,101,488.85,Night,0,0.276
15243,2024-09-01,30,255,Machinery,1369,383.23,Night,0,0.279
15244,2024-09-01,2,585,Food,1121,486.83,Day,0,0.012
15245,2024-09-01,2,57,Chemicals,441,517.27,Night,0,0.231
15246,2024-09-01,27,341,Food,530,509.39,Night,0,0.256
15247,2024-09-01,11,627,Food,582,462.21,Night,0,0.042
15248,2024-09-01,43,228,Electronics,1476,450.72,Night,0,0.078
15249,2024-09-01,13,580,Electronics,340,521.9,Night,0,0.224
15250,2024-09-02,13,209,Vehicles,230,436.37,Day,0,0.235
15251,2024-09-02,14,292,Textiles,1145,536.47,Day,0,0.228
15252,2024-09-02,10,430,Electronics,289,568.87,Day,0,0.251
15253,2024-09-02,38,278,Raw Materials,1272,508.24,Day,0,0.224
15254,2024-09-02,27,611,Chemicals,1417,496.45,Day,0,0.064
15255,2024-09-02,38,3,Machinery,1130,494.01,Night,0,0.059
15256,2024-09-02,8,82,Raw Materials,531,544.09,Day,0,0.194
15257,2024-09-02,37,214,Raw Materials,905,507.83,Day,0,0.028
15258,2024-09-03,23,138,Machinery,724,392.61,Night,0,0.225
15259,2024-09-03,31,446,Food,1152,473.24,Night,0,0.023
15260,2024-09-03,5,468,Food,1491,518.05,Day,0,0.106
15261,2024-09-03,25,444,Food,1097,432.62,Night,0,0.018
15262,2024-09-03,4,193,Food,328,528.9,Day,0,0.224
15263,2024-09-03,5,13,Food,521,528.58,Day,0,0.124
15264,2024-09-03,13,232,Machinery,1109,576.87,Day,0,0.066
15265,2024-09-03,6,61,Vehicles,351,469.34,Night,0,0.151
15266,2024-09-04,6,590,Chemicals,834,491.45,Day,0,0.254
15267,2024-09-04,36,221,Machinery,467,486.53,Day,0,0.197
15268,2024-09-04,39,171,Chemicals,177,385.83,Day,0,0.111
15269,2024-09-04,31,470,Food,297,524.21,Day,0,0.224
15270,2024-09-04,15,535,Textiles,964,532.08,Night,0,0.272
15271,2024-09-04,32,265,Raw Materials,1282,503.69,Night,0,0.095
15272,2024-09-04,21,138,Vehicles,608,458.29,Day,0,0.171
15273,2024-09-04,44,262,Raw Materials,606,472.2,Day,0,0.159
15274,2024-09-04,41,44,Machinery,878,543.72,Day,0,0.293
15275,2024-09-04,41,477,Food,206,460.6,Night,0,0.265
15276,2024-09-05,39,526,Chemicals,856,555.77,Night,0,0.269
15277,2024-09-05,24,165,Vehicles,573,522.9,Day,0,0.06
15278,2024-09-05,11,292,Vehicles,458,568.79,Day,0,0.275
15279,2024-09-05,9,51,Textiles,204,926.83,Night,1,0.858
15280,2024-09-05,46,348,Raw Materials,1376,1253.86,Day,1,0.705
15281,2024-09-05,36,415,Electronics,430,483.8,Day,0,0.107
15282,2024-09-05,17,132,Electronics,1243,465.28,Day,0,0.041
15283,2024-09-05,40,609,Machinery,903,509.03,Day,0,0.171
15284,2024-09-06,4,529,Machinery,1289,464.43,Day,0,0.066
15285,2024-09-06,31,115,Food,324,593.87,Night,0,0.236
15286,2024-09-06,21,433,Textiles,591,1120.55,Night,1,0.753
15287,2024-09-06,46,224,Textiles,694,489.79,Day,0,0.277
15288,2024-09-06,26,232,Food,1194,500.29,Day,0,0.268
15289,2024-09-06,6,416,Machinery,681,498.27,Night,0,0.16
15290,2024-09-06,18,50,Machinery,1003,509.99,Night,0,0.236
15291,2024-09-06,32,127,Raw Materials,452,545.93,Night,0,0.27
15292,2024-09-07,6,634,Machinery,442,585.57,Day,0,0.298
15293,2024-09-07,33,112,Machinery,831,531.47,Day,0,0.138
15294,2024-09-07,22,494,Textiles,1482,477.47,Day,0,0.263
15295,2024-09-07,4,581,Machinery,220,532.55,Day,0,0.03
15296,2024-09-07,29,79,Raw Materials,302,452.58,Night,0,0.041
15297,2024-09-07,20,624,Machinery,1325,624.35,Day,0,0.038
15298,2024-09-08,11,281,Textiles,1124,544.95,Night,0,0.175
15299,2024-09-08,29,567,Electronics,923,530.6,Night,0,0.115
15300,2024-09-08,9,540,Vehicles,570,498.51,Night,0,0.073
15301,2024-09-08,6,595,Machinery,693,607.11,Day,0,0.217
15302,2024-09-08,32,404,Textiles,389,482.41,Day,0,0.116
15303,2024-09-08,42,295,Electronics,407,527.27,Day,0,0.065
15304,2024-09-08,35,28,Raw Materials,1487,484.68,Day,0,0.079
15305,2024-09-08,20,163,Food,1415,470.28,Night,0,0.176
15306,2024-09-08,31,530,Electronics,870,533.78,Day,0,0.29
15307,2024-09-08,41,163,Food,816,517.19,Day,0,0.255
15308,2024-09-08,1,277,Vehicles,1103,456.08,Night,0,0.237
15309,2024-09-09,2,551,Chemicals,802,1602.77,Night,1,0.979
15310,2024-09-09,38,336,Machinery,1112,518.92,Night,0,0.246
15311,2024-09-09,10,494,Textiles,1384,607.91,Day,0,0.126
15312,2024-09-09,28,5,Food,657,517.8,Day,0,0.27
15313,2024-09-09,24,459,Vehicles,479,437.49,Night,0,0.034
15314,2024-09-09,35,444,Chemicals,460,510.23,Day,0,0.15
15315,2024-09-09,10,599,Raw Materials,766,470.41,Day,0,0.224
15316,2024-09-09,31,427,Machinery,194,510.35,Night,0,0.3
15317,2024-09-09,3,435,Machinery,613,601.44,Day,0,0.098
15318,2024-09-09,42,345,Raw Materials,729,525.88,Day,0,0.052
15319,2024-09-09,20,109,Electronics,1415,552.75,Night,0,0.202
15320,2024-09-09,21,605,Vehicles,589,514.47,Day,0,0.126
15321,2024-09-10,35,332,Vehicles,466,509.11,Night,0,0.292
15322,2024-09-10,20,327,Vehicles,889,497.18,Day,0,0.039
15323,2024-09-10,25,141,Food,1366,464.78,Night,0,0.054
15324,2024-09-10,15,151,Electronics,634,535.8,Day,0,0.059
15325,2024-09-10,20,547,Vehicles,1458,539.21,Day,0,0.177
15326,2024-09-10,7,312,Machinery,1167,473.95,Night,0,0.155
15327,2024-09-10,21,470,Electronics,257,504.67,Night,0,0.168
15328,2024-09-10,18,569,Electronics,115,477.73,Night,0,0.274
15329,2024-09-10,28,77,Textiles,472,517.19,Night,0,0.266
15330,2024-09-10,24,430,Raw Materials,624,485.93,Night,0,0.273
15331,2024-09-10,11,436,Vehicles,859,550.75,Day,0,0.223
15332,2024-09-10,13,316,Chemicals,1443,472.85,Night,0,0.046
15333,2024-09-11,19,387,Textiles,524,570.43,Night,0,0.04
15334,2024-09-11,7,94,Machinery,1273,546.71,Day,0,0.036
15335,2024-09-11,44,149,Machinery,495,1144.86,Night,1,0.985
15336,2024-09-11,16,312,Electronics,517,453.87,Day,0,0.172
15337,2024-09-11,38,468,Machinery,1492,481.59,Day,0,0.126
15338,2024-09-11,6,288,Textiles,596,513.15,Night,0,0.006
15339,2024-09-11,12,628,Raw Materials,1309,494.89,Day,0,0.255
15340,2024-09-11,35,85,Chemicals,1156,525.65,Day,0,0.221
15341,2024-09-12,41,280,Textiles,360,489.67,Night,0,0.283
15342,2024-09-12,19,603,Textiles,1163,499.3,Day,0,0.115
15343,2024-09-12,15,442,Machinery,1405,507.81,Day,0,0.195
15344,2024-09-12,12,114,Machinery,404,523.65,Day,0,0.025
15345,2024-09-12,32,553,Food,1398,547.17,Night,0,0.045
15346,2024-09-12,36,478,Vehicles,400,534.86,Night,0,0.042
15347,2024-09-12,30,230,Chemicals,998,440.27,Night,0,0.068
15348,2024-09-13,8,224,Machinery,1217,473.1,Night,0,0.167
15349,2024-09-13,9,156,Food,570,491.51,Day,0,0.247
15350,2024-09-13,27,29,Electronics,611,538.64,Day,0,0.287
15351,2024-09-13,21,21,Electronics,540,481.38,Day,0,0.297
15352,2024-09-13,23,628,Chemicals,1035,552.86,Day,0,0.069
15353,2024-09-13,27,464,Machinery,161,558.75,Night,0,0.28
15354,2024-09-14,12,35,Textiles,224,445.79,Night,0,0.154
15355,2024-09-14,34,494,Electronics,770,518.39,Day,0,0.116
15356,2024-09-14,16,636,Vehicles,599,565.19,Day,0,0.024
15357,2024-09-14,12,89,Vehicles,1309,563.79,Night,0,0.198
15358,2024-09-14,23,202,Raw Materials,143,538.81,Day,0,0.157
15359,2024-09-14,24,512,Machinery,210,490.59,Night,0,0.004
15360,2024-09-14,36,405,Machinery,550,506.51,Day,0,0.202
15361,2024-09-14,9,1,Machinery,628,565.95,Day,0,0.291
15362,2024-09-15,41,492,Raw Materials,721,533.22,Night,0,0.107
15363,2024-09-15,6,625,Electronics,1362,485.23,Night,0,0.241
15364,2024-09-15,24,605,Machinery,1141,582.47,Day,0,0.084
15365,2024-09-15,42,242,Raw Materials,491,509.82,Night,0,0.234
15366,2024-09-15,44,198,Vehicles,1293,502.38,Day,0,0.129
15367,2024-09-15,41,395,Electronics,1122,464.48,Day,0,0.167
15368,2024-09-15,28,47,Raw Materials,521,898.58,Night,1,0.953
15369,2024-09-15,15,579,Textiles,336,567.4,Night,0,0.116
15370,2024-09-15,34,312,Chemicals,444,556.08,Day,0,0.061
15371,2024-09-15,3,504,Electronics,202,461.61,Day,0,0.237
15372,2024-09-16,24,399,Chemicals,423,513.09,Night,0,0.3
15373,2024-09-16,14,522,Food,210,530.69,Day,0,0.298
15374,2024-09-16,1,633,Food,809,522.4,Day,0,0.062
15375,2024-09-16,40,594,Food,639,548.09,Night,0,0.211
15376,2024-09-16,3,345,Machinery,883,584.44,Night,0,0.111
15377,2024-09-16,3,50,Machinery,513,441.3,Day,0,0.008
15378,2024-09-16,20,55,Vehicles,420,581.12,Day,0,0.115
15379,2024-09-17,20,596,Machinery,797,584.73,Day,0,0.288
15380,2024-09-17,27,249,Machinery,262,409.14,Night,0,0.023
15381,2024-09-17,29,526,Machinery,809,1848.07,Night,1,0.992
15382,2024-09-17,28,454,Electronics,911,611.1,Day,0,0.253
15383,2024-09-17,26,586,Textiles,959,602.15,Night,0,0.132
15384,2024-09-17,3,466,Food,341,426.2,Day,0,0.252
15385,2024-09-17,20,263,Chemicals,1061,461.37,Night,0,0.237
15386,2024-09-17,10,177,Chemicals,1074,538.9,Day,0,0.195
15387,2024-09-17,29,487,Raw Materials,745,456.37,Night,0,0.233
15388,2024-09-18,5,238,Electronics,1446,520.07,Day,0,0.218
15389,2024-09-18,32,329,Raw Materials,1174,438.82,Night,0,0.004
15390,2024-09-18,29,175,Textiles,1213,542.49,Day,0,0.171
15391,2024-09-18,14,630,Raw Materials,363,526.76,Night,0,0.269
15392,2024-09-18,32,426,Vehicles,1471,510.06,Day,0,0.255
15393,2024-09-18,23,459,Vehicles,261,523.36,Night,0,0.259
15394,2024-09-18,1,344,Textiles,240,525.62,Night,0,0.245
15395,2024-09-18,15,521,Food,746,516.59,Day,0,0.269
15396,2024-09-18,41,442,Electronics,208,534.06,Night,0,0.244
15397,2024-09-18,1,180,Chemicals,135,535.55,Night,0,0.137
15398,2024-09-19,41,518,Machinery,589,504.06,Day,0,0.131
15399,2024-09-19,38,390,Electronics,1002,554.06,Night,0,0.189
15400,2024-09-19,18,617,Textiles,720,432.06,Day,0,0.24
15401,2024-09-19,30,489,Food,587,530.24,Day,0,0.087
15402,2024-09-19,18,134,Textiles,151,532.31,Day,0,0.04
15403,2024-09-19,36,499,Chemicals,948,435.9,Night,0,0.13
15404,2024-09-19,37,561,Textiles,694,413.79,Day,0,0.153
15405,2024-09-19,32,76,Food,166,526.18,Day,0,0.105
15406,2024-09-20,44,560,Vehicles,1341,643.16,Day,0,0.275
15407,2024-09-20,17,186,Food,859,432.69,Night,0,0.113
15408,2024-09-20,10,39,Textiles,1340,521.41,Day,0,0.169
15409,2024-09-20,16,263,Raw Materials,1296,532.46,Night,0,0.25
15410,2024-09-20,24,90,Textiles,561,1359.46,Day,1,0.973
15411,2024-09-20,12,472,Textiles,883,567.68,Day,0,0.056
15412,2024-09-20,21,308,Vehicles,494,511.11,Night,0,0.182
15413,2024-09-20,39,128,Electronics,1309,451.28,Night,0,0.036
15414,2024-09-20,13,245,Vehicles,1293,434.87,Night,0,0.08
15415,2024-09-21,6,47,Chemicals,311,392.12,Night,0,0.224
15416,2024-09-21,10,62,Raw Materials,1292,1711.82,Day,1,0.891
15417,2024-09-21,15,486,Raw Materials,1264,516.47,Night,0,0.06
15418,2024-09-21,42,218,Raw Materials,251,491.14,Night,0,0.094
15419,2024-09-21,7,212,Chemicals,1448,432.04,Night,0,0.234
15420,2024-09-21,18,560,Food,198,519.38,Night,0,0.066
15421,2024-09-22,27,119,Electronics,1040,516.92,Night,0,0.243
15422,2024-09-22,41,25,Food,282,513.56,Day,0,0.18
15423,2024-09-22,7,352,Food,569,518.95,Day,0,0.088
15424,2024-09-22,20,115,Vehicles,1249,564.89,Day,0,0.076
15425,2024-09-22,31,491,Electronics,278,590.52,Night,0,0.157
15426,2024-09-22,30,483,Textiles,455,450.25,Day,0,0.133
15427,2024-09-22,21,210,Electronics,1360,525.18,Day,0,0.184
15428,2024-09-23,6,302,Electronics,1463,498.21,Night,0,0.234
15429,2024-09-23,3,495,Chemicals,731,483.45,Night,0,0.248
15430,2024-09-23,11,505,Machinery,204,497.25,Day,0,0.109
15431,2024-09-23,2,342,Food,628,486.68,Night,0,0.062
15432,2024-09-23,41,135,Raw Materials,1161,527.44,Day,0,0.024
15433,2024-09-23,11,632,Vehicles,943,557.08,Night,0,0.099
15434,2024-09-23,32,285,Vehicles,1039,480.14,Night,0,0.231
15435,2024-09-23,43,567,Electronics,1439,480.47,Day,0,0.299
15436,2024-09-23,31,91,Textiles,240,493.32,Night,0,0.195
15437,2024-09-23,12,489,Electronics,149,435.47,Night,0,0.224
15438,2024-09-24,19,390,Raw Materials,1133,521.65,Day,0,0.201
15439,2024-09-24,6,565,Vehicles,1474,451.01,Night,0,0.216
15440,2024-09-24,40,134,Textiles,1499,465.26,Day,0,0.019
15441,2024-09-24,11,419,Raw Materials,521,469.96,Night,0,0.213
15442,2024-09-24,4,523,Vehicles,216,468.71,Night,0,0.219
15443,2024-09-24,32,316,Food,798,601.63,Night,0,0.137
15444,2024-09-25,29,337,Food,1462,441.66,Day,0,0.259
15445,2024-09-25,25,532,Machinery,1009,647.47,Day,0,0.296
15446,2024-09-25,45,103,Electronics,1034,429.76,Day,0,0.069
15447,2024-09-25,23,101,Vehicles,1087,467.02,Day,0,0.156
15448,2024-09-25,22,313,Machinery,1474,441.87,Night,0,0.205
15449,2024-09-25,23,441,Food,989,488.71,Day,0,0.006
15450,2024-09-25,12,16,Vehicles,1064,552.7,Night,0,0.298
15451,2024-09-25,29,231,Textiles,1170,502.58,Day,0,0.102
15452,2024-09-25,27,617,Raw Materials,803,554.57,Day,0,0.078
15453,2024-09-25,18,467,Vehicles,595,546.1,Day,0,0.004
15454,2024-09-25,10,164,Food,404,434.14,Day,0,0.166
15455,2024-09-25,5,244,Electronics,1444,563.38,Night,0,0.229
15456,2024-09-26,12,419,Raw Materials,400,486.93,Day,0,0.039
15457,2024-09-26,4,471,Machinery,1055,532.43,Day,0,0.137
15458,2024-09-26,7,393,Electronics,1472,515.33,Day,0,0.205
15459,2024-09-26,39,312,Machinery,125,476.81,Day,0,0.094
15460,2024-09-26,8,132,Vehicles,293,379.19,Day,0,0.182
15461,2024-09-26,6,284,Food,855,459.44,Night,0,0.179
15462,2024-09-26,29,19,Electronics,577,494.76,Day,0,0.288
15463,2024-09-26,9,221,Food,138,427.08,Day,0,0.034
15464,2024-09-26,17,245,Machinery,637,461.62,Day,0,0.02
15465,2024-09-26,46,299,Electronics,718,459.22,Night,0,0.215
15466,2024-09-26,26,603,Machinery,1122,507.45,Night,0,0.087
15467,2024-09-26,24,182,Vehicles,1246,557.34,Day,0,0.278
15468,2024-09-27,20,459,Textiles,1110,501.41,Night,0,0.268
15469,2024-09-27,40,102,Textiles,166,468.71,Night,0,0.298
15470,2024-09-27,9,264,Chemicals,987,437.89,Night,0,0.142
15471,2024-09-27,30,172,Textiles,459,428.24,Day,0,0.157
15472,2024-09-27,25,532,Electronics,1418,590.01,Day,0,0.151
15473,2024-09-27,46,18,Machinery,412,447.11,Night,0,0.178
15474,2024-09-27,8,202,Machinery,698,464.82,Day,0,0.175
15475,2024-09-28,17,525,Electronics,477,503.39,Day,0,0.155
15476,2024-09-28,1,291,Vehicles,1196,491.03,Night,0,0.265
15477,2024-09-28,40,436,Raw Materials,491,492.35,Night,0,0.13
15478,2024-09-28,40,123,Electronics,538,526.09,Day,0,0.156
15479,2024-09-28,9,349,Electronics,633,551.82,Night,0,0.034
15480,2024-09-28,5,323,Food,1069,1858.29,Day,1,0.797
15481,2024-09-28,34,51,Chemicals,1174,462.49,Night,0,0.228
15482,2024-09-29,34,620,Electronics,150,587.67,Night,0,0.144
15483,2024-09-29,9,609,Electronics,573,604.69,Night,0,0.255
15484,2024-09-29,27,477,Chemicals,959,528.2,Day,0,0.255
15485,2024-09-29,39,558,Vehicles,421,455.3,Day,0,0.129
15486,2024-09-29,43,51,Machinery,893,425.09,Night,0,0.131
15487,2024-09-29,22,320,Machinery,403,455.62,Night,0,0.155
15488,2024-09-29,22,562,Machinery,1332,497.5,Day,0,0.066
15489,2024-09-29,45,233,Textiles,709,562.42,Night,0,0.157
15490,2024-09-29,43,487,Machinery,755,535.25,Night,0,0.284
15491,2024-09-30,40,234,Textiles,559,504.01,Night,0,0.178
15492,2024-09-30,15,368,Chemicals,1272,504.96,Day,0,0.031
15493,2024-09-30,4,582,Vehicles,1459,444.49,Day,0,0.062
15494,2024-09-30,32,208,Electronics,1430,548.2,Day,0,0.148
15495,2024-09-30,18,65,Machinery,1060,433.88,Day,0,0.197
15496,2024-09-30,46,358,Electronics,1260,509.48,Day,0,0.299
15497,2024-09-30,22,166,Chemicals,1109,483.77,Day,0,0.23
15498,2024-09-30,7,146,Electronics,188,471.05,Night,0,0.122
15499,2024-09-30,2,556,Electronics,1171,519.03,Night,0,0.138
15500,2024-09-30,7,596,Textiles,1200,522.64,Night,0,0.235
15501,2024-10-01,42,433,Food,624,495.05,Day,0,0.297
15502,2024-10-01,21,321,Electronics,1028,531.28,Day,0,0.148
15503,2024-10-01,45,298,Raw Materials,1477,465.88,Night,0,0.066
15504,2024-10-01,25,524,Chemicals,1142,483.07,Night,0,0.159
15505,2024-10-01,41,516,Food,883,491.12,Night,0,0.256
15506,2024-10-01,32,82,Electronics,782,535.06,Night,0,0.145
15507,2024-10-01,17,494,Raw Materials,236,500.87,Night,0,0.021
15508,2024-10-01,14,373,Raw Materials,904,448.31,Night,0,0.122
15509,2024-10-01,11,366,Chemicals,1173,550.62,Night,0,0.202
15510,2024-10-02,32,526,Food,1064,476.24,Night,0,0.246
15511,2024-10-02,17,208,Chemicals,719,515.49,Night,0,0.145
15512,2024-10-02,39,94,Electronics,1469,477.11,Night,0,0.092
15513,2024-10-02,15,360,Electronics,616,488.44,Day,0,0.085
15514,2024-10-02,12,300,Electronics,1079,442.38,Day,0,0.019
15515,2024-10-02,7,225,Textiles,270,504.78,Day,0,0.127
15516,2024-10-02,35,317,Vehicles,1194,526.45,Night,0,0.133
15517,2024-10-02,5,458,Electronics,464,394.02,Day,0,0.189
15518,2024-10-02,23,594,Electronics,356,446.06,Night,0,0.27
15519,2024-10-02,4,236,Chemicals,189,443.99,Night,0,0.126
15520,2024-10-03,15,206,Machinery,222,521.43,Night,0,0.168
15521,2024-10-03,6,329,Raw Materials,1270,563.24,Night,0,0.071
15522,2024-10-03,31,187,Machinery,191,585.85,Day,0,0.169
15523,2024-10-03,3,29,Vehicles,713,549.67,Night,0,0.171
15524,2024-10-03,44,232,Chemicals,180,537.27,Day,0,0.142
15525,2024-10-03,28,252,Electronics,697,533.84,Day,0,0.145
15526,2024-10-03,46,219,Vehicles,1190,522.79,Night,0,0.196
15527,2024-10-03,40,339,Electronics,1338,450.26,Night,0,0.083
15528,2024-10-04,24,49,Machinery,1412,493.59,Night,0,0.232
15529,2024-10-04,8,7,Vehicles,795,550.29,Night,0,0.039
15530,2024-10-04,27,523,Electronics,1025,477.21,Night,0,0.132
15531,2024-10-04,41,397,Electronics,218,422.29,Day,0,0.127
15532,2024-10-04,43,56,Machinery,640,456.38,Day,0,0.116
15533,2024-10-04,19,588,Raw Materials,1172,503.83,Day,0,0.23
15534,2024-10-05,7,576,Textiles,618,530.45,Day,0,0.219
15535,2024-10-05,16,484,Machinery,1213,407.69,Night,0,0.065
15536,2024-10-05,8,83,Electronics,625,485.32,Day,0,0.196
15537,2024-10-05,42,300,Machinery,855,510.51,Night,0,0.276
15538,2024-10-05,30,53,Chemicals,687,518.25,Day,0,0.085
15539,2024-10-05,44,287,Vehicles,968,561.08,Night,0,0.17
15540,2024-10-05,46,387,Machinery,937,432.78,Night,0,0.064
15541,2024-10-05,9,430,Electronics,730,624.61,Night,0,0.134
15542,2024-10-05,44,350,Food,1195,500.4,Day,0,0.157
15543,2024-10-06,1,155,Vehicles,672,606.2,Night,0,0.281
15544,2024-10-06,32,567,Chemicals,111,466.61,Night,0,0.013
15545,2024-10-06,40,468,Machinery,395,556.34,Day,0,0.266
15546,2024-10-06,24,201,Chemicals,340,483.67,Night,0,0.202
15547,2024-10-06,9,353,Vehicles,845,487.26,Day,0,0.075
15548,2024-10-06,15,616,Chemicals,751,569.5,Night,0,0.198
15549,2024-10-06,3,414,Machinery,1373,569.64,Day,0,0.041
15550,2024-10-06,35,152,Chemicals,621,436.01,Night,0,0.014
15551,2024-10-06,40,377,Electronics,857,516.22,Night,0,0.032
15552,2024-10-06,35,132,Textiles,258,497.05,Day,0,0.275
15553,2024-10-07,2,338,Machinery,792,506.06,Night,0,0.139
15554,2024-10-07,28,336,Raw Materials,772,543.44,Night,0,0.082
15555,2024-10-07,21,44,Textiles,787,503.98,Day,0,0.275
15556,2024-10-07,14,494,Chemicals,1038,464.35,Night,0,0.096
15557,2024-10-07,30,209,Chemicals,1050,504.08,Night,0,0.283
15558,2024-10-07,42,30,Textiles,540,484.39,Day,0,0.226
15559,2024-10-07,32,377,Chemicals,694,514.68,Night,0,0.047
15560,2024-10-07,32,577,Textiles,1194,499.23,Night,0,0.206
15561,2024-10-07,29,173,Electronics,1278,501.24,Night,0,0.234
15562,2024-10-07,36,99,Machinery,607,532.51,Night,0,0.013
15563,2024-10-07,46,226,Food,150,571.0,Day,0,0.04
15564,2024-10-08,38,58,Food,411,430.45,Day,0,0.148
15565,2024-10-08,36,85,Machinery,487,507.77,Day,0,0.265
15566,2024-10-08,45,190,Textiles,1450,445.85,Day,0,0.031
15567,2024-10-08,33,7,Food,917,524.55,Day,0,0.015
15568,2024-10-08,46,62,Chemicals,989,420.2,Night,0,0.054
15569,2024-10-08,46,503,Raw Materials,430,581.22,Night,0,0.257
15570,2024-10-08,38,604,Machinery,426,559.45,Night,0,0.12
15571,2024-10-08,6,525,Chemicals,294,566.04,Day,0,0.096
15572,2024-10-08,33,148,Vehicles,939,559.72,Day,0,0.014
15573,2024-10-08,44,102,Food,395,525.3,Night,0,0.267
15574,2024-10-08,20,172,Machinery,761,437.09,Night,0,0.211
15575,2024-10-08,22,299,Machinery,1167,551.63,Day,0,0.092
15576,2024-10-09,21,82,Machinery,1146,533.4,Night,0,0.153
15577,2024-10-09,26,338,Vehicles,606,552.67,Night,0,0.272
15578,2024-10-09,7,186,Machinery,1028,621.2,Night,0,0.03
15579,2024-10-09,38,217,Vehicles,140,449.14,Night,0,0.017
15580,2024-10-09,22,584,Raw Materials,1071,514.86,Night,0,0.294
15581,2024-10-09,22,5,Textiles,1446,518.94,Night,0,0.096
15582,2024-10-09,40,318,Textiles,269,417.15,Day,0,0.096
15583,2024-10-09,32,235,Textiles,477,505.55,Day,0,0.277
15584,2024-10-09,15,287,Raw Materials,627,465.78,Night,0,0.025
15585,2024-10-10,17,426,Raw Materials,952,530.43,Day,0,0.178
15586,2024-10-10,5,139,Food,1037,471.81,Night,0,0.102
15587,2024-10-10,22,205,Chemicals,725,541.41,Day,0,0.037
15588,2024-10-10,19,517,Chemicals,1379,504.59,Night,0,0.132
15589,2024-10-10,28,77,Machinery,1080,483.4,Day,0,0.093
15590,2024-10-10,11,249,Chemicals,1356,589.41,Day,0,0.173
15591,2024-10-10,13,422,Food,943,420.3,Night,0,0.133
15592,2024-10-10,7,398,Machinery,1304,363.74,Day,0,0.016
15593,2024-10-11,29,518,Raw Materials,312,549.55,Night,0,0.196
15594,2024-10-11,40,344,Machinery,527,512.13,Night,0,0.064
15595,2024-10-11,5,616,Chemicals,375,542.14,Day,0,0.015
15596,2024-10-11,41,465,Food,189,598.21,Day,0,0.078
15597,2024-10-11,30,414,Raw Materials,1063,437.77,Night,0,0.136
15598,2024-10-11,6,176,Electronics,1423,509.92,Night,0,0.2
15599,2024-10-11,39,606,Vehicles,980,584.95,Night,0,0.177
15600,2024-10-12,25,139,Chemicals,286,475.6,Night,0,0.195
15601,2024-10-12,11,98,Machinery,1038,552.65,Night,0,0.237
15602,2024-10-12,10,92,Electronics,250,555.62,Day,0,0.06
15603,2024-10-12,36,214,Vehicles,625,518.24,Night,0,0.236
15604,2024-10-12,40,421,Electronics,624,527.92,Night,0,0.273
15605,2024-10-12,22,314,Electronics,1433,559.85,Night,0,0.018
15606,2024-10-12,36,542,Textiles,154,496.6,Night,0,0.263
15607,2024-10-12,5,23,Chemicals,1056,494.49,Night,0,0.246
15608,2024-10-12,11,257,Vehicles,1370,445.6,Night,0,0.168
15609,2024-10-12,36,176,Chemicals,1194,425.8,Night,0,0.07
15610,2024-10-13,40,249,Food,1314,534.63,Day,0,0.02
15611,2024-10-13,5,115,Textiles,366,483.06,Night,0,0.216
15612,2024-10-13,34,94,Textiles,1384,483.67,Day,0,0.025
15613,2024-10-13,44,526,Machinery,441,524.1,Night,0,0.049
15614,2024-10-13,23,90,Food,647,489.46,Night,0,0.209
15615,2024-10-13,16,433,Food,735,484.67,Day,0,0.168
15616,2024-10-13,37,355,Chemicals,1169,548.29,Night,0,0.092
15617,2024-10-14,22,241,Electronics,646,567.12,Day,0,0.027
15618,2024-10-14,24,187,Textiles,105,511.48,Night,0,0.283
15619,2024-10-14,43,594,Machinery,1328,420.87,Night,0,0.166
15620,2024-10-14,25,547,Food,1104,484.24,Night,0,0.141
15621,2024-10-14,18,177,Electronics,627,543.24,Day,0,0.143
15622,2024-10-14,40,209,Textiles,195,1366.61,Day,1,0.742
15623,2024-10-14,14,450,Electronics,1469,519.1,Night,0,0.198
15624,2024-10-15,8,410,Chemicals,628,479.05,Night,0,0.23
15625,2024-10-15,46,88,Vehicles,706,501.91,Day,0,0.25
15626,2024-10-15,8,539,Vehicles,747,445.35,Night,0,0.01
15627,2024-10-15,43,212,Textiles,268,443.91,Night,0,0.119
15628,2024-10-15,44,569,Textiles,637,438.34,Day,0,0.0
15629,2024-10-15,22,389,Machinery,1164,451.77,Day,0,0.189
15630,2024-10-15,39,152,Chemicals,747,555.69,Day,0,0.279
15631,2024-10-15,26,428,Food,503,516.54,Night,0,0.173
15632,2024-10-15,36,615,Machinery,1100,538.05,Night,0,0.204
15633,2024-10-15,18,118,Machinery,1064,477.83,Day,0,0.284
15634,2024-10-15,37,225,Machinery,367,513.37,Day,0,0.284
15635,2024-10-15,3,391,Vehicles,816,436.57,Night,0,0.134
15636,2024-10-16,6,608,Raw Materials,361,473.5,Day,0,0.107
15637,2024-10-16,12,571,Textiles,1144,441.11,Day,0,0.15
15638,2024-10-16,22,274,Vehicles,849,1116.66,Night,1,0.938
15639,2024-10-16,3,388,Machinery,169,480.97,Day,0,0.261
15640,2024-10-16,20,593,Raw Materials,188,1996.61,Day,1,0.769
15641,2024-10-16,23,494,Textiles,428,481.96,Day,0,0.194
15642,2024-10-16,38,177,Textiles,977,474.13,Day,0,0.162
15643,2024-10-16,35,341,Food,1336,487.13,Day,0,0.026
15644,2024-10-16,13,324,Textiles,991,427.61,Day,0,0.195
15645,2024-10-16,19,390,Food,320,511.69,Night,0,0.106
15646,2024-10-17,26,115,Vehicles,521,504.32,Night,0,0.196
15647,2024-10-17,42,127,Chemicals,1332,451.57,Night,0,0.268
15648,2024-10-17,14,326,Machinery,987,475.51,Night,0,0.082
15649,2024-10-17,14,490,Food,269,483.18,Day,0,0.149
15650,2024-10-17,45,22,Chemicals,633,418.31,Night,0,0.043
15651,2024-10-17,13,559,Raw Materials,188,526.56,Night,0,0.208
15652,2024-10-17,39,560,Raw Materials,239,508.64,Day,0,0.145
15653,2024-10-17,44,443,Machinery,666,489.04,Night,0,0.182
15654,2024-10-17,38,456,Raw Materials,899,472.79,Day,0,0.115
15655,2024-10-17,27,48,Vehicles,626,646.71,Night,0,0.105
15656,2024-10-18,23,612,Food,1365,491.19,Day,0,0.142
15657,2024-10-18,43,111,Food,421,434.51,Night,0,0.225
15658,2024-10-18,39,450,Food,1329,608.84,Day,0,0.208
15659,2024-10-18,31,605,Textiles,1349,518.73,Day,0,0.149
15660,2024-10-18,4,582,Electronics,1070,563.91,Day,0,0.274
15661,2024-10-18,10,274,Machinery,809,562.7,Day,0,0.274
15662,2024-10-18,35,494,Chemicals,105,506.78,Day,0,0.159
15663,2024-10-18,44,135,Textiles,546,481.06,Night,0,0.131
15664,2024-10-18,6,159,Electronics,930,548.08,Day,0,0.07
15665,2024-10-19,4,343,Textiles,775,503.2,Night,0,0.157
15666,2024-10-19,3,215,Raw Materials,748,669.66,Day,0,0.298
15667,2024-10-19,13,237,Vehicles,356,595.77,Day,0,0.004
15668,2024-10-19,38,318,Chemicals,359,498.33,Day,0,0.084
15669,2024-10-19,43,4,Food,913,499.09,Day,0,0.026
15670,2024-10-19,2,635,Chemicals,492,451.52,Night,0,0.208
15671,2024-10-19,30,278,Machinery,802,476.45,Day,0,0.121
15672,2024-10-20,14,140,Machinery,299,514.46,Day,0,0.098
15673,2024-10-20,20,514,Electronics,229,1808.44,Night,1,0.774
15674,2024-10-20,39,377,Vehicles,1120,459.05,Day,0,0.155
15675,2024-10-20,8,636,Electronics,802,486.67,Day,0,0.104
15676,2024-10-20,38,619,Machinery,351,642.87,Day,0,0.133
15677,2024-10-20,21,98,Chemicals,815,447.13,Night,0,0.208
15678,2024-10-20,14,107,Electronics,1351,469.86,Day,0,0.222
15679,2024-10-20,14,295,Chemicals,1127,584.16,Day,0,0.263
15680,2024-10-20,13,436,Vehicles,979,510.35,Day,0,0.027
15681,2024-10-21,13,78,Raw Materials,333,1052.38,Night,1,0.903
15682,2024-10-21,13,212,Machinery,1367,533.75,Night,0,0.138
15683,2024-10-21,43,497,Chemicals,828,590.27,Night,0,0.195
15684,2024-10-21,8,582,Vehicles,971,506.47,Day,0,0.093
15685,2024-10-21,18,243,Chemicals,1203,567.74,Night,0,0.055
15686,2024-10-21,29,55,Food,1111,546.06,Night,0,0.195
15687,2024-10-21,7,29,Food,1374,511.57,Day,0,0.297
15688,2024-10-21,2,393,Electronics,985,516.22,Night,0,0.252
15689,2024-10-21,44,16,Electronics,495,454.32,Night,0,0.186
15690,2024-10-21,42,30,Textiles,146,452.45,Day,0,0.08
15691,2024-10-22,38,350,Food,1154,466.86,Day,0,0.141
15692,2024-10-22,25,327,Machinery,527,475.22,Day,0,0.163
15693,2024-10-22,23,163,Chemicals,1088,413.0,Night,0,0.023
15694,2024-10-22,2,403,Food,577,570.3,Night,0,0.287
15695,2024-10-22,19,485,Food,782,617.24,Day,0,0.07
15696,2024-10-22,38,202,Raw Materials,384,516.99,Night,0,0.068
15697,2024-10-23,14,378,Vehicles,1480,554.96,Night,0,0.07
15698,2024-10-23,43,378,Chemicals,744,537.02,Day,0,0.284
15699,2024-10-23,21,369,Raw Materials,781,499.36,Day,0,0.132
15700,2024-10-23,4,288,Textiles,1028,554.45,Night,0,0.25
15701,2024-10-23,37,142,Food,1499,549.24,Day,0,0.038
15702,2024-10-23,4,557,Machinery,1333,528.45,Night,0,0.009
15703,2024-10-23,8,166,Textiles,245,499.87,Night,0,0.191
15704,2024-10-23,18,380,Food,915,497.86,Night,0,0.102
15705,2024-10-23,35,551,Machinery,1288,471.07,Night,0,0.107
15706,2024-10-23,13,275,Electronics,1358,538.0,Day,0,0.154
15707,2024-10-23,17,60,Vehicles,487,478.82,Night,0,0.052
15708,2024-10-23,35,12,Food,290,512.49,Night,0,0.289
15709,2024-10-24,29,209,Machinery,1274,548.32,Night,0,0.075
15710,2024-10-24,32,20,Raw Materials,1394,2047.9,Day,1,0.791
15711,2024-10-24,8,177,Electronics,416,483.81,Night,0,0.196
15712,2024-10-24,38,338,Textiles,604,490.72,Night,0,0.178
15713,2024-10-24,37,139,Chemicals,110,497.09,Day,0,0.102
15714,2024-10-24,33,139,Vehicles,1165,1431.81,Day,1,0.962
15715,2024-10-24,11,23,Raw Materials,492,492.15,Night,0,0.042
15716,2024-10-24,18,625,Electronics,987,621.75,Night,0,0.248
15717,2024-10-24,34,231,Chemicals,118,605.56,Night,0,0.114
15718,2024-10-25,12,38,Chemicals,295,517.43,Day,0,0.075
15719,2024-10-25,24,342,Electronics,1356,487.87,Night,0,0.127
15720,2024-10-25,32,183,Chemicals,1463,498.2,Night,0,0.096
15721,2024-10-25,13,175,Electronics,1093,545.79,Night,0,0.01
15722,2024-10-25,38,541,Raw Materials,958,622.01,Night,0,0.18
15723,2024-10-25,44,602,Textiles,515,451.99,Night,0,0.214
15724,2024-10-25,3,171,Machinery,375,434.01,Night,0,0.038
15725,2024-10-25,46,454,Chemicals,1280,461.46,Night,0,0.157
15726,2024-10-25,32,296,Food,633,436.4,Day,0,0.11
15727,2024-10-26,25,253,Food,1103,516.42,Night,0,0.051
15728,2024-10-26,39,614,Food,616,485.63,Day,0,0.023
15729,2024-10-26,13,568,Raw Materials,955,538.95,Night,0,0.138
15730,2024-10-26,20,247,Food,1107,605.18,Day,0,0.188
15731,2024-10-26,23,577,Chemicals,1499,552.49,Day,0,0.196
15732,2024-10-26,6,606,Textiles,526,583.3,Day,0,0.074
15733,2024-10-26,23,10,Vehicles,182,610.26,Day,0,0.161
15734,2024-10-26,40,342,Machinery,1270,504.14,Day,0,0.156
15735,2024-10-26,7,444,Food,1055,577.9,Night,0,0.284
15736,2024-10-26,9,172,Electronics,850,586.44,Day,0,0.155
15737,2024-10-27,20,130,Raw Materials,383,468.28,Day,0,0.031
15738,2024-10-27,33,271,Food,880,507.04,Night,0,0.17
15739,2024-10-27,19,147,Raw Materials,1135,521.92,Night,0,0.182
15740,2024-10-27,45,77,Vehicles,1014,496.95,Day,0,0.053
15741,2024-10-27,30,122,Raw Materials,842,553.19,Day,0,0.022
15742,2024-10-27,45,568,Textiles,616,588.41,Day,0,0.128
15743,2024-10-27,7,522,Chemicals,832,533.61,Day,0,0.11
15744,2024-10-27,22,232,Machinery,801,514.49,Day,0,0.16
15745,2024-10-27,37,389,Vehicles,411,505.5,Night,0,0.037
15746,2024-10-28,32,301,Textiles,1356,529.61,Night,0,0.3
15747,2024-10-28,32,406,Vehicles,463,507.4,Day,0,0.197
15748,2024-10-28,35,152,Raw Materials,1215,536.98,Day,0,0.278
15749,2024-10-28,18,212,Food,1276,625.96,Day,0,0.018
15750,2024-10-28,29,181,Machinery,857,569.87,Night,0,0.294
15751,2024-10-28,17,259,Vehicles,183,543.41,Day,0,0.26
15752,2024-10-28,20,150,Textiles,704,394.68,Night,0,0.17
15753,2024-10-29,24,362,Raw Materials,784,506.49,Night,0,0.185
15754,2024-10-29,29,183,Machinery,1008,550.83,Day,0,0.183
15755,2024-10-29,24,296,Electronics,394,467.52,Day,0,0.107
15756,2024-10-29,11,254,Food,832,570.67,Day,0,0.196
15757,2024-10-29,30,348,Chemicals,724,519.43,Day,0,0.219
15758,2024-10-29,37,301,Raw Materials,104,477.09,Day,0,0.22
15759,2024-10-29,11,334,Raw Materials,1120,594.38,Night,0,0.259
15760,2024-10-29,17,82,Vehicles,1402,506.71,Day,0,0.22
15761,2024-10-29,24,600,Machinery,953,472.61,Night,0,0.226
15762,2024-10-29,27,408,Vehicles,1123,544.87,Day,0,0.067
15763,2024-10-30,33,517,Chemicals,823,1084.89,Night,1,0.777
15764,2024-10-30,20,318,Chemicals,1283,524.57,Day,0,0.029
15765,2024-10-30,30,129,Raw Materials,689,606.98,Night,0,0.15
15766,2024-10-30,42,146,Chemicals,710,515.73,Day,0,0.067
15767,2024-10-30,1,319,Textiles,1226,519.62,Night,0,0.018
15768,2024-10-30,19,607,Vehicles,1190,461.25,Night,0,0.08
15769,2024-10-30,42,74,Machinery,392,523.43,Night,0,0.066
15770,2024-10-30,36,322,Vehicles,1472,465.58,Night,0,0.051
15771,2024-10-30,2,94,Chemicals,339,449.98,Night,0,0.256
15772,2024-10-30,3,422,Chemicals,1500,564.38,Night,0,0.027
15773,2024-10-31,43,379,Textiles,1369,568.97,Day,0,0.207
15774,2024-10-31,23,98,Electronics,1035,498.75,Day,0,0.088
15775,2024-10-31,29,100,Raw Materials,651,426.1,Night,0,0.244
15776,2024-10-31,19,130,Machinery,1274,519.52,Night,0,0.204
15777,2024-10-31,14,620,Machinery,348,471.34,Night,0,0.257
15778,2024-10-31,40,258,Textiles,516,473.14,Night,0,0.172
15779,2024-10-31,40,99,Chemicals,575,588.73,Night,0,0.099
15780,2024-10-31,1,170,Machinery,996,582.22,Day,0,0.279
15781,2024-10-31,19,267,Food,1018,647.62,Day,0,0.25
15782,2024-11-01,28,626,Raw Materials,984,545.18,Night,0,0.165
15783,2024-11-01,27,56,Machinery,1044,504.85,Day,0,0.283
15784,2024-11-01,17,133,Food,985,498.71,Day,0,0.255
15785,2024-11-01,36,381,Raw Materials,983,569.78,Day,0,0.207
15786,2024-11-01,31,309,Vehicles,357,493.82,Night,0,0.114
15787,2024-11-01,1,407,Food,364,524.25,Day,0,0.121
15788,2024-11-02,7,560,Vehicles,384,506.67,Day,0,0.229
15789,2024-11-02,28,73,Vehicles,1031,453.02,Night,0,0.274
15790,2024-11-02,38,366,Chemicals,803,529.45,Day,0,0.139
15791,2024-11-02,2,603,Raw Materials,131,491.58,Night,0,0.21
15792,2024-11-02,21,192,Electronics,1342,496.04,Day,0,0.297
15793,2024-11-02,7,636,Raw Materials,306,519.82,Day,0,0.278
15794,2024-11-02,28,348,Vehicles,1024,474.46,Day,0,0.193
15795,2024-11-02,31,464,Food,539,626.42,Day,0,0.007
15796,2024-11-03,18,107,Textiles,1399,537.64,Day,0,0.182
15797,2024-11-03,34,26,Food,404,458.06,Night,0,0.267
15798,2024-11-03,4,212,Electronics,871,528.91,Night,0,0.136
15799,2024-11-03,3,79,Raw Materials,144,406.63,Night,0,0.01
15800,2024-11-03,8,453,Food,272,1161.9,Day,1,0.912
15801,2024-11-03,23,423,Electronics,997,544.28,Day,0,0.241
15802,2024-11-04,4,119,Electronics,955,521.17,Night,0,0.2
15803,2024-11-04,25,463,Raw Materials,452,573.98,Night,0,0.259
15804,2024-11-04,2,136,Machinery,891,526.26,Day,0,0.289
15805,2024-11-04,25,103,Raw Materials,1074,533.83,Day,0,0.241
15806,2024-11-04,18,305,Textiles,667,473.19,Day,0,0.245
15807,2024-11-04,5,109,Food,1165,438.93,Night,0,0.296
15808,2024-11-04,36,104,Food,1018,456.33,Night,0,0.295
15809,2024-11-04,13,199,Chemicals,1178,634.88,Night,0,0.09
15810,2024-11-04,24,570,Food,145,539.17,Night,0,0.078
15811,2024-11-04,21,176,Raw Materials,402,475.05,Day,0,0.298
15812,2024-11-05,9,336,Machinery,1070,595.7,Day,0,0.062
15813,2024-11-05,20,632,Raw Materials,1127,585.98,Day,0,0.243
15814,2024-11-05,20,170,Electronics,286,489.87,Night,0,0.158
15815,2024-11-05,38,463,Textiles,154,439.58,Day,0,0.029
15816,2024-11-05,18,48,Raw Materials,607,514.65,Night,0,0.3
15817,2024-11-05,21,11,Vehicles,545,481.43,Night,0,0.266
15818,2024-11-05,8,517,Food,261,426.49,Night,0,0.037
15819,2024-11-05,30,305,Textiles,1451,1348.79,Day,1,0.919
15820,2024-11-05,4,273,Textiles,1080,522.0,Day,0,0.015
15821,2024-11-05,7,274,Raw Materials,437,505.12,Night,0,0.023
15822,2024-11-05,4,212,Chemicals,754,602.42,Day,0,0.059
15823,2024-11-06,12,48,Food,332,501.05,Night,0,0.265
15824,2024-11-06,9,533,Chemicals,1497,500.11,Night,0,0.203
15825,2024-11-06,27,258,Electronics,106,474.99,Day,0,0.181
15826,2024-11-06,9,27,Textiles,380,464.36,Night,0,0.141
15827,2024-11-06,16,266,Chemicals,716,512.33,Day,0,0.282
15828,2024-11-06,17,375,Raw Materials,153,451.22,Night,0,0.111
15829,2024-11-07,30,71,Vehicles,908,490.18,Night,0,0.292
15830,2024-11-07,25,150,Food,697,423.12,Day,0,0.209
15831,2024-11-07,27,601,Food,1388,525.25,Day,0,0.091
15832,2024-11-07,12,575,Vehicles,1055,514.62,Night,0,0.101
15833,2024-11-07,3,63,Chemicals,826,491.09,Night,0,0.019
15834,2024-11-07,5,555,Raw Materials,259,557.55,Day,0,0.276
15835,2024-11-07,26,263,Chemicals,1061,411.66,Day,0,0.214
15836,2024-11-07,12,515,Machinery,1301,480.71,Day,0,0.255
15837,2024-11-07,4,314,Food,867,540.49,Night,0,0.157
15838,2024-11-07,8,566,Machinery,1451,458.47,Night,0,0.089
15839,2024-11-07,37,572,Textiles,1191,521.68,Night,0,0.166
15840,2024-11-08,3,536,Textiles,218,524.72,Night,0,0.116
15841,2024-11-08,25,448,Vehicles,564,520.0,Night,0,0.177
15842,2024-11-08,26,612,Machinery,850,528.3,Day,0,0.144
15843,2024-11-08,22,231,Machinery,593,484.36,Day,0,0.164
15844,2024-11-08,25,400,Vehicles,1329,572.09,Night,0,0.213
15845,2024-11-08,1,25,Machinery,241,500.03,Day,0,0.255
15846,2024-11-08,32,134,Food,1121,506.54,Night,0,0.086
15847,2024-11-08,36,227,Food,622,564.32,Day,0,0.084
15848,2024-11-08,46,81,Electronics,651,449.4,Night,0,0.26
15849,2024-11-08,9,108,Textiles,602,491.91,Day,0,0.204
15850,2024-11-08,32,259,Chemicals,1246,547.24,Night,0,0.147
15851,2024-11-08,42,74,Electronics,1029,493.52,Day,0,0.268
15852,2024-11-09,1,549,Electronics,1394,526.84,Day,0,0.004
15853,2024-11-09,3,50,Vehicles,984,484.91,Day,0,0.056
15854,2024-11-09,22,346,Electronics,886,486.18,Night,0,0.247
15855,2024-11-09,37,302,Textiles,728,467.89,Day,0,0.181
15856,2024-11-09,42,406,Food,1412,449.49,Night,0,0.068
15857,2024-11-09,15,52,Chemicals,900,563.94,Day,0,0.052
15858,2024-11-09,6,606,Machinery,754,573.37,Day,0,0.079
15859,2024-11-09,15,106,Chemicals,1353,488.33,Night,0,0.158
15860,2024-11-09,10,289,Electronics,1213,581.08,Day,0,0.231
15861,2024-11-09,15,629,Food,894,578.04,Day,0,0.073
15862,2024-11-09,40,225,Textiles,427,456.23,Night,0,0.241
15863,2024-11-10,33,470,Electronics,626,569.55,Day,0,0.135
15864,2024-11-10,33,4,Raw Materials,251,495.91,Night,0,0.244
15865,2024-11-10,8,463,Machinery,1257,564.02,Night,0,0.129
15866,2024-11-10,2,487,Textiles,718,543.89,Day,0,0.133
15867,2024-11-10,13,159,Textiles,1232,393.09,Night,0,0.12
15868,2024-11-10,43,266,Raw Materials,452,547.61,Day,0,0.016
15869,2024-11-10,20,260,Chemicals,1420,483.43,Day,0,0.088
15870,2024-11-10,31,17,Textiles,1214,567.05,Day,0,0.107
15871,2024-11-10,42,525,Electronics,303,486.6,Day,0,0.284
15872,2024-11-10,11,180,Textiles,330,628.7,Day,0,0.14
15873,2024-11-11,23,17,Vehicles,1171,516.37,Night,0,0.162
15874,2024-11-11,40,307,Textiles,164,507.44,Night,0,0.07
15875,2024-11-11,23,599,Chemicals,422,479.59,Night,0,0.163
15876,2024-11-11,10,400,Vehicles,1012,499.18,Day,0,0.196
15877,2024-11-11,21,192,Chemicals,1394,492.24,Night,0,0.188
15878,2024-11-11,10,379,Machinery,1400,1906.36,Night,1,0.773
15879,2024-11-11,1,130,Textiles,127,459.06,Day,0,0.158
15880,2024-11-11,14,277,Electronics,1021,557.78,Night,0,0.088
15881,2024-11-11,39,79,Vehicles,1132,1553.64,Day,1,0.917
15882,2024-11-12,34,62,Machinery,348,524.08,Night,0,0.158
15883,2024-11-12,26,127,Machinery,560,474.67,Night,0,0.224
15884,2024-11-12,46,280,Raw Materials,987,1009.58,Day,1,0.93
15885,2024-11-12,35,150,Raw Materials,317,545.3,Day,0,0.142
15886,2024-11-12,11,120,Electronics,837,498.81,Day,0,0.003
15887,2024-11-12,29,360,Food,1408,501.42,Day,0,0.13
15888,2024-11-12,14,296,Textiles,200,364.02,Day,0,0.083
15889,2024-11-12,29,507,Vehicles,1446,582.77,Night,0,0.115
15890,2024-11-12,31,423,Textiles,346,532.95,Night,0,0.129
15891,2024-11-12,17,622,Machinery,998,502.22,Night,0,0.031
15892,2024-11-13,45,196,Vehicles,1026,441.29,Night,0,0.129
15893,2024-11-13,13,235,Food,258,1207.7,Day,1,0.918
15894,2024-11-13,35,617,Food,1295,521.04,Night,0,0.146
15895,2024-11-13,6,521,Electronics,101,551.57,Night,0,0.03
15896,2024-11-13,43,556,Chemicals,169,523.01,Night,0,0.111
15897,2024-11-13,41,573,Raw Materials,1500,464.3,Night,0,0.05
15898,2024-11-13,25,371,Food,1251,554.07,Day,0,0.036
15899,2024-11-13,37,321,Electronics,1432,496.75,Night,0,0.0
15900,2024-11-14,13,332,Electronics,1227,537.93,Day,0,0.134
15901,2024-11-14,7,254,Chemicals,122,535.39,Day,0,0.122
15902,2024-11-14,39,437,Electronics,340,466.93,Day,0,0.04
15903,2024-11-14,9,546,Food,154,1473.32,Day,1,0.884
15904,2024-11-14,25,598,Chemicals,1069,585.2,Night,0,0.226
15905,2024-11-14,1,408,Vehicles,566,509.37,Night,0,0.137
15906,2024-11-14,45,89,Textiles,951,475.25,Day,0,0.02
15907,2024-11-14,42,114,Vehicles,207,447.27,Night,0,0.214
15908,2024-11-14,11,580,Chemicals,1160,568.62,Night,0,0.072
15909,2024-11-14,21,359,Food,783,505.13,Night,0,0.121
15910,2024-11-14,38,465,Chemicals,610,545.22,Night,0,0.209
15911,2024-11-14,19,84,Textiles,485,510.59,Day,0,0.241
15912,2024-11-15,2,129,Chemicals,1302,463.89,Night,0,0.194
15913,2024-11-15,36,629,Vehicles,1268,1670.24,Night,1,0.973
15914,2024-11-15,35,635,Chemicals,1189,429.72,Night,0,0.132
15915,2024-11-15,9,319,Textiles,1168,584.3,Day,0,0.143
15916,2024-11-15,33,27,Machinery,621,465.73,Day,0,0.144
15917,2024-11-15,25,100,Raw Materials,190,443.81,Night,0,0.283
15918,2024-11-16,31,304,Food,540,535.34,Day,0,0.127
15919,2024-11-16,36,283,Electronics,544,553.12,Night,0,0.003
15920,2024-11-16,43,108,Vehicles,821,517.92,Night,0,0.205
15921,2024-11-16,14,7,Chemicals,1185,546.77,Day,0,0.144
15922,2024-11-16,25,123,Food,568,441.39,Night,0,0.014
15923,2024-11-16,24,344,Food,400,499.8,Day,0,0.146
15924,2024-11-16,36,530,Machinery,1453,590.0,Day,0,0.121
15925,2024-11-16,12,399,Machinery,558,426.98,Night,0,0.254
15926,2024-11-16,13,491,Machinery,1160,544.16,Night,0,0.202
15927,2024-11-17,9,483,Machinery,1121,541.37,Day,0,0.215
15928,2024-11-17,37,4,Electronics,339,496.51,Day,0,0.124
15929,2024-11-17,22,304,Vehicles,1480,509.04,Day,0,0.196
15930,2024-11-17,27,251,Textiles,1297,543.03,Day,0,0.214
15931,2024-11-17,30,68,Raw Materials,847,448.94,Day,0,0.252
15932,2024-11-17,1,494,Chemicals,140,1378.94,Day,1,0.944
15933,2024-11-17,23,287,Vehicles,191,494.85,Day,0,0.207
15934,2024-11-18,10,193,Machinery,511,418.24,Day,0,0.088
15935,2024-11-18,20,245,Raw Materials,924,500.88,Day,0,0.228
15936,2024-11-18,23,81,Electronics,1218,497.57,Night,0,0.084
15937,2024-11-18,6,159,Chemicals,261,519.16,Night,0,0.136
15938,2024-11-18,26,450,Raw Materials,1003,550.8,Day,0,0.207
15939,2024-11-18,4,409,Machinery,306,531.2,Night,0,0.199
15940,2024-11-18,29,581,Chemicals,546,580.58,Night,0,0.077
15941,2024-11-18,23,590,Food,1052,487.66,Night,0,0.021
15942,2024-11-19,19,447,Raw Materials,282,1280.22,Day,1,0.834
15943,2024-11-19,24,479,Electronics,1333,524.02,Night,0,0.15
15944,2024-11-19,5,545,Food,1169,463.18,Day,0,0.277
15945,2024-11-19,25,398,Raw Materials,1407,547.49,Day,0,0.275
15946,2024-11-19,36,532,Food,109,449.73,Day,0,0.229
15947,2024-11-19,22,562,Machinery,579,520.18,Night,0,0.111
15948,2024-11-19,14,104,Food,967,396.16,Day,0,0.123
15949,2024-11-19,20,151,Machinery,642,563.08,Day,0,0.054
15950,2024-11-19,35,69,Electronics,1476,531.07,Day,0,0.153
15951,2024-11-19,24,314,Chemicals,364,1623.43,Day,1,0.998
15952,2024-11-20,40,547,Machinery,535,544.43,Night,0,0.163
15953,2024-11-20,22,130,Raw Materials,731,526.65,Day,0,0.193
15954,2024-11-20,35,511,Textiles,781,477.35,Night,0,0.195
15955,2024-11-20,21,121,Food,177,421.63,Day,0,0.132
15956,2024-11-20,24,311,Chemicals,1307,474.89,Day,0,0.162
15957,2024-11-20,11,632,Textiles,1500,631.26,Day,0,0.011
15958,2024-11-20,8,290,Textiles,300,1541.06,Night,1,0.998
15959,2024-11-20,35,634,Food,359,557.87,Night,0,0.028
15960,2024-11-21,40,392,Chemicals,1191,404.24,Night,0,0.256
15961,2024-11-21,27,609,Textiles,573,621.11,Night,0,0.172
15962,2024-11-21,29,548,Raw Materials,378,577.19,Night,0,0.252
15963,2024-11-21,39,133,Raw Materials,228,526.24,Day,0,0.288
15964,2024-11-21,12,220,Vehicles,582,608.96,Night,0,0.082
15965,2024-11-21,19,171,Vehicles,438,596.44,Day,0,0.192
15966,2024-11-21,23,180,Electronics,1224,545.71,Day,0,0.137
15967,2024-11-21,45,64,Raw Materials,747,494.69,Day,0,0.235
15968,2024-11-21,8,273,Chemicals,1071,448.08,Day,0,0.068
15969,2024-11-22,9,468,Food,553,501.07,Day,0,0.283
15970,2024-11-22,14,221,Textiles,1284,427.76,Night,0,0.131
15971,2024-11-22,2,557,Food,919,503.88,Night,0,0.13
15972,2024-11-22,5,528,Chemicals,311,529.81,Day,0,0.239
15973,2024-11-22,15,623,Food,746,582.2,Day,0,0.219
15974,2024-11-22,33,630,Vehicles,1456,495.52,Day,0,0.2
15975,2024-11-22,14,125,Raw Materials,118,519.93,Night,0,0.276
15976,2024-11-22,17,543,Food,279,579.61,Night,0,0.019
15977,2024-11-23,32,600,Food,444,519.54,Night,0,0.055
15978,2024-11-23,21,273,Food,954,394.7,Day,0,0.009
15979,2024-11-23,6,219,Chemicals,1250,540.11,Night,0,0.054
15980,2024-11-23,12,176,Electronics,302,394.72,Night,0,0.152
15981,2024-11-23,44,467,Textiles,1318,497.26,Night,0,0.146
15982,2024-11-23,29,595,Chemicals,642,526.59,Day,0,0.098
15983,2024-11-23,45,236,Vehicles,1212,407.83,Night,0,0.223
15984,2024-11-23,32,196,Machinery,697,570.61,Night,0,0.05
15985,2024-11-23,24,3,Chemicals,978,545.32,Night,0,0.072
15986,2024-11-23,11,55,Raw Materials,538,498.73,Night,0,0.131
15987,2024-11-23,44,461,Machinery,118,338.8,Night,0,0.13
15988,2024-11-24,35,453,Raw Materials,506,527.71,Day,0,0.05
15989,2024-11-24,7,229,Electronics,1253,487.65,Night,0,0.009
15990,2024-11-24,45,437,Raw Materials,1436,490.55,Night,0,0.108
15991,2024-11-24,3,630,Machinery,693,508.29,Day,0,0.087
15992,2024-11-24,4,261,Electronics,608,442.65,Night,0,0.047
15993,2024-11-24,30,360,Textiles,1157,1059.95,Night,1,0.938
15994,2024-11-24,45,381,Chemicals,702,486.18,Day,0,0.094
15995,2024-11-24,26,87,Textiles,692,459.76,Night,0,0.239
15996,2024-11-25,6,498,Machinery,1000,555.51,Day,0,0.158
15997,2024-11-25,3,419,Raw Materials,218,502.49,Night,0,0.185
15998,2024-11-25,4,439,Chemicals,1034,500.79,Night,0,0.188
15999,2024-11-25,27,534,Raw Materials,1078,493.08,Night,0,0.262
16000,2024-11-25,2,164,Textiles,886,637.9,Day,0,0.241
16001,2024-11-25,34,244,Chemicals,1270,496.89,Day,0,0.112
16002,2024-11-25,14,62,Vehicles,575,562.52,Day,0,0.048
16003,2024-11-25,24,500,Electronics,1277,558.61,Night,0,0.19
16004,2024-11-25,1,125,Chemicals,1087,511.99,Day,0,0.012
16005,2024-11-25,37,532,Textiles,1426,627.96,Day,0,0.274
16006,2024-11-25,8,302,Food,608,456.57,Day,0,0.067
16007,2024-11-25,4,573,Textiles,1083,535.17,Day,0,0.036
16008,2024-11-26,30,287,Raw Materials,1175,587.58,Night,0,0.243
16009,2024-11-26,17,494,Vehicles,1129,500.84,Night,0,0.083
16010,2024-11-26,12,459,Electronics,740,1675.21,Day,1,0.942
16011,2024-11-26,41,284,Chemicals,562,404.69,Day,0,0.235
16012,2024-11-26,14,436,Raw Materials,604,551.26,Night,0,0.111
16013,2024-11-26,27,590,Chemicals,253,568.66,Day,0,0.255
16014,2024-11-26,3,518,Machinery,706,542.51,Day,0,0.154
16015,2024-11-26,4,286,Chemicals,116,460.89,Night,0,0.111
16016,2024-11-27,38,519,Food,378,457.94,Night,0,0.155
16017,2024-11-27,10,481,Textiles,333,477.6,Night,0,0.224
16018,2024-11-27,5,326,Textiles,1160,461.15,Day,0,0.082
16019,2024-11-27,27,408,Machinery,1457,463.19,Day,0,0.07
16020,2024-11-27,41,307,Chemicals,263,569.49,Day,0,0.262
16021,2024-11-27,16,494,Chemicals,772,525.34,Night,0,0.149
16022,2024-11-27,41,567,Electronics,1011,529.92,Day,0,0.062
16023,2024-11-27,7,281,Chemicals,475,592.75,Night,0,0.012
16024,2024-11-27,6,301,Chemicals,207,484.09,Day,0,0.173
16025,2024-11-27,25,629,Textiles,735,1193.99,Night,1,0.728
16026,2024-11-27,15,201,Machinery,1013,521.54,Night,0,0.206
16027,2024-11-27,6,407,Raw Materials,1278,509.29,Night,0,0.218
16028,2024-11-28,26,560,Vehicles,1438,586.89,Night,0,0.091
16029,2024-11-28,44,58,Textiles,1041,572.02,Day,0,0.294
16030,2024-11-28,9,521,Machinery,400,449.05,Day,0,0.284
16031,2024-11-28,28,554,Food,200,592.82,Day,0,0.02
16032,2024-11-28,32,90,Vehicles,624,467.75,Night,0,0.195
16033,2024-11-28,21,369,Vehicles,854,495.08,Day,0,0.109
16034,2024-11-28,41,430,Electronics,925,515.74,Night,0,0.195
16035,2024-11-29,46,385,Electronics,212,539.9,Night,0,0.208
16036,2024-11-29,13,374,Electronics,296,409.16,Night,0,0.004
16037,2024-11-29,46,445,Machinery,1023,358.26,Night,0,0.045
16038,2024-11-29,19,173,Raw Materials,467,436.14,Night,0,0.067
16039,2024-11-29,33,402,Raw Materials,1296,473.22,Night,0,0.032
16040,2024-11-29,31,361,Textiles,336,462.49,Day,0,0.142
16041,2024-11-29,39,363,Chemicals,498,562.85,Day,0,0.281
16042,2024-11-29,40,335,Raw Materials,543,629.99,Day,0,0.049
16043,2024-11-29,11,631,Vehicles,1321,600.09,Day,0,0.027
16044,2024-11-29,16,554,Chemicals,824,457.66,Night,0,0.111
16045,2024-11-30,5,435,Machinery,941,518.74,Day,0,0.038
16046,2024-11-30,16,406,Electronics,782,522.75,Night,0,0.088
16047,2024-11-30,39,146,Electronics,204,480.88,Day,0,0.203
16048,2024-11-30,5,60,Food,1120,570.48,Night,0,0.163
16049,2024-11-30,13,539,Vehicles,1221,625.48,Night,0,0.174
16050,2024-11-30,46,238,Raw Materials,723,550.05,Day,0,0.022
16051,2024-11-30,24,49,Raw Materials,1195,484.41,Day,0,0.198
16052,2024-11-30,27,154,Food,705,483.59,Night,0,0.198
16053,2024-11-30,5,414,Chemicals,771,504.26,Day,0,0.189
16054,2024-11-30,25,377,Electronics,1412,609.27,Day,0,0.151
16055,2024-11-30,30,39,Food,156,515.97,Day,0,0.124
16056,2024-11-30,29,634,Textiles,745,570.83,Day,0,0.163
16057,2024-12-01,6,75,Raw Materials,156,1166.09,Night,1,0.776
16058,2024-12-01,36,599,Food,364,525.86,Night,0,0.127
16059,2024-12-01,39,385,Electronics,1441,497.22,Day,0,0.187
16060,2024-12-01,21,560,Vehicles,625,1439.87,Day,1,0.926
16061,2024-12-01,8,240,Raw Materials,484,421.97,Day,0,0.259
16062,2024-12-01,4,55,Food,385,520.28,Day,0,0.162
16063,2024-12-01,6,267,Textiles,246,454.65,Day,0,0.106
16064,2024-12-01,40,557,Textiles,913,441.9,Night,0,0.192
16065,2024-12-01,24,62,Textiles,1222,472.32,Day,0,0.23
16066,2024-12-01,14,432,Machinery,753,523.16,Day,0,0.218
16067,2024-12-01,23,617,Machinery,1371,577.57,Night,0,0.235
16068,2024-12-02,17,50,Vehicles,686,1238.77,Night,1,0.956
16069,2024-12-02,34,285,Textiles,454,525.73,Day,0,0.198
16070,2024-12-02,16,588,Vehicles,1057,563.7,Day,0,0.189
16071,2024-12-02,21,8,Machinery,1118,405.09,Day,0,0.098
16072,2024-12-02,42,234,Machinery,964,519.25,Day,0,0.062
16073,2024-12-02,35,282,Chemicals,1422,559.96,Night,0,0.201
16074,2024-12-02,22,284,Textiles,785,469.0,Day,0,0.092
16075,2024-12-02,33,514,Electronics,347,1172.78,Night,1,0.961
16076,2024-12-02,13,604,Electronics,1227,483.61,Day,0,0.141
16077,2024-12-02,3,253,Machinery,710,555.72,Day,0,0.251
16078,2024-12-02,12,572,Textiles,1386,496.4,Day,0,0.189
16079,2024-12-02,3,509,Textiles,487,466.9,Night,0,0.062
16080,2024-12-03,1,253,Textiles,1427,513.73,Night,0,0.134
16081,2024-12-03,2,620,Raw Materials,1358,446.78,Day,0,0.068
16082,2024-12-03,38,513,Raw Materials,359,1327.35,Night,1,0.972
16083,2024-12-03,18,493,Raw Materials,272,481.18,Night,0,0.052
16084,2024-12-03,10,166,Chemicals,196,514.3,Night,0,0.262
16085,2024-12-03,23,574,Electronics,1217,579.02,Day,0,0.157
16086,2024-12-03,33,189,Chemicals,1255,499.49,Night,0,0.28
16087,2024-12-03,36,111,Machinery,1235,557.4,Night,0,0.263
16088,2024-12-04,36,521,Raw Materials,1028,456.35,Day,0,0.248
16089,2024-12-04,28,382,Raw Materials,1121,460.43,Day,0,0.148
16090,2024-12-04,45,159,Raw Materials,1309,539.59,Day,0,0.048
16091,2024-12-04,31,8,Textiles,864,522.79,Night,0,0.219
16092,2024-12-04,7,270,Electronics,922,484.27,Day,0,0.231
16093,2024-12-04,28,540,Electronics,614,606.95,Day,0,0.216
16094,2024-12-04,36,209,Textiles,364,510.14,Day,0,0.136
16095,2024-12-04,14,32,Textiles,668,461.39,Day,0,0.072
16096,2024-12-04,46,282,Raw Materials,230,556.25,Day,0,0.104
16097,2024-12-05,7,373,Textiles,1350,525.03,Day,0,0.165
16098,2024-12-05,6,108,Machinery,891,493.59,Night,0,0.132
16099,2024-12-05,46,479,Machinery,1424,555.59,Night,0,0.04
16100,2024-12-05,37,133,Raw Materials,1070,574.77,Day,0,0.179
16101,2024-12-05,14,631,Electronics,544,608.86,Day,0,0.239
16102,2024-12-05,5,152,Vehicles,755,448.19,Night,0,0.065
16103,2024-12-05,44,473,Vehicles,377,452.7,Day,0,0.066
16104,2024-12-06,3,201,Food,667,541.66,Night,0,0.294
16105,2024-12-06,13,505,Raw Materials,803,490.37,Night,0,0.199
16106,2024-12-06,32,18,Textiles,843,424.79,Night,0,0.093
16107,2024-12-06,38,352,Vehicles,232,554.15,Night,0,0.187
16108,2024-12-06,42,613,Electronics,110,569.02,Night,0,0.016
16109,2024-12-06,3,172,Food,1232,454.94,Day,0,0.123
16110,2024-12-06,13,152,Machinery,116,572.11,Night,0,0.125
16111,2024-12-07,43,379,Textiles,868,467.47,Day,0,0.045
16112,2024-12-07,40,553,Vehicles,597,451.57,Night,0,0.253
16113,2024-12-07,6,406,Chemicals,1186,560.66,Night,0,0.272
16114,2024-12-07,7,251,Chemicals,768,537.46,Day,0,0.12
16115,2024-12-07,3,543,Food,1375,553.7,Day,0,0.221
16116,2024-12-07,3,615,Chemicals,1087,598.94,Night,0,0.126
16117,2024-12-07,36,300,Chemicals,1473,1115.89,Night,1,0.865
16118,2024-12-07,10,404,Machinery,582,611.97,Day,0,0.074
16119,2024-12-08,12,509,Vehicles,1123,455.17,Night,0,0.116
16120,2024-12-08,1,70,Raw Materials,379,508.09,Night,0,0.158
16121,2024-12-08,10,602,Electronics,580,559.27,Night,0,0.18
16122,2024-12-08,40,395,Electronics,1432,473.91,Night,0,0.12
16123,2024-12-08,15,374,Machinery,1222,442.2,Night,0,0.173
16124,2024-12-08,19,586,Chemicals,981,607.96,Day,0,0.273
16125,2024-12-08,4,152,Raw Materials,660,436.53,Night,0,0.097
16126,2024-12-08,9,464,Textiles,813,502.03,Day,0,0.207
16127,2024-12-08,34,398,Textiles,867,564.48,Day,0,0.287
16128,2024-12-08,45,268,Food,1052,445.07,Day,0,0.077
16129,2024-12-08,16,309,Electronics,365,557.09,Day,0,0.043
16130,2024-12-08,24,118,Food,339,622.14,Night,0,0.175
16131,2024-12-09,20,415,Chemicals,219,1108.12,Day,1,0.943
16132,2024-12-09,6,461,Chemicals,1239,444.71,Night,0,0.251
16133,2024-12-09,42,257,Textiles,984,539.74,Night,0,0.169
16134,2024-12-09,32,121,Chemicals,896,486.14,Day,0,0.187
16135,2024-12-09,44,93,Food,856,354.51,Day,0,0.115
16136,2024-12-09,30,11,Chemicals,1448,532.02,Day,0,0.027
16137,2024-12-09,37,515,Machinery,1011,513.71,Day,0,0.207
16138,2024-12-09,25,596,Chemicals,942,612.51,Day,0,0.247
16139,2024-12-09,9,539,Machinery,393,561.32,Day,0,0.262
16140,2024-12-09,45,290,Food,186,557.25,Night,0,0.27
16141,2024-12-09,16,433,Food,1440,567.6,Day,0,0.103
16142,2024-12-10,32,253,Chemicals,1245,489.76,Night,0,0.227
16143,2024-12-10,44,390,Food,230,494.6,Night,0,0.057
16144,2024-12-10,29,202,Textiles,246,475.47,Night,0,0.202
16145,2024-12-10,41,381,Machinery,1496,503.72,Night,0,0.067
16146,2024-12-10,3,562,Machinery,1175,511.31,Day,0,0.01
16147,2024-12-10,16,334,Vehicles,1473,531.65,Night,0,0.057
16148,2024-12-10,37,154,Raw Materials,1003,559.18,Night,0,0.112
16149,2024-12-10,46,328,Raw Materials,1136,546.59,Day,0,0.215
16150,2024-12-10,2,423,Raw Materials,269,466.37,Day,0,0.19
16151,2024-12-11,37,133,Electronics,315,446.52,Day,0,0.256
16152,2024-12-11,30,592,Food,1470,506.12,Day,0,0.086
16153,2024-12-11,34,535,Food,1365,624.37,Day,0,0.213
16154,2024-12-11,12,576,Food,1472,491.13,Day,0,0.288
16155,2024-12-11,29,153,Chemicals,1138,475.95,Day,0,0.044
16156,2024-12-11,39,603,Raw Materials,594,599.58,Night,0,0.133
16157,2024-12-11,25,130,Machinery,328,529.66,Night,0,0.233
16158,2024-12-11,44,150,Chemicals,502,562.01,Day,0,0.286
16159,2024-12-11,31,553,Raw Materials,1057,481.71,Night,0,0.05
16160,2024-12-11,5,11,Food,751,528.91,Night,0,0.028
16161,2024-12-11,16,578,Raw Materials,352,490.55,Night,0,0.064
16162,2024-12-11,31,136,Textiles,1456,445.02,Day,0,0.264
16163,2024-12-12,46,64,Machinery,845,337.53,Day,0,0.114
16164,2024-12-12,1,333,Machinery,414,504.9,Night,0,0.165
16165,2024-12-12,2,460,Chemicals,1156,525.03,Day,0,0.079
16166,2024-12-12,44,48,Electronics,1191,437.17,Night,0,0.042
16167,2024-12-12,11,130,Raw Materials,465,363.15,Night,0,0.034
16168,2024-12-12,36,195,Raw Materials,174,482.91,Day,0,0.078
16169,2024-12-12,20,157,Textiles,822,409.66,Day,0,0.155
16170,2024-12-12,3,495,Raw Materials,1409,444.8,Night,0,0.226
16171,2024-12-12,17,290,Machinery,443,531.14,Night,0,0.258
16172,2024-12-12,37,542,Textiles,102,528.1,Night,0,0.28
16173,2024-12-12,7,297,Textiles,805,500.15,Day,0,0.198
16174,2024-12-13,35,313,Vehicles,1197,498.48,Night,0,0.043
16175,2024-12-13,2,315,Electronics,1347,1590.24,Day,1,0.773
16176,2024-12-13,24,555,Food,380,444.95,Night,0,0.267
16177,2024-12-13,30,208,Raw Materials,337,468.03,Night,0,0.084
16178,2024-12-13,9,609,Chemicals,1097,491.49,Day,0,0.25
16179,2024-12-13,12,107,Chemicals,1469,532.71,Day,0,0.058
16180,2024-12-13,38,606,Food,386,433.13,Night,0,0.253
16181,2024-12-13,24,176,Food,227,410.1,Night,0,0.179
16182,2024-12-13,19,71,Textiles,1025,483.66,Night,0,0.012
16183,2024-12-13,9,81,Raw Materials,372,472.95,Day,0,0.221
16184,2024-12-14,21,379,Electronics,856,495.71,Day,0,0.173
16185,2024-12-14,34,244,Food,806,566.34,Night,0,0.12
16186,2024-12-14,40,398,Electronics,266,491.43,Night,0,0.179
16187,2024-12-14,15,591,Textiles,293,499.44,Day,0,0.048
16188,2024-12-14,30,280,Chemicals,189,1087.86,Day,1,0.797
16189,2024-12-14,20,615,Chemicals,417,576.17,Night,0,0.173
16190,2024-12-14,10,142,Machinery,1276,468.5,Day,0,0.141
16191,2024-12-14,33,213,Raw Materials,1080,531.66,Night,0,0.041
16192,2024-12-15,32,402,Vehicles,482,614.19,Day,0,0.243
16193,2024-12-15,1,451,Electronics,474,480.21,Night,0,0.124
16194,2024-12-15,46,151,Textiles,343,449.96,Night,0,0.056
16195,2024-12-15,25,581,Vehicles,718,399.3,Night,0,0.209
16196,2024-12-15,23,259,Textiles,623,480.68,Day,0,0.239
16197,2024-12-15,1,141,Textiles,381,448.18,Night,0,0.023
16198,2024-12-15,42,236,Food,1376,523.22,Night,0,0.278
16199,2024-12-15,6,354,Chemicals,496,488.87,Day,0,0.163
16200,2024-12-15,5,300,Raw Materials,651,517.45,Night,0,0.263
16201,2024-12-15,37,105,Chemicals,665,499.1,Day,0,0.226
16202,2024-12-15,26,80,Chemicals,1066,553.97,Day,0,0.109
16203,2024-12-16,18,326,Vehicles,707,521.51,Day,0,0.045
16204,2024-12-16,25,79,Food,118,485.25,Night,0,0.213
16205,2024-12-16,26,111,Vehicles,1211,539.49,Day,0,0.261
16206,2024-12-16,15,143,Raw Materials,746,467.24,Day,0,0.019
16207,2024-12-16,9,128,Textiles,1358,484.05,Night,0,0.203
16208,2024-12-16,3,528,Vehicles,556,469.25,Night,0,0.213
16209,2024-12-16,15,314,Machinery,755,1364.12,Night,1,0.921
16210,2024-12-17,38,176,Chemicals,1057,378.12,Night,0,0.204
16211,2024-12-17,45,242,Vehicles,512,549.95,Day,0,0.291
16212,2024-12-17,9,162,Vehicles,1126,518.44,Day,0,0.128
16213,2024-12-17,35,255,Raw Materials,833,522.45,Night,0,0.141
16214,2024-12-17,30,67,Vehicles,267,460.93,Day,0,0.082
16215,2024-12-17,42,500,Food,1491,457.24,Night,0,0.213
16216,2024-12-17,31,6,Vehicles,394,490.15,Day,0,0.266
16217,2024-12-17,46,567,Machinery,317,525.14,Day,0,0.263
16218,2024-12-17,42,365,Machinery,826,555.25,Day,0,0.198
16219,2024-12-18,4,301,Machinery,400,481.09,Day,0,0.062
16220,2024-12-18,24,467,Chemicals,505,588.31,Day,0,0.293
16221,2024-12-18,38,173,Textiles,761,483.01,Day,0,0.171
16222,2024-12-18,39,525,Raw Materials,1040,488.08,Night,0,0.252
16223,2024-12-18,9,612,Machinery,387,542.73,Day,0,0.091
16224,2024-12-18,34,46,Vehicles,442,512.03,Night,0,0.082
16225,2024-12-18,36,79,Chemicals,302,583.07,Night,0,0.068
16226,2024-12-18,39,284,Electronics,1428,501.39,Night,0,0.022
16227,2024-12-18,9,546,Vehicles,1460,584.34,Day,0,0.207
16228,2024-12-18,43,532,Chemicals,104,436.38,Day,0,0.239
16229,2024-12-18,14,559,Vehicles,397,540.6,Day,0,0.143
16230,2024-12-19,12,225,Electronics,727,1157.02,Day,1,0.951
16231,2024-12-19,5,590,Raw Materials,677,576.98,Day,0,0.097
16232,2024-12-19,34,89,Vehicles,858,437.88,Night,0,0.184
16233,2024-12-19,34,331,Machinery,459,409.52,Day,0,0.099
16234,2024-12-19,7,92,Vehicles,438,493.85,Day,0,0.011
16235,2024-12-19,22,384,Textiles,1100,473.51,Night,0,0.048
16236,2024-12-19,1,275,Food,1465,510.18,Night,0,0.046
16237,2024-12-19,40,483,Raw Materials,1195,506.53,Day,0,0.112
16238,2024-12-20,4,444,Textiles,1117,544.65,Night,0,0.007
16239,2024-12-20,34,93,Raw Materials,1186,434.85,Night,0,0.012
16240,2024-12-20,2,542,Food,1495,529.52,Day,0,0.272
16241,2024-12-20,14,409,Food,1239,497.77,Night,0,0.09
16242,2024-12-20,27,220,Textiles,1287,523.57,Day,0,0.129
16243,2024-12-20,15,241,Food,532,542.8,Night,0,0.26
16244,2024-12-20,13,576,Raw Materials,1234,512.96,Day,0,0.079
16245,2024-12-20,20,571,Vehicles,531,469.83,Day,0,0.102
16246,2024-12-20,46,217,Raw Materials,167,1148.54,Night,1,0.85
16247,2024-12-20,20,39,Textiles,284,519.72,Night,0,0.151
16248,2024-12-21,4,483,Machinery,369,582.23,Day,0,0.217
16249,2024-12-21,45,192,Raw Materials,616,476.94,Night,0,0.146
16250,2024-12-21,37,501,Chemicals,258,377.66,Day,0,0.086
16251,2024-12-21,6,341,Textiles,1375,529.71,Day,0,0.121
16252,2024-12-21,26,145,Machinery,1384,473.02,Night,0,0.167
16253,2024-12-21,16,358,Raw Materials,1336,630.23,Day,0,0.277
16254,2024-12-22,5,90,Textiles,984,606.33,Day,0,0.009
16255,2024-12-22,43,428,Textiles,540,495.45,Night,0,0.06
16256,2024-12-22,36,200,Machinery,107,431.97,Day,0,0.086
16257,2024-12-22,15,424,Textiles,820,482.5,Night,0,0.013
16258,2024-12-22,33,165,Raw Materials,1313,469.68,Day,0,0.167
16259,2024-12-22,23,466,Raw Materials,977,437.56,Night,0,0.127
16260,2024-12-22,17,365,Machinery,481,494.96,Night,0,0.056
16261,2024-12-22,40,147,Raw Materials,1341,425.59,Night,0,0.283
16262,2024-12-22,12,301,Electronics,350,517.98,Day,0,0.272
16263,2024-12-22,22,127,Chemicals,1444,519.8,Day,0,0.079
16264,2024-12-22,4,502,Raw Materials,209,545.57,Night,0,0.059
16265,2024-12-23,10,305,Vehicles,1306,539.67,Night,0,0.164
16266,2024-12-23,32,343,Textiles,1095,476.64,Day,0,0.125
16267,2024-12-23,10,181,Electronics,857,464.01,Night,0,0.055
16268,2024-12-23,33,307,Food,821,511.14,Night,0,0.184
16269,2024-12-23,24,96,Electronics,284,533.22,Day,0,0.203
16270,2024-12-23,16,372,Chemicals,1397,493.42,Night,0,0.099
16271,2024-12-24,45,79,Machinery,1449,459.7,Day,0,0.003
16272,2024-12-24,19,380,Electronics,800,479.4,Day,0,0.207
16273,2024-12-24,6,615,Vehicles,719,446.6,Day,0,0.208
16274,2024-12-24,2,278,Chemicals,228,498.31,Night,0,0.262
16275,2024-12-24,22,119,Food,174,404.64,Night,0,0.004
16276,2024-12-24,4,64,Raw Materials,168,557.97,Day,0,0.188
16277,2024-12-24,12,137,Food,264,487.0,Night,0,0.286
16278,2024-12-24,6,368,Textiles,877,483.47,Day,0,0.253
16279,2024-12-24,14,427,Machinery,999,432.03,Night,0,0.279
16280,2024-12-24,3,370,Machinery,1169,568.66,Night,0,0.283
16281,2024-12-25,7,551,Machinery,1176,581.42,Night,0,0.237
16282,2024-12-25,6,631,Electronics,1115,547.06,Night,0,0.115
16283,2024-12-25,3,483,Raw Materials,258,481.97,Night,0,0.087
16284,2024-12-25,41,158,Textiles,1038,394.36,Night,0,0.17
16285,2024-12-25,19,123,Textiles,1191,446.67,Day,0,0.028
16286,2024-12-25,12,108,Textiles,1204,518.16,Day,0,0.092
16287,2024-12-25,45,380,Electronics,1019,587.56,Day,0,0.147
16288,2024-12-26,19,264,Vehicles,226,1105.6,Day,1,0.745
16289,2024-12-26,9,150,Food,799,489.05,Night,0,0.113
16290,2024-12-26,37,154,Textiles,1118,439.42,Day,0,0.274
16291,2024-12-26,6,199,Machinery,1070,536.93,Day,0,0.109
16292,2024-12-26,42,114,Raw Materials,1435,525.98,Day,0,0.23
16293,2024-12-26,11,329,Vehicles,1208,510.76,Night,0,0.076
16294,2024-12-26,36,321,Food,375,428.46,Day,0,0.23
16295,2024-12-26,12,429,Textiles,515,547.74,Day,0,0.181
16296,2024-12-26,14,307,Food,812,530.39,Day,0,0.205
16297,2024-12-26,4,329,Chemicals,1330,558.72,Day,0,0.17
16298,2024-12-26,39,10,Vehicles,1000,566.96,Day,0,0.294
16299,2024-12-27,3,203,Machinery,169,493.39,Day,0,0.298
16300,2024-12-27,45,305,Raw Materials,921,408.24,Night,0,0.23
16301,2024-12-27,9,591,Vehicles,389,489.03,Night,0,0.023
16302,2024-12-27,35,386,Machinery,477,508.54,Day,0,0.119
16303,2024-12-27,18,567,Food,133,453.76,Day,0,0.112
16304,2024-12-27,36,270,Machinery,295,506.38,Night,0,0.2
16305,2024-12-27,31,72,Machinery,100,409.94,Night,0,0.137
16306,2024-12-27,9,10,Electronics,1287,513.19,Night,0,0.233
16307,2024-12-28,4,65,Raw Materials,105,529.51,Day,0,0.16
16308,2024-12-28,34,495,Machinery,225,410.77,Night,0,0.111
16309,2024-12-28,1,170,Raw Materials,1144,441.77,Night,0,0.192
16310,2024-12-28,35,268,Chemicals,649,452.12,Night,0,0.153
16311,2024-12-28,35,198,Chemicals,545,488.52,Night,0,0.247
16312,2024-12-28,14,98,Raw Materials,688,456.62,Night,0,0.069
16313,2024-12-29,39,413,Machinery,839,496.35,Night,0,0.233
16314,2024-12-29,42,599,Raw Materials,1386,1108.05,Day,1,0.742
16315,2024-12-29,41,189,Raw Materials,759,425.53,Night,0,0.101
16316,2024-12-29,15,180,Food,1252,486.34,Night,0,0.244
16317,2024-12-29,11,431,Machinery,417,579.82,Night,0,0.149
16318,2024-12-29,23,270,Textiles,856,533.77,Night,0,0.047
16319,2024-12-29,17,492,Textiles,720,1697.38,Night,1,0.889
16320,2024-12-29,37,383,Chemicals,286,573.54,Night,0,0.046
16321,2024-12-29,9,580,Textiles,809,491.89,Night,0,0.124
16322,2024-12-30,15,225,Machinery,1207,491.14,Night,0,0.259
16323,2024-12-30,14,204,Chemicals,1011,553.59,Night,0,0.164
16324,2024-12-30,5,17,Vehicles,541,493.67,Night,0,0.109
16325,2024-12-30,5,127,Textiles,1196,424.87,Night,0,0.292
16326,2024-12-30,2,624,Machinery,1385,474.73,Night,0,0.073
16327,2024-12-30,28,197,Vehicles,400,435.61,Night,0,0.198
16328,2024-12-30,27,24,Machinery,618,595.96,Day,0,0.174
16329,2024-12-30,11,462,Chemicals,368,544.71,Day,0,0.272
16330,2024-12-30,17,181,Vehicles,996,510.25,Day,0,0.106
16331,2024-12-30,11,592,Electronics,1283,558.36,Day,0,0.28
16332,2024-12-30,17,458,Machinery,870,512.86,Night,0,0.282
16333,2024-12-30,33,479,Vehicles,1265,522.33,Day,0,0.251
16334,2024-12-31,17,564,Textiles,133,561.33,Day,0,0.15
16335,2024-12-31,28,172,Textiles,1258,538.04,Day,0,0.143
16336,2024-12-31,45,209,Textiles,1198,523.88,Day,0,0.049
16337,2024-12-31,5,167,Textiles,599,2074.31,Day,1,0.948
16338,2024-12-31,42,327,Vehicles,640,505.59,Night,0,0.23
16339,2024-12-31,10,540,Vehicles,374,561.19,Night,0,0.252
16340,2024-12-31,11,626,Vehicles,131,469.34,Day,0,0.0
16341,2024-12-31,10,223,Chemicals,1436,479.34,Day,0,0.161
